url_length,num_dots,num_slashes,num_hyphens,has_https,has_ip,kw_login,kw_verify,kw_update,kw_secure,kw_account,subdomain_count,domain_length,tld_length,has_at_symbol,double_slash,consecutive_digits,special_chars_count,has_port,redirect_indicator,query_params_count,form_action,external_links,embedded_objects,javascript_indicators,suspicious_tld,punycode_present,extra_slashes,long_domain,percent_encoding,mixed_http_https,label
22,2,2,0,1,0,0,0,0,0,0,1,14,3,0,1,0,0,0,0,0,0,0,0,0,0,0,0,0,0,0,0
21,2,2,0,1,0,0,0,0,0,0,1,13,2,0,1,0,0,0,0,0,0,0,0,0,0,0,0,0,0,0,0
25,2,2,0,1,0,0,0,0,0,0,1,17,3,0,1,0,0,0,0,0,0,0,0,0,0,0,0,0,0,0,0
19,2,2,0,1,0,0,0,0,0,0,1,11,3,0,1,0,0,0,0,0,0,0,0,0,0,0,0,0,0,0,0
22,2,2,0,1,0,0,0,0,0,0,1,14,3,0,1,0,0,0,0,0,0,0,0,0,0,0,0,0,0,0,0
23,2,2,0,1,0,0,0,0,0,0,1,15,3,0,1,0,0,0,0,0,0,0,0,0,0,0,0,0,0,0,0
23,2,2,0,1,0,0,0,0,0,0,1,15,3,0,1,0,0,0,0,0,0,0,0,0,0,0,0,0,0,0,0
24,2,2,0,1,0,0,0,0,0,0,1,16,3,0,1,0,0,0,0,0,0,0,0,0,0,0,0,0,0,0,0
25,2,2,0,1,0,0,0,0,0,0,1,17,3,0,1,0,0,0,0,0,0,0,0,0,0,0,0,0,0,0,0
17,2,2,0,1,0,0,0,0,0,0,1,9,3,0,1,0,0,0,0,0,0,0,0,0,0,0,0,0,0,0,0
22,2,2,0,1,0,0,0,0,0,0,1,14,3,0,1,0,0,0,0,0,0,0,0,0,0,0,0,0,0,0,0
20,2,2,0,1,0,0,0,0,0,0,1,12,3,0,1,0,0,0,0,0,0,0,0,0,0,0,0,0,0,0,0
26,2,2,0,1,0,0,0,0,0,0,1,18,3,0,1,0,0,0,0,0,0,0,0,0,0,0,0,0,0,0,0
21,2,2,0,1,0,0,0,0,0,0,1,13,3,0,1,0,0,0,0,0,0,0,0,0,0,0,0,0,0,0,0
24,2,2,0,1,0,0,0,0,0,0,1,16,3,0,1,0,0,0,0,0,0,0,0,0,0,0,0,0,0,0,0
23,2,2,0,1,0,0,0,0,0,0,1,15,3,0,1,0,0,0,0,0,0,0,0,0,0,0,0,0,0,0,0
25,2,2,0,1,0,0,0,0,0,0,1,17,3,0,1,0,0,0,0,0,0,0,0,0,0,0,0,0,0,0,0
21,2,2,0,1,0,0,0,0,0,0,1,13,3,0,1,0,0,0,0,0,0,0,0,0,0,0,0,0,0,0,0
20,2,2,0,1,0,0,0,0,0,0,1,12,3,0,1,0,0,0,0,0,0,0,0,0,0,0,0,0,0,0,0
23,2,2,0,1,0,0,0,0,0,0,1,15,3,0,1,0,0,0,0,0,0,0,0,0,0,0,0,0,0,0,0
26,2,2,0,1,0,0,0,0,0,0,1,18,3,0,1,0,0,0,0,0,0,0,0,0,0,0,0,0,0,0,0
20,2,2,0,1,0,0,0,0,0,0,1,12,3,0,1,0,0,0,0,0,0,0,0,0,0,0,0,0,0,0,0
24,2,2,0,1,0,0,0,0,0,0,1,16,3,0,1,0,0,0,0,0,0,0,0,0,0,0,0,0,0,0,0
22,2,2,0,1,0,0,0,0,0,0,1,14,3,0,1,0,0,0,0,0,0,0,0,0,0,0,0,0,0,0,0
25,2,2,0,1,0,0,0,0,0,0,1,17,3,0,1,0,0,0,0,0,0,0,0,0,0,0,0,0,0,0,0
20,2,2,0,1,0,0,0,0,0,0,1,12,3,0,1,0,0,0,0,0,0,0,0,0,0,0,0,0,0,0,0
22,2,2,0,1,0,0,0,0,0,0,1,14,3,0,1,0,0,0,0,0,0,0,0,0,0,0,0,0,0,0,0
23,2,2,0,1,0,0,0,0,0,0,1,15,3,0,1,0,0,0,0,0,0,0,0,0,0,0,0,0,0,0,0
21,2,2,0,1,0,0,0,0,0,0,1,13,3,0,1,0,0,0,0,0,0,0,0,0,0,0,0,0,0,0,0
25,3,2,0,1,0,0,0,0,0,0,2,17,3,0,1,0,0,0,0,0,0,0,0,0,0,0,0,0,0,0,0
25,2,2,0,1,0,0,0,0,0,0,1,17,3,0,1,0,0,0,0,0,0,0,0,0,0,0,0,0,0,0,0
22,2,2,0,1,0,0,0,0,0,0,1,14,3,0,1,0,0,0,0,0,0,0,0,0,0,0,0,0,0,0,0
22,2,2,0,1,0,0,0,0,0,0,1,14,3,0,1,0,0,0,0,0,0,0,0,0,0,0,0,0,0,0,0
21,2,2,0,1,0,0,0,0,0,0,1,13,3,0,1,0,0,0,0,0,0,0,0,0,0,0,0,0,0,0,0
21,2,2,0,1,0,0,0,0,0,0,1,13,3,0,1,0,0,0,0,0,0,0,0,0,0,0,0,0,0,0,0
23,2,2,0,1,0,0,0,0,0,0,1,15,3,0,1,0,0,0,0,0,0,0,0,0,0,0,0,0,0,0,0
21,2,2,0,1,0,0,0,0,0,0,1,13,2,0,1,0,0,0,0,0,0,0,0,0,0,0,0,0,0,0,0
25,2,2,0,1,0,0,0,0,0,0,1,17,3,0,1,0,0,0,0,0,0,0,0,0,0,0,0,0,0,0,0
21,2,2,0,1,0,0,0,0,0,0,1,13,3,0,1,0,0,0,0,0,0,0,0,0,0,0,0,0,0,0,0
29,2,2,0,1,0,0,0,0,0,0,1,21,3,0,1,0,0,0,0,0,0,0,0,0,0,0,0,0,0,0,0
22,2,2,0,1,0,0,0,0,0,0,1,14,3,0,1,0,0,0,0,0,0,0,0,0,0,0,0,0,0,0,0
23,2,2,0,1,0,0,0,0,0,0,1,15,3,0,1,0,0,0,0,0,0,0,0,0,0,0,0,0,0,0,0
19,2,2,0,1,0,0,0,0,0,0,1,11,2,0,1,0,0,0,0,0,0,0,0,0,0,0,0,0,0,0,0
21,2,2,0,1,0,0,0,0,0,0,1,13,3,0,1,0,0,0,0,0,0,0,0,0,0,0,0,0,0,0,0
23,2,2,0,1,0,0,0,0,0,0,1,15,3,0,1,0,0,0,0,0,0,0,0,0,0,0,0,0,0,0,0
21,2,2,0,1,0,0,0,0,0,0,1,13,2,0,1,0,0,0,0,0,0,0,0,0,0,0,0,0,0,0,0
22,2,2,0,1,0,0,0,0,0,0,1,14,3,0,1,0,0,0,0,0,0,0,0,0,0,0,0,0,0,0,0
21,2,2,0,1,0,0,0,0,0,0,1,13,3,0,1,0,0,0,0,0,0,0,0,0,0,0,0,0,0,0,0
21,2,2,0,1,0,0,0,0,0,0,1,13,3,0,1,0,0,0,0,0,0,0,0,0,0,0,0,0,0,0,0
25,2,2,0,1,0,0,0,0,0,0,1,17,3,0,1,0,0,0,0,0,0,0,0,0,0,0,0,0,0,0,0
22,2,2,0,1,0,0,0,0,0,0,1,14,3,0,1,0,0,0,0,0,0,0,0,0,0,0,0,0,0,0,0
22,2,2,0,1,0,0,0,0,0,0,1,14,3,0,1,0,0,0,0,0,0,0,0,0,0,0,0,0,0,0,0
22,2,2,0,1,0,0,0,0,0,0,1,14,3,0,1,0,0,0,0,0,0,0,0,0,0,0,0,0,0,0,0
23,2,2,0,1,0,0,0,0,0,0,1,15,3,0,1,0,0,0,0,0,0,0,0,0,0,0,0,0,0,0,0
22,2,2,0,1,0,0,0,0,0,0,1,14,3,0,1,0,0,0,0,0,0,0,0,0,0,0,0,0,0,0,0
28,2,2,0,1,0,0,0,0,0,0,1,20,3,0,1,0,0,0,0,0,0,0,0,0,0,0,0,0,0,0,0
26,3,2,0,1,0,0,0,0,0,0,2,18,3,0,1,0,0,0,0,0,0,0,0,0,0,0,0,0,0,0,0
31,3,2,0,1,0,0,0,0,0,0,2,23,3,0,1,0,0,0,0,0,0,0,0,0,0,0,0,0,0,0,0
28,3,2,0,1,0,0,0,0,0,0,2,20,3,0,1,0,0,0,0,0,0,0,0,0,0,0,0,0,0,0,0
26,2,2,0,1,0,0,0,0,0,0,1,18,3,0,1,0,0,0,0,0,0,0,0,0,0,0,0,0,0,0,0
23,2,2,0,1,0,0,0,0,0,0,1,15,3,0,1,0,0,0,0,0,0,0,0,0,0,0,0,0,0,0,0
25,2,2,0,1,0,0,0,0,0,0,1,17,3,0,1,0,0,0,0,0,0,0,0,0,0,0,0,0,0,0,0
19,2,2,0,1,0,0,0,0,0,0,1,11,3,0,1,0,0,0,0,0,0,0,0,0,0,0,0,0,0,0,0
27,2,2,0,1,0,0,0,0,0,0,1,19,3,0,1,0,0,0,0,0,0,0,0,0,0,0,0,0,0,0,0
23,2,2,0,1,0,0,0,0,0,0,1,15,3,0,1,0,0,0,0,0,0,0,0,0,0,0,0,0,0,0,0
25,2,2,0,1,0,0,0,0,0,0,1,17,3,0,1,0,0,0,0,0,0,0,0,0,0,0,0,0,0,0,0
23,2,2,0,1,0,0,0,0,0,0,1,15,3,0,1,0,0,0,0,0,0,0,0,0,0,0,0,0,0,0,0
22,2,2,0,1,0,0,0,0,0,0,1,14,3,0,1,0,0,0,0,0,0,0,0,0,0,0,0,0,0,0,0
20,2,2,0,1,0,0,0,0,0,0,1,12,3,0,1,0,0,0,0,0,0,0,0,0,0,0,0,0,0,0,0
22,2,2,0,1,0,0,0,0,0,0,1,14,3,0,1,0,0,0,0,0,0,0,0,0,0,0,0,0,0,0,0
23,2,2,0,1,0,0,0,0,0,0,1,15,3,0,1,0,0,0,0,0,0,0,0,0,0,0,0,0,0,0,0
25,2,2,0,1,0,0,0,0,0,0,1,17,3,0,1,0,0,0,0,0,0,0,0,0,0,0,0,0,0,0,0
20,2,2,0,1,0,0,0,0,0,0,1,12,3,0,1,0,0,0,0,0,0,0,0,0,0,0,0,0,0,0,0
20,2,2,0,1,0,0,0,0,0,0,1,12,3,0,1,0,0,0,0,0,0,0,0,0,0,0,0,0,0,0,0
20,2,2,0,1,0,0,0,0,0,0,1,12,3,0,1,0,0,0,0,0,0,0,0,0,0,0,0,0,0,0,0
19,2,2,0,1,0,0,0,0,0,0,1,11,3,0,1,0,1,0,0,0,0,0,0,0,0,0,0,0,0,0,0
21,2,2,0,1,0,0,0,0,0,0,1,13,3,0,1,0,0,0,0,0,0,0,0,0,0,0,0,0,0,0,0
23,2,2,0,1,0,0,0,0,0,0,1,15,3,0,1,0,0,0,0,0,0,0,0,0,0,0,0,0,0,0,0
22,2,2,0,1,0,0,0,0,0,0,1,14,3,0,1,0,0,0,0,0,0,0,0,0,0,0,0,0,0,0,0
27,2,2,0,1,0,0,0,0,0,0,1,19,3,0,1,0,0,0,0,0,0,0,0,0,0,0,0,0,0,0,0
23,2,2,0,1,0,0,0,0,0,0,1,15,3,0,1,0,0,0,0,0,0,0,0,0,0,0,0,0,0,0,0
19,2,2,0,1,0,0,0,0,0,0,1,11,3,0,1,0,0,0,0,0,0,0,0,0,0,0,0,0,0,0,0
23,2,2,0,1,0,0,0,0,0,0,1,15,3,0,1,0,0,0,0,0,0,0,0,0,0,0,0,0,0,0,0
27,2,2,0,1,0,0,0,0,0,0,1,19,3,0,1,0,0,0,0,0,0,0,0,0,0,0,0,0,0,0,0
22,2,2,0,1,0,0,0,0,0,0,1,14,3,0,1,0,0,0,0,0,0,0,0,0,0,0,0,0,0,0,0
25,2,2,0,1,0,0,0,0,0,0,1,17,3,0,1,0,0,0,0,0,0,0,0,0,0,0,0,0,0,0,0
23,2,2,0,1,0,0,0,0,0,0,1,15,3,0,1,0,0,0,0,0,0,0,0,0,0,0,0,0,0,0,0
25,2,2,0,1,0,0,0,0,0,0,1,17,3,0,1,0,0,0,0,0,0,0,0,0,0,0,0,0,0,0,0
20,2,2,0,1,0,0,0,0,0,0,1,12,3,0,1,0,0,0,0,0,0,0,0,0,0,0,0,0,0,0,0
28,2,2,0,1,0,0,0,0,0,0,1,20,3,0,1,0,0,0,0,0,0,0,0,0,0,0,0,0,0,0,0
21,2,2,0,1,0,0,0,0,0,0,1,13,2,0,1,0,0,0,0,0,0,0,0,0,0,0,0,0,0,0,0
29,3,2,0,1,0,0,0,0,0,0,2,21,3,0,1,0,0,0,0,0,0,0,0,0,0,0,0,0,0,0,0
26,2,2,0,1,0,0,0,0,0,0,1,18,3,0,1,0,0,0,0,0,0,0,0,0,0,0,0,0,0,0,0
26,2,2,0,1,0,0,0,0,0,0,1,18,2,0,1,0,0,0,0,0,0,0,0,0,0,0,0,0,0,0,0
22,2,2,0,1,0,0,0,0,0,0,1,14,3,0,1,0,0,0,0,0,0,0,0,0,0,0,0,0,0,0,0
25,2,2,0,1,0,0,0,0,0,0,1,17,3,0,1,0,0,0,0,0,0,0,0,0,0,0,0,0,0,0,0
24,2,2,0,1,0,0,0,0,0,0,1,16,3,0,1,0,0,0,0,0,0,0,0,0,0,0,0,0,0,0,0
21,2,2,0,1,0,0,0,0,0,0,1,13,3,0,1,0,0,0,0,0,0,0,0,0,0,0,0,0,0,0,0
27,2,2,0,1,0,0,0,0,0,0,1,19,3,0,1,0,0,0,0,0,0,0,0,0,0,0,0,0,0,0,0
19,2,2,0,1,0,0,0,0,0,0,1,11,3,0,1,0,0,0,0,0,0,0,0,0,0,0,0,0,0,0,0
19,2,2,0,1,0,0,0,0,0,0,1,11,3,0,1,0,0,0,0,0,0,0,0,0,0,0,0,0,0,0,0
26,2,2,0,1,0,0,0,0,0,0,1,18,3,0,1,0,0,0,0,0,0,0,0,0,0,0,0,0,0,0,0
24,2,2,0,1,0,0,0,0,0,0,1,16,3,0,1,0,0,0,0,0,0,0,0,0,0,0,0,0,0,0,0
28,2,2,0,1,0,0,0,0,0,0,1,20,3,0,1,0,0,0,0,0,0,0,0,0,0,0,0,0,0,0,0
20,2,2,0,1,0,0,0,0,0,0,1,12,3,0,1,0,0,0,0,0,0,0,0,0,0,0,0,0,0,0,0
19,2,2,0,1,0,0,0,0,0,0,1,11,3,0,1,0,0,0,0,0,0,0,0,0,0,0,0,0,0,0,0
20,2,2,0,1,0,0,0,0,0,0,1,12,3,0,1,0,0,0,0,0,0,0,0,0,0,0,0,0,0,0,0
19,2,2,0,1,0,0,0,0,0,0,1,11,3,0,1,0,0,0,0,0,0,0,0,0,0,0,0,0,0,0,0
19,2,2,0,1,0,0,0,0,0,0,1,11,3,0,1,0,0,0,0,0,0,0,0,0,0,0,0,0,0,0,0
21,2,2,0,1,0,0,0,0,0,0,1,13,3,0,1,0,0,0,0,0,0,0,0,0,0,0,0,0,0,0,0
24,2,2,0,1,0,0,0,0,0,0,1,16,3,0,1,0,0,0,0,0,0,0,0,0,0,0,0,0,0,0,0
23,2,2,0,1,0,0,0,0,0,0,1,15,3,0,1,0,0,0,0,0,0,0,0,0,0,0,0,0,0,0,0
23,2,2,0,1,0,0,0,0,0,0,1,15,3,0,1,0,0,0,0,0,0,0,0,0,0,0,0,0,0,0,0
24,2,2,0,1,0,0,0,0,0,0,1,16,3,0,1,0,0,0,0,0,0,0,0,0,0,0,0,0,0,0,0
20,2,2,0,1,0,0,0,0,0,0,1,12,3,0,1,0,0,0,0,0,0,0,0,0,0,0,0,0,0,0,0
24,2,2,0,1,0,0,0,0,0,0,1,16,3,0,1,0,0,0,0,0,0,0,0,0,0,0,0,0,0,0,0
19,2,2,0,1,0,0,0,0,0,0,1,11,3,0,1,0,0,0,0,0,0,0,0,0,0,0,0,0,0,0,0
19,2,2,0,1,0,0,0,0,0,0,1,11,3,0,1,0,0,0,0,0,0,0,0,0,0,0,0,0,0,0,0
19,2,2,0,1,0,0,0,0,0,0,1,11,3,0,1,0,0,0,0,0,0,0,0,0,0,0,0,0,0,0,0
30,2,2,0,1,0,0,0,0,0,0,1,22,3,0,1,0,0,0,0,0,0,0,0,0,0,0,0,0,0,0,0
22,2,2,0,1,0,0,0,0,0,0,1,14,3,0,1,0,0,0,0,0,0,0,0,0,0,0,0,0,0,0,0
18,2,2,0,1,0,0,0,0,0,0,1,10,3,0,1,0,0,0,0,0,0,0,0,0,0,0,0,0,0,0,0
18,2,2,0,1,0,0,0,0,0,0,1,10,3,0,1,0,0,0,0,0,0,0,0,0,0,0,0,0,0,0,0
19,2,2,0,1,0,0,0,0,0,0,1,11,3,0,1,0,0,0,0,0,0,0,0,0,0,0,0,0,0,0,0
19,2,2,0,1,0,0,0,0,0,0,1,11,3,0,1,0,0,0,0,0,0,0,0,0,0,0,0,0,0,0,0
19,2,2,0,1,0,0,0,0,0,0,1,11,3,0,1,0,0,0,0,0,0,0,0,0,0,0,0,0,0,0,0
19,2,2,0,1,0,0,0,0,0,0,1,11,3,0,1,0,0,0,0,0,0,0,0,0,0,0,0,0,0,0,0
19,2,2,0,1,0,0,0,0,0,0,1,11,3,0,1,0,0,0,0,0,0,0,0,0,0,0,0,0,0,0,0
19,2,2,0,1,0,0,0,0,0,0,1,11,3,0,1,0,0,0,0,0,0,0,0,0,0,0,0,0,0,0,0
19,2,2,0,1,0,0,0,0,0,0,1,11,3,0,1,0,0,0,0,0,0,0,0,0,0,0,0,0,0,0,0
19,2,2,0,1,0,0,0,0,0,0,1,11,3,0,1,0,0,0,0,0,0,0,0,0,0,0,0,0,0,0,0
19,2,2,0,1,0,0,0,0,0,0,1,11,3,0,1,0,0,0,0,0,0,0,0,0,0,0,0,0,0,0,0
19,2,2,0,1,0,0,0,0,0,0,1,11,3,0,1,0,0,0,0,0,0,0,0,0,0,0,0,0,0,0,0
20,2,2,0,1,0,0,0,0,0,0,1,12,3,0,1,0,0,0,0,0,0,0,0,0,0,0,0,0,0,0,0
22,2,2,0,1,0,0,0,0,0,0,1,14,3,0,1,0,0,0,0,0,0,0,0,0,0,0,0,0,0,0,0
19,2,2,0,1,0,0,0,0,0,0,1,11,3,0,1,0,0,0,0,0,0,0,0,0,0,0,0,0,0,0,0
26,2,2,0,1,0,0,0,0,0,0,1,18,3,0,1,0,0,0,0,0,0,0,0,0,0,0,0,0,0,0,0
24,2,2,0,1,0,0,0,0,0,0,1,16,3,0,1,0,0,0,0,0,0,0,0,0,0,0,0,0,0,0,0
19,2,2,0,1,0,0,0,0,0,0,1,11,3,0,1,0,0,0,0,0,0,0,0,0,0,0,0,0,0,0,0
18,2,2,0,1,0,0,0,0,0,0,1,10,3,0,1,0,0,0,0,0,0,0,0,0,0,0,0,0,0,0,0
19,2,2,0,1,0,0,0,0,0,0,1,11,3,0,1,0,0,0,0,0,0,0,0,0,0,0,0,0,0,0,0
20,2,2,0,1,0,0,0,0,0,0,1,12,3,0,1,0,0,0,0,0,0,0,0,0,0,0,0,0,0,0,0
19,2,2,0,1,0,0,0,0,0,0,1,11,3,0,1,0,0,0,0,0,0,0,0,0,0,0,0,0,0,0,0
19,2,2,0,1,0,0,0,0,0,0,1,11,3,0,1,0,0,0,0,0,0,0,0,0,0,0,0,0,0,0,0
19,2,2,0,1,0,0,0,0,0,0,1,11,3,0,1,0,0,0,0,0,0,0,0,0,0,0,0,0,0,0,0
24,2,2,0,1,0,0,0,0,0,0,1,16,3,0,1,0,0,0,0,0,0,0,0,0,0,0,0,0,0,0,0
24,2,2,0,1,0,0,0,0,0,0,1,16,3,0,1,0,0,0,0,0,0,0,0,0,0,0,0,0,0,0,0
22,2,2,0,1,0,0,0,0,0,0,1,14,3,0,1,0,0,0,0,0,0,0,0,0,0,0,0,0,0,0,0
23,2,2,0,1,0,0,0,0,0,0,1,15,3,0,1,0,0,0,0,0,0,0,0,0,0,0,0,0,0,0,0
21,2,2,0,1,0,0,0,0,0,0,1,13,3,0,1,0,0,0,0,0,0,0,0,0,0,0,0,0,0,0,0
18,2,2,0,1,0,0,0,0,0,0,1,10,3,0,1,0,0,0,0,0,0,0,0,0,0,0,0,0,0,0,0
18,2,2,0,1,0,0,0,0,0,0,1,10,3,0,1,0,0,0,0,0,0,0,0,0,0,0,0,0,0,0,0
21,2,2,0,1,0,0,0,0,0,0,1,13,3,0,1,0,0,0,0,0,0,0,0,0,0,0,0,0,0,0,0
23,2,2,0,1,0,0,0,0,0,0,1,15,3,0,1,0,0,0,0,0,0,0,0,0,0,0,0,0,0,0,0
24,2,2,0,1,0,0,0,0,0,0,1,16,3,0,1,0,0,0,0,0,0,0,0,0,0,0,0,0,0,0,0
18,2,2,0,1,0,0,0,0,0,0,1,10,3,0,1,0,0,0,0,0,0,0,0,0,0,0,0,0,0,0,0
20,2,2,0,1,0,0,0,0,0,0,1,12,3,0,1,0,0,0,0,0,0,0,0,0,0,0,0,0,0,0,0
23,2,2,0,1,0,0,0,0,0,0,1,15,3,0,1,0,0,0,0,0,0,0,0,0,0,0,0,0,0,0,0
24,2,2,0,1,0,0,0,0,0,0,1,16,3,0,1,0,0,0,0,0,0,0,0,0,0,0,0,0,0,0,0
18,2,2,0,1,0,0,0,0,0,0,1,10,3,0,1,0,0,0,0,0,0,0,0,0,0,0,0,0,0,0,0
23,2,2,0,1,0,0,0,0,0,0,1,15,3,0,1,0,0,0,0,0,0,0,0,0,0,0,0,0,0,0,0
24,2,2,0,1,0,0,0,0,0,0,1,16,3,0,1,0,0,0,0,0,0,0,0,0,0,0,0,0,0,0,0
19,2,2,0,1,0,0,0,0,0,0,1,11,3,0,1,0,0,0,0,0,0,0,0,0,0,0,0,0,0,0,0
20,2,2,0,1,0,0,0,0,0,0,1,12,3,0,1,0,0,0,0,0,0,0,0,0,0,0,0,0,0,0,0
25,2,2,0,1,0,0,0,0,0,0,1,17,3,0,1,0,0,0,0,0,0,0,0,0,0,0,0,0,0,0,0
24,2,2,0,1,0,0,0,0,0,0,1,16,3,0,1,0,0,0,0,0,0,0,0,0,0,0,0,0,0,0,0
23,2,2,0,1,0,0,0,0,0,0,1,15,3,0,1,0,0,0,0,0,0,0,0,0,0,0,0,0,0,0,0
21,2,2,0,1,0,0,0,0,0,0,1,13,3,0,1,0,0,0,0,0,0,0,0,0,0,0,0,0,0,0,0
24,2,2,0,1,0,0,0,0,0,0,1,16,3,0,1,0,0,0,0,0,0,0,0,0,0,0,0,0,0,0,0
24,2,2,0,1,0,0,0,0,0,0,1,16,3,0,1,0,0,0,0,0,0,0,0,0,0,0,0,0,0,0,0
20,2,2,0,1,0,0,0,0,0,0,1,12,3,0,1,0,0,0,0,0,0,0,0,0,0,0,0,0,0,0,0
21,2,2,0,1,0,0,0,0,0,0,1,13,3,0,1,0,0,0,0,0,0,0,0,0,0,0,0,0,0,0,0
19,2,2,0,1,0,0,0,0,0,0,1,11,3,0,1,0,0,0,0,0,0,0,0,0,0,0,0,0,0,0,0
28,2,2,0,1,0,0,0,0,0,0,1,20,3,0,1,0,0,0,0,0,0,0,0,0,0,0,0,0,0,0,0
20,2,2,0,1,0,0,0,0,0,0,1,12,3,0,1,0,0,0,0,0,0,0,0,0,0,0,0,0,0,0,0
19,2,2,0,1,0,0,0,0,0,0,1,11,3,0,1,0,0,0,0,0,0,0,0,0,0,0,0,0,0,0,0
22,2,2,0,1,0,0,0,0,0,0,1,14,3,0,1,0,0,0,0,0,0,0,0,0,0,0,0,0,0,0,0
22,2,2,0,1,0,0,0,0,0,0,1,14,3,0,1,0,0,0,0,0,0,0,0,0,0,0,0,0,0,0,0
18,2,2,0,1,0,0,0,0,0,0,1,10,3,0,1,0,0,0,0,0,0,0,0,0,0,0,0,0,0,0,0
18,2,2,0,1,0,0,0,0,0,0,1,10,2,0,1,0,0,0,0,0,0,0,0,0,0,0,0,0,0,0,0
24,3,2,0,1,0,0,0,0,0,0,2,16,2,0,1,0,0,0,0,0,0,0,0,0,0,0,0,0,0,0,0
20,2,2,0,1,0,0,0,0,0,0,1,12,2,0,1,0,0,0,0,0,0,0,0,0,0,0,0,0,0,0,0
31,3,2,0,1,0,0,0,0,0,0,2,23,2,0,1,0,0,0,0,0,0,0,0,0,0,0,0,0,0,0,0
24,3,2,0,1,0,0,0,0,0,0,2,16,2,0,1,0,0,0,0,0,0,0,0,0,0,0,0,0,0,0,0
23,3,2,0,1,0,0,0,0,0,0,2,15,2,0,1,0,0,0,0,0,0,0,0,0,0,0,0,0,0,0,0
22,3,2,0,1,0,0,0,0,0,0,2,14,2,0,1,0,0,0,0,0,0,0,0,0,0,0,0,0,0,0,0
22,3,2,0,1,0,0,0,0,0,0,2,14,2,0,1,0,0,0,0,0,0,0,0,0,0,0,0,0,0,0,0
24,3,2,0,1,0,0,0,0,0,0,2,16,2,0,1,0,0,0,0,0,0,0,0,0,0,0,0,0,0,0,0
25,3,2,0,1,0,0,0,0,0,0,2,17,2,0,1,0,0,0,0,0,0,0,0,0,0,0,0,0,0,0,0
22,3,2,0,1,0,0,0,0,0,0,2,14,2,0,1,0,0,0,0,0,0,0,0,0,0,0,0,0,0,0,0
22,3,2,0,1,0,0,0,0,0,0,2,14,2,0,1,0,0,0,0,0,0,0,0,0,0,0,0,0,0,0,0
22,3,2,0,1,0,0,0,0,0,0,2,14,2,0,1,0,0,0,0,0,0,0,0,0,0,0,0,0,0,0,0
22,3,2,0,1,0,0,0,0,0,0,2,14,2,0,1,0,0,0,0,0,0,0,0,0,0,0,0,0,0,0,0
24,3,2,0,1,0,0,0,0,0,0,2,16,2,0,1,0,0,0,0,0,0,0,0,0,0,0,0,0,0,0,0
18,2,2,0,1,0,0,0,0,0,0,1,10,2,0,1,0,0,0,0,0,0,0,0,0,0,0,0,0,0,0,0
28,3,2,0,1,0,0,0,0,0,0,2,20,2,0,1,0,0,0,0,0,0,0,0,0,0,0,0,0,0,0,0
18,2,2,0,1,0,0,0,0,0,0,1,10,2,0,1,0,0,0,0,0,0,0,0,0,0,0,0,0,0,0,0
20,3,2,0,1,0,0,0,0,0,0,2,12,2,0,1,0,0,0,0,0,0,0,0,0,0,0,0,0,0,0,0
21,3,2,0,1,0,0,0,0,0,0,2,13,2,0,1,0,0,0,0,0,0,0,0,0,0,0,0,0,0,0,0
28,3,2,0,1,0,0,0,0,0,0,2,20,2,0,1,0,0,0,0,0,0,0,0,0,0,0,0,0,0,0,0
21,2,2,0,1,0,0,0,0,0,0,1,13,2,0,1,0,0,0,0,0,0,0,0,0,0,0,0,0,0,0,0
22,3,2,0,1,0,0,0,0,0,0,2,14,2,0,1,0,0,0,0,0,0,0,0,0,0,0,0,0,0,0,0
22,3,2,0,1,0,0,0,0,0,0,2,14,2,0,1,0,0,0,0,0,0,0,0,0,0,0,0,0,0,0,0
20,2,2,0,1,0,0,0,0,0,0,1,12,3,0,1,0,0,0,0,0,0,0,0,0,0,0,0,0,0,0,0
19,2,2,0,1,0,0,0,0,0,0,1,11,3,0,1,0,0,0,0,0,0,0,0,0,0,0,0,0,0,0,0
19,2,2,0,1,0,0,0,0,0,0,1,11,3,0,1,0,0,0,0,0,0,0,0,0,0,0,0,0,0,0,0
20,2,2,0,1,0,0,0,0,0,0,1,12,3,0,1,0,0,0,0,0,0,0,0,0,0,0,0,0,0,0,0
19,2,2,0,1,0,0,0,0,0,0,1,11,3,0,1,0,0,0,0,0,0,0,0,0,0,0,0,0,0,0,0
16,1,0,1,0,0,0,0,0,0,0,0,16,3,0,0,0,0,0,0,0,0,-1,0,0,0,0,0,0,0,0,0
13,1,0,0,0,0,0,0,0,0,0,0,13,3,0,0,0,0,0,0,0,0,-1,0,0,0,0,0,0,0,0,0
12,1,0,0,0,0,0,0,0,0,0,0,12,3,0,0,0,0,0,0,0,0,-1,0,0,0,0,0,0,0,0,0
14,1,0,0,0,0,0,0,0,0,0,0,14,3,0,0,0,0,0,0,0,0,-1,0,0,0,0,0,0,0,0,0
14,1,0,0,0,0,0,0,0,0,0,0,14,3,0,0,0,0,0,0,0,0,-1,0,0,0,0,0,0,0,0,0
7,1,0,0,0,0,0,0,0,0,0,0,7,2,0,0,0,0,0,0,0,0,-1,0,0,0,0,0,0,0,0,0
11,1,0,0,0,0,0,0,0,0,0,0,11,3,0,0,0,0,0,0,0,0,-1,0,0,0,0,0,0,0,0,0
9,1,0,0,0,0,0,0,0,0,0,0,9,3,0,0,0,0,0,0,0,0,-1,0,0,0,0,0,0,0,0,0
13,1,0,0,0,0,0,0,0,0,0,0,13,3,0,0,0,0,0,0,0,0,-1,0,0,0,0,0,0,0,0,0
13,1,0,0,0,0,0,0,0,0,0,0,13,3,0,0,0,0,0,0,0,0,-1,0,0,0,0,0,0,0,0,0
7,1,0,0,0,0,0,0,0,0,0,0,7,2,0,0,0,0,0,0,0,0,-1,0,0,0,0,0,0,0,0,0
11,1,0,0,0,0,0,0,0,0,0,0,11,3,0,0,0,0,0,0,0,0,-1,0,0,0,0,0,0,0,0,0
10,1,0,0,0,0,0,0,0,0,0,0,10,3,0,0,0,0,0,0,0,0,-1,0,0,0,0,0,0,0,0,0
11,1,0,0,0,0,0,0,0,0,0,0,11,3,0,0,0,0,0,0,0,0,-1,0,0,0,0,0,0,0,0,0
10,1,0,0,0,0,0,0,0,0,0,0,10,3,0,0,0,0,0,0,0,0,-1,0,0,0,0,0,0,0,0,0
15,1,0,0,0,0,0,0,0,0,0,0,15,3,0,0,0,0,0,0,0,0,-1,0,0,0,0,0,0,0,0,0
12,1,0,0,0,0,0,0,0,0,0,0,12,3,0,0,0,0,0,0,0,0,-1,0,0,0,0,0,0,0,0,0
8,1,0,0,0,0,0,0,0,0,0,0,8,3,0,0,0,0,0,0,0,0,-1,0,0,0,0,0,0,0,0,0
9,1,0,0,0,0,0,0,0,0,0,0,9,3,0,0,0,0,0,0,0,0,-1,0,0,0,0,0,0,0,0,0
20,1,0,0,0,0,0,0,0,0,0,0,20,3,0,0,0,0,0,0,0,0,-1,0,0,0,0,0,0,0,0,0
10,1,0,0,0,0,0,0,0,0,0,0,10,3,0,0,0,0,0,0,0,0,-1,0,0,0,0,0,0,0,0,0
10,1,0,0,0,0,0,0,0,0,0,0,10,3,0,0,0,0,0,0,0,0,-1,0,0,0,0,0,0,0,0,0
14,1,0,0,0,0,0,0,0,0,0,0,14,3,0,0,0,0,0,0,0,0,-1,0,0,0,0,0,0,0,0,0
8,1,0,0,0,0,0,0,0,0,0,0,8,3,0,0,0,0,0,0,0,0,-1,0,0,0,0,0,0,0,0,0
11,1,0,0,0,0,0,0,0,0,0,0,11,3,0,0,0,0,0,0,0,0,-1,0,0,0,0,0,0,0,0,0
17,1,0,0,0,0,0,0,1,0,0,0,17,3,0,0,0,0,0,0,0,0,-1,0,0,0,0,0,0,0,0,0
13,1,0,0,0,0,0,0,0,0,0,0,13,3,0,0,0,0,0,0,0,0,-1,0,0,0,0,0,0,0,0,0
9,1,0,0,0,0,0,0,0,0,0,0,9,3,0,0,0,0,0,0,0,0,-1,0,0,0,0,0,0,0,0,0
19,1,0,0,0,0,0,0,0,0,0,0,19,3,0,0,0,0,0,0,0,0,-1,0,0,0,0,0,0,0,0,0
17,1,0,0,0,0,0,0,0,0,0,0,17,3,0,0,0,0,0,0,0,0,-1,0,0,0,0,0,0,0,0,0
10,1,0,0,0,0,0,0,0,0,0,0,10,3,0,0,0,0,0,0,0,0,-1,0,0,0,0,0,0,0,0,0
11,1,0,0,0,0,0,0,0,0,0,0,11,3,0,0,0,0,0,0,0,0,-1,0,0,0,0,0,0,0,0,0
15,1,0,0,0,0,0,0,0,0,0,0,15,3,0,0,0,0,0,0,0,0,-1,0,0,0,0,0,0,0,0,0
21,1,0,0,0,0,0,0,0,0,0,0,21,3,0,0,0,0,0,0,0,0,-1,0,0,0,0,0,0,0,0,0
8,1,0,0,0,0,0,0,0,0,0,0,8,3,0,0,0,0,0,0,0,0,-1,0,0,0,0,0,0,0,0,0
12,1,0,0,0,0,0,0,0,0,0,0,12,3,0,0,0,0,0,0,0,0,-1,0,0,0,0,0,0,0,0,0
12,1,0,0,0,0,0,0,0,0,0,0,12,3,0,0,0,0,0,0,0,0,-1,0,0,0,0,0,0,0,0,0
10,1,0,0,0,0,0,0,0,0,0,0,10,3,0,0,0,0,0,0,0,0,-1,0,0,0,0,0,0,0,0,0
13,1,0,0,0,0,0,0,0,0,0,0,13,3,0,0,0,0,0,0,0,0,-1,0,0,0,0,0,0,0,0,0
13,1,0,1,0,0,0,0,0,0,0,0,13,3,0,0,0,0,0,0,0,0,-1,0,0,0,0,0,0,0,0,0
11,1,0,0,0,0,0,0,0,0,0,0,11,3,0,0,0,0,0,0,0,0,-1,0,0,0,0,0,0,0,0,0
13,1,0,1,0,0,0,0,0,0,0,0,13,3,0,0,0,0,0,0,0,0,-1,0,0,0,0,0,0,0,0,0
8,1,0,0,0,0,0,0,0,0,0,0,8,2,0,0,0,0,0,0,0,0,-1,0,0,0,0,0,0,0,0,0
10,1,0,0,0,0,0,0,0,0,0,0,10,3,0,0,0,0,0,0,0,0,-1,0,0,0,0,0,0,0,0,0
16,1,0,0,0,0,0,0,0,0,0,0,16,3,0,0,0,0,0,0,0,0,-1,0,0,0,0,0,0,0,0,0
13,1,0,0,0,0,0,0,0,0,0,0,13,3,0,0,0,0,0,0,0,0,-1,0,0,0,0,0,0,0,0,0
8,1,0,0,0,0,0,0,0,0,0,0,8,3,0,0,0,0,0,0,0,0,-1,0,0,0,0,0,0,0,0,0
11,1,0,0,0,0,0,0,0,0,0,0,11,3,0,0,0,0,0,0,0,0,-1,0,0,0,0,0,0,0,0,0
9,1,0,0,0,0,0,0,0,0,0,0,9,3,0,0,0,0,0,0,0,0,-1,0,0,0,0,0,0,0,0,0
10,1,0,0,0,0,0,0,0,0,0,0,10,3,0,0,0,0,0,0,0,0,-1,0,0,0,0,0,0,0,0,0
21,1,0,0,0,0,0,0,0,0,0,0,21,3,0,0,0,0,0,0,0,0,-1,0,0,0,0,0,0,0,0,0
14,1,0,0,0,0,0,0,0,0,0,0,14,3,0,0,0,0,0,0,0,0,-1,0,0,0,0,0,0,0,0,0
12,1,0,0,0,0,0,0,0,0,0,0,12,3,0,0,0,0,0,0,0,0,-1,0,0,0,0,0,0,0,0,0
8,1,0,0,0,0,0,0,0,0,0,0,8,3,0,0,0,0,0,0,0,0,-1,0,0,0,0,0,0,0,0,0
6,1,0,0,0,0,0,0,0,0,0,0,6,2,0,0,0,0,0,0,0,0,-1,0,0,0,0,0,0,0,0,0
18,1,0,0,0,0,0,0,0,0,0,0,18,3,0,0,0,0,0,0,0,0,-1,0,0,0,0,0,0,0,0,0
9,1,0,0,0,0,0,0,0,0,0,0,9,3,0,0,0,0,0,0,0,0,-1,0,0,0,0,0,0,0,0,0
5,1,0,0,0,0,0,0,0,0,0,0,5,3,0,0,0,0,0,0,0,0,-1,0,0,0,0,0,0,0,0,0
7,1,0,0,0,0,0,0,0,0,0,0,7,3,0,0,0,0,0,0,0,0,-1,0,0,0,0,0,0,0,0,0
14,1,0,0,0,0,0,0,0,0,0,0,14,3,0,0,0,0,0,0,0,0,-1,0,0,0,0,0,0,0,0,0
7,1,0,0,0,0,0,0,0,0,0,0,7,3,0,0,0,0,0,0,0,0,-1,0,0,0,0,0,0,0,0,0
12,1,0,1,0,0,0,0,0,0,0,0,12,3,0,0,0,0,0,0,0,0,-1,0,0,0,0,0,0,0,0,0
11,1,0,0,0,0,0,0,0,0,0,0,11,3,0,0,0,0,0,0,0,0,-1,0,0,0,0,0,0,0,0,0
10,1,0,1,0,0,0,0,0,0,0,0,10,3,0,0,0,0,0,0,0,0,-1,0,0,0,0,0,0,0,0,0
9,1,0,0,0,0,0,0,0,0,0,0,9,3,0,0,0,0,0,0,0,0,-1,0,0,0,0,0,0,0,0,0
10,1,0,0,0,0,0,0,0,0,0,0,10,3,0,0,0,0,0,0,0,0,-1,0,0,0,0,0,0,0,0,0
13,1,0,0,0,0,0,0,0,0,0,0,13,3,0,0,0,0,0,0,0,0,-1,0,0,0,0,0,0,0,0,0
9,1,0,0,0,0,0,0,0,0,0,0,9,3,0,0,0,0,0,0,0,0,-1,0,0,0,0,0,0,0,0,0
9,1,0,0,0,0,0,0,0,0,0,0,9,3,0,0,0,0,0,0,0,0,-1,0,0,0,0,0,0,0,0,0
10,1,0,0,0,0,0,0,0,0,0,0,10,3,0,0,0,0,0,0,0,0,-1,0,0,0,0,0,0,0,0,0
11,1,0,0,0,0,0,0,0,0,0,0,11,3,0,0,0,0,0,0,0,0,-1,0,0,0,0,0,0,0,0,0
8,1,0,0,0,0,0,0,0,0,0,0,8,3,0,0,0,0,0,0,0,0,-1,0,0,0,0,0,0,0,0,0
9,1,0,0,0,0,0,0,0,0,0,0,9,3,0,0,0,0,0,0,0,0,-1,0,0,0,0,0,0,0,0,0
14,1,0,0,0,0,0,0,0,0,0,0,14,3,0,0,0,0,0,0,0,0,-1,0,0,0,0,0,0,0,0,0
10,1,0,0,0,0,0,0,0,0,0,0,10,3,0,0,0,0,0,0,0,0,-1,0,0,0,0,0,0,0,0,0
17,1,0,0,0,0,0,0,0,0,0,0,17,3,0,0,0,0,0,0,0,0,-1,0,0,0,0,0,0,0,0,0
6,1,0,0,0,0,0,0,0,0,0,0,6,3,0,0,0,0,0,0,0,0,-1,0,0,0,0,0,0,0,0,0
5,1,0,0,0,0,0,0,0,0,0,0,5,2,0,0,0,0,0,0,0,0,-1,0,0,0,0,0,0,0,0,0
17,1,0,2,0,0,0,0,0,0,0,0,17,3,0,0,0,0,0,0,0,0,-1,0,0,0,0,0,0,0,0,0
8,1,0,0,0,0,0,0,0,0,0,0,8,3,0,0,0,0,0,0,0,0,-1,0,0,0,0,0,0,0,0,0
9,1,0,0,0,0,0,0,0,0,0,0,9,3,0,0,0,0,0,0,0,0,-1,0,0,0,0,0,0,0,0,0
7,1,0,0,0,0,0,0,0,0,0,0,7,2,0,0,0,0,0,0,0,0,-1,0,0,0,0,0,0,0,0,0
20,1,0,1,0,0,0,0,0,0,0,0,20,3,0,0,0,0,0,0,0,0,-1,0,0,0,0,0,0,0,0,0
11,1,0,0,0,0,0,0,0,0,0,0,11,3,0,0,0,0,0,0,0,0,-1,0,0,0,0,0,0,0,0,0
6,1,0,0,0,0,0,0,0,0,0,0,6,2,0,0,0,0,0,0,0,0,-1,0,0,0,0,0,0,0,0,0
13,1,0,0,0,0,0,0,0,0,0,0,13,3,0,0,0,0,0,0,0,0,-1,0,0,0,0,0,0,0,0,0
13,1,0,0,0,0,0,0,0,0,0,0,13,3,0,0,0,0,0,0,0,0,-1,0,0,0,0,0,0,0,0,0
9,1,0,0,0,0,0,0,0,0,0,0,9,3,0,0,0,0,0,0,0,0,-1,0,0,0,0,0,0,0,0,0
9,1,0,0,0,0,0,0,0,0,0,0,9,3,0,0,0,0,0,0,0,0,-1,0,0,0,0,0,0,0,0,0
11,1,0,0,0,0,0,0,0,0,0,0,11,3,0,0,0,0,0,0,0,0,-1,0,0,0,0,0,0,0,0,0
6,1,0,0,0,0,0,0,0,0,0,0,6,2,0,0,0,0,0,0,0,0,-1,0,0,0,0,0,0,0,0,0
18,1,0,1,0,0,0,0,0,0,0,0,18,3,0,0,0,0,0,0,0,0,-1,0,0,0,0,0,0,0,0,0
13,1,0,0,0,0,0,0,0,0,0,0,13,3,0,0,0,0,0,0,0,0,-1,0,0,0,0,0,0,0,0,0
9,1,0,0,0,0,0,0,0,0,0,0,9,3,0,0,0,0,0,0,0,0,-1,0,0,0,0,0,0,0,0,0
13,1,0,0,0,0,0,0,0,0,0,0,13,3,0,0,0,0,0,0,0,0,-1,0,0,0,0,0,0,0,0,0
9,1,0,0,0,0,0,0,0,0,0,0,9,2,0,0,0,0,0,0,0,0,-1,0,0,0,0,0,0,0,0,0
6,1,0,0,0,0,0,0,0,0,0,0,6,3,0,0,0,0,0,0,0,0,-1,0,0,0,0,0,0,0,0,0
13,1,0,1,0,0,0,0,0,0,0,0,13,3,0,0,0,0,0,0,0,0,-1,0,0,0,0,0,0,0,0,0
11,1,0,0,0,0,0,0,0,0,0,0,11,3,0,0,0,0,0,0,0,0,-1,0,0,0,0,0,0,0,0,0
12,1,0,0,0,0,0,0,0,0,0,0,12,3,0,0,0,0,0,0,0,0,-1,0,0,0,0,0,0,0,0,0
16,1,0,1,0,0,0,0,0,0,0,0,16,3,0,0,0,0,0,0,0,0,-1,0,0,0,0,0,0,0,0,0
11,1,0,0,0,0,0,0,0,0,0,0,11,3,0,0,0,0,0,0,0,0,-1,0,0,0,0,0,0,0,0,0
11,1,0,0,0,0,0,0,0,0,0,0,11,3,0,0,0,0,0,0,0,0,-1,0,0,0,0,0,0,0,0,0
9,1,0,0,0,0,0,0,0,0,0,0,9,2,0,0,0,0,0,0,0,0,-1,0,0,0,0,0,0,0,0,0
10,1,0,0,0,0,0,0,0,0,0,0,10,3,0,0,0,0,0,0,0,0,-1,0,0,0,0,0,0,0,0,0
16,1,0,0,0,0,0,0,0,0,0,0,16,3,0,0,0,0,0,0,0,0,-1,0,0,0,0,0,0,0,0,0
7,1,0,0,0,0,0,0,0,0,0,0,7,3,0,0,0,0,0,0,0,0,-1,0,0,0,0,0,0,0,0,0
8,1,0,0,0,0,0,0,0,0,0,0,8,2,0,0,0,0,0,0,0,0,-1,0,0,0,0,0,0,0,0,0
6,1,0,0,0,0,0,0,0,0,0,0,6,3,0,0,0,0,0,0,0,0,-1,0,0,0,0,0,0,0,0,0
20,1,0,0,0,0,0,0,0,0,0,0,20,3,0,0,0,0,0,0,0,0,-1,0,0,0,0,0,0,0,0,0
12,1,0,0,0,0,0,0,0,0,0,0,12,3,0,0,0,0,0,0,0,0,-1,0,0,0,0,0,0,0,0,0
13,1,0,0,0,0,0,0,0,0,0,0,13,3,0,0,0,0,0,0,0,0,-1,0,0,0,0,0,0,0,0,0
10,1,0,0,0,0,0,0,0,0,0,0,10,2,0,0,0,0,0,0,0,0,-1,0,0,0,0,0,0,0,0,0
4,1,0,0,0,0,0,0,0,0,0,0,4,2,0,0,0,0,0,0,0,0,-1,0,0,0,0,0,0,0,0,0
9,1,0,0,0,0,0,0,0,0,0,0,9,2,0,0,0,0,0,0,0,0,-1,0,0,0,0,0,0,0,0,0
6,1,0,0,0,0,0,0,0,0,0,0,6,3,0,0,0,0,0,0,0,0,-1,0,0,0,0,0,0,0,0,0
19,1,0,1,0,0,0,0,0,0,0,0,19,3,0,0,0,0,0,0,0,0,-1,0,0,0,0,0,0,0,0,0
14,1,0,1,0,0,0,0,0,0,0,0,14,3,0,0,0,0,0,0,0,0,-1,0,0,0,0,0,0,0,0,0
12,1,0,0,0,0,0,0,0,0,0,0,12,3,0,0,0,0,0,0,0,0,-1,0,0,0,0,0,0,0,0,0
20,1,0,1,0,0,0,0,0,0,0,0,20,3,0,0,0,0,0,0,0,0,-1,0,0,0,0,0,0,0,0,0
10,1,0,0,0,0,0,0,0,0,0,0,10,3,0,0,0,0,0,0,0,0,-1,0,0,0,0,0,0,0,0,0
10,1,0,0,0,0,0,0,0,0,0,0,10,6,0,0,0,0,0,0,0,0,-1,0,0,0,0,0,0,0,0,0
10,1,0,0,0,0,0,0,0,0,0,0,10,3,0,0,0,0,0,0,0,0,-1,0,0,0,0,0,0,0,0,0
19,1,0,1,0,0,0,0,0,0,0,0,19,3,0,0,0,0,0,0,0,0,-1,0,0,0,0,0,0,0,0,0
10,1,0,0,0,0,0,0,0,0,0,0,10,3,0,0,0,0,0,0,0,0,-1,0,0,0,0,0,0,0,0,0
11,1,0,0,0,0,0,0,0,0,0,0,11,3,0,0,0,0,0,0,0,0,-1,0,0,0,0,0,0,0,0,0
9,1,0,0,0,0,0,0,0,0,0,0,9,2,0,0,0,0,0,0,0,0,-1,0,0,0,0,0,0,0,0,0
10,1,0,0,0,0,0,0,0,0,0,0,10,3,0,0,0,0,0,0,0,0,-1,0,0,0,0,0,0,0,0,0
12,1,0,0,0,0,0,0,0,0,0,0,12,3,0,0,0,0,0,0,0,0,-1,0,0,0,0,0,0,0,0,0
8,1,0,0,0,0,0,0,0,0,0,0,8,4,0,0,0,0,0,0,0,0,-1,0,0,0,0,0,0,0,0,0
11,1,0,0,0,0,0,0,0,0,0,0,11,3,0,0,0,0,0,0,0,0,-1,0,0,0,0,0,0,0,0,0
15,1,0,1,0,0,0,0,0,0,0,0,15,3,0,0,0,0,0,0,0,0,-1,0,0,0,0,0,0,0,0,0
10,1,0,0,0,0,0,0,0,0,0,0,10,3,0,0,0,0,0,0,0,0,-1,0,0,0,0,0,0,0,0,0
10,1,0,0,0,0,0,0,0,0,0,0,10,3,0,0,0,0,0,0,0,0,-1,0,0,0,0,0,0,0,0,0
15,1,0,0,0,0,0,0,0,0,0,0,15,3,0,0,0,0,0,0,0,0,-1,0,0,0,0,0,0,0,0,0
15,1,0,0,0,0,0,0,0,0,0,0,15,3,0,0,0,0,0,0,0,0,-1,0,0,0,0,0,0,0,0,0
15,1,0,0,0,0,0,0,0,0,0,0,15,9,0,0,0,0,0,0,0,0,-1,0,0,0,0,0,0,0,0,0
10,1,0,0,0,0,0,0,0,0,0,0,10,3,0,0,0,0,0,0,0,0,-1,0,0,0,0,0,0,0,0,0
26,1,0,2,0,0,0,0,0,0,0,0,26,3,0,0,0,0,0,0,0,0,-1,0,0,0,0,0,0,0,0,0
7,1,0,0,0,0,0,0,0,0,0,0,7,3,0,0,0,0,0,0,0,0,-1,0,0,0,0,0,0,0,0,0
7,1,0,0,0,0,0,0,0,0,0,0,7,3,0,0,0,0,0,0,0,0,-1,0,0,0,0,0,0,0,0,0
12,1,0,0,0,0,0,0,0,0,0,0,12,3,0,0,0,0,0,0,0,0,-1,0,0,0,0,0,0,0,0,0
21,1,0,1,0,0,0,0,0,0,0,0,21,3,0,0,0,0,0,0,0,0,-1,0,0,0,0,0,0,0,0,0
8,1,0,0,0,0,0,0,0,0,0,0,8,3,0,0,0,0,0,0,0,0,-1,0,0,0,0,0,0,0,0,0
12,1,0,0,0,0,0,0,0,0,0,0,12,3,0,0,0,0,0,0,0,0,-1,0,0,0,0,0,0,0,0,0
11,1,0,0,0,0,0,0,0,0,0,0,11,3,0,0,0,0,0,0,0,0,-1,0,0,0,0,0,0,0,0,0
9,1,0,0,0,0,0,0,0,0,0,0,9,3,0,0,0,0,0,0,0,0,-1,0,0,0,0,0,0,0,0,0
9,1,0,0,0,0,0,0,0,0,0,0,9,3,0,0,0,0,0,0,0,0,-1,0,0,0,0,0,0,0,0,0
11,1,0,0,0,0,0,0,0,0,0,0,11,3,0,0,0,0,0,0,0,0,-1,0,0,0,0,0,0,0,0,0
10,1,0,0,0,0,0,0,0,0,0,0,10,3,0,0,0,0,0,0,0,0,-1,0,0,0,0,0,0,0,0,0
11,2,0,0,0,0,0,0,0,0,0,1,11,2,0,0,0,0,0,0,0,0,-1,0,0,0,0,0,0,0,0,0
9,1,0,1,0,0,0,0,0,0,0,0,9,3,0,0,0,0,0,0,0,0,-1,0,0,0,0,0,0,0,0,0
10,1,0,0,0,0,0,0,0,0,0,0,10,3,0,0,0,0,0,0,0,0,-1,0,0,0,0,0,0,0,0,0
13,1,0,0,0,0,0,0,0,0,0,0,13,3,0,0,0,0,0,0,0,0,-1,0,0,0,0,0,0,0,0,0
9,1,0,0,0,0,0,0,0,0,0,0,9,3,0,0,0,0,0,0,0,0,-1,0,0,0,0,0,0,0,0,0
14,1,0,1,0,0,0,0,0,0,0,0,14,3,0,0,0,0,0,0,0,0,-1,0,0,0,0,0,0,0,0,0
16,1,0,1,0,0,0,0,0,0,0,0,16,3,0,0,0,0,0,0,0,0,-1,0,0,0,0,0,0,0,0,0
11,1,0,0,0,0,0,0,0,0,0,0,11,3,0,0,0,0,0,0,0,0,-1,0,0,0,0,0,0,0,0,0
9,1,0,0,0,0,0,0,0,0,0,0,9,3,0,0,0,0,0,0,0,0,-1,0,0,0,0,0,0,0,0,0
18,1,0,0,0,0,0,0,0,0,0,0,18,3,0,0,0,0,0,0,0,0,-1,0,0,0,0,0,0,0,0,0
15,1,0,0,0,0,0,0,0,0,0,0,15,3,0,0,0,0,0,0,0,0,-1,0,0,0,0,0,0,0,0,0
10,1,0,0,0,0,0,0,0,0,0,0,10,3,0,0,0,0,0,0,0,0,-1,0,0,0,0,0,0,0,0,0
12,1,0,0,0,0,0,0,0,0,0,0,12,3,0,0,0,0,0,0,0,0,-1,0,0,0,0,0,0,0,0,0
11,1,0,0,0,0,0,0,0,0,0,0,11,3,0,0,0,0,0,0,0,0,-1,0,0,0,0,0,0,0,0,0
14,1,0,0,0,0,0,0,0,0,0,0,14,3,0,0,0,0,0,0,0,0,-1,0,0,0,0,0,0,0,0,0
7,1,0,0,0,0,0,0,0,0,0,0,7,3,0,0,0,0,0,0,0,0,-1,0,0,0,0,0,0,0,0,0
9,1,0,0,0,0,0,0,0,0,0,0,9,3,0,0,0,0,0,0,0,0,-1,0,0,0,0,0,0,0,0,0
10,1,0,0,0,0,0,0,0,0,0,0,10,3,0,0,0,0,0,0,0,0,-1,0,0,0,0,0,0,0,0,0
6,1,0,0,0,0,0,0,0,0,0,0,6,2,0,0,0,0,0,0,0,0,-1,0,0,0,0,0,0,0,0,0
19,1,0,0,0,0,0,0,0,0,0,0,19,3,0,0,0,0,0,0,0,0,-1,0,0,0,0,0,0,0,0,0
11,1,0,0,0,0,0,0,0,0,0,0,11,3,0,0,0,0,0,0,0,0,-1,0,0,0,0,0,0,0,0,0
10,1,0,0,0,0,0,0,0,0,0,0,10,3,0,0,0,0,0,0,0,0,-1,0,0,0,0,0,0,0,0,0
13,1,0,1,0,0,0,0,0,0,0,0,13,3,0,0,0,0,0,0,0,0,-1,0,0,0,0,0,0,0,0,0
11,1,0,0,0,0,0,0,0,0,0,0,11,3,0,0,0,0,0,0,0,0,-1,0,0,0,0,0,0,0,0,0
8,1,0,0,0,0,0,0,0,0,0,0,8,3,0,0,0,0,0,0,0,0,-1,0,0,0,0,0,0,0,0,0
8,1,0,0,0,0,0,0,0,0,0,0,8,2,0,0,0,0,0,0,0,0,-1,0,0,0,0,0,0,0,0,0
11,1,0,0,0,0,0,0,0,0,0,0,11,3,0,0,0,0,0,0,0,0,-1,0,0,0,0,0,0,0,0,0
12,1,0,0,0,0,0,0,0,0,0,0,12,3,0,0,0,0,0,0,0,0,-1,0,0,0,0,0,0,0,0,0
10,1,0,0,0,0,0,0,0,0,0,0,10,2,0,0,0,0,0,0,0,0,-1,0,0,0,0,0,0,0,0,0
14,1,0,0,0,0,0,0,0,0,0,0,14,3,0,0,0,0,0,0,0,0,-1,0,0,0,0,0,0,0,0,0
6,1,0,0,0,0,0,0,0,0,0,0,6,3,0,0,0,0,0,0,0,0,-1,0,0,0,0,0,0,0,0,0
7,1,0,0,0,0,0,0,0,0,0,0,7,3,0,0,0,0,0,0,0,0,-1,0,0,0,0,0,0,0,0,0
10,1,0,0,0,0,0,0,0,0,0,0,10,3,0,0,0,0,0,0,0,0,-1,0,0,0,0,0,0,0,0,0
10,1,0,0,0,0,0,0,0,0,0,0,10,3,0,0,0,0,0,0,0,0,-1,0,0,0,0,0,0,0,0,0
11,1,0,0,0,0,0,0,0,0,0,0,11,3,0,0,0,0,0,0,0,0,-1,0,0,0,0,0,0,0,0,0
11,1,0,0,0,0,0,0,0,0,0,0,11,3,0,0,0,0,0,0,0,0,-1,0,0,0,0,0,0,0,0,0
16,1,0,0,0,0,0,0,0,0,0,0,16,5,0,0,0,0,0,0,0,0,-1,0,0,0,0,0,0,0,0,0
10,1,0,0,0,0,0,0,0,0,0,0,10,3,0,0,0,0,0,0,0,0,-1,0,0,0,0,0,0,0,0,0
23,1,0,0,0,0,0,0,0,0,0,0,23,6,0,0,0,0,0,0,0,0,-1,0,0,0,0,0,0,0,0,0
15,1,0,0,0,0,0,0,0,0,0,0,15,3,0,0,0,0,0,0,0,0,-1,0,0,0,0,0,0,0,0,0
10,1,0,0,0,0,0,0,0,0,0,0,10,3,0,0,0,0,0,0,0,0,-1,0,0,0,0,0,0,0,0,0
14,1,0,0,0,0,0,0,0,0,0,0,14,2,0,0,0,0,0,0,0,0,-1,0,0,0,0,0,0,0,0,0
9,1,0,0,0,0,0,0,0,0,0,0,9,3,0,0,0,0,0,0,0,0,-1,0,0,0,0,0,0,0,0,0
11,1,0,0,0,0,0,0,0,0,0,0,11,3,0,0,0,0,0,0,0,0,-1,0,0,0,0,0,0,0,0,0
17,1,0,0,0,0,0,0,0,0,0,0,17,3,0,0,0,0,0,0,0,0,-1,0,0,0,0,0,0,0,0,0
11,1,0,0,0,0,0,0,0,0,0,0,11,3,0,0,0,0,0,0,0,0,-1,0,0,0,0,0,0,0,0,0
9,1,0,0,0,0,0,0,0,0,0,0,9,3,0,0,0,0,0,0,0,0,-1,0,0,0,0,0,0,0,0,0
6,1,0,0,0,0,0,0,0,0,0,0,6,2,0,0,0,0,0,0,0,0,-1,0,0,0,0,0,0,0,0,0
15,1,0,0,0,0,0,0,0,0,0,0,15,3,0,0,0,0,0,0,0,0,-1,0,0,0,0,0,0,0,0,0
19,1,0,0,0,0,0,0,0,0,0,0,19,3,0,0,0,0,0,0,0,0,-1,0,0,0,0,0,0,0,0,0
10,1,0,0,0,0,0,0,0,0,0,0,10,3,0,0,0,0,0,0,0,0,-1,0,0,0,0,0,0,0,0,0
13,1,0,0,0,0,0,0,0,0,0,0,13,2,0,0,0,0,0,0,0,0,-1,0,0,0,0,0,0,0,0,0
14,1,0,0,0,0,0,0,0,0,0,0,14,3,0,0,0,0,0,0,0,0,-1,0,0,0,0,0,0,0,0,0
4,1,0,0,0,0,0,0,0,0,0,0,4,2,0,0,0,0,0,0,0,0,-1,0,0,0,0,0,0,0,0,0
9,1,0,0,0,0,0,0,0,0,0,0,9,2,0,0,0,0,0,0,0,0,-1,0,0,0,0,0,0,0,0,0
14,1,0,0,0,0,0,0,0,0,0,0,14,2,0,0,0,0,0,0,0,0,-1,0,0,0,0,0,0,0,0,0
10,1,0,0,0,0,0,0,0,0,0,0,10,2,0,0,0,0,0,0,0,0,-1,0,0,0,0,0,0,0,0,0
9,1,0,0,0,0,0,0,0,0,0,0,9,3,0,0,0,0,0,0,0,0,-1,0,0,0,0,0,0,0,0,0
7,1,0,0,0,0,0,0,0,0,0,0,7,3,0,0,0,0,0,0,0,0,-1,0,0,0,0,0,0,0,0,0
15,1,0,0,0,0,0,0,0,0,0,0,15,3,0,0,0,0,0,0,0,0,-1,0,0,0,0,0,0,0,0,0
9,2,0,0,0,0,0,0,0,0,0,1,9,2,0,0,0,0,0,0,0,0,-1,0,0,0,0,0,0,0,0,0
11,1,0,0,0,0,0,0,0,0,0,0,11,3,0,0,0,0,0,0,0,0,-1,0,0,0,0,0,0,0,0,0
13,1,0,0,0,0,0,0,0,0,0,0,13,3,0,0,0,0,0,0,0,0,-1,0,0,0,0,0,0,0,0,0
10,1,0,0,0,0,0,0,0,0,0,0,10,3,0,0,0,0,0,0,0,0,-1,0,0,0,0,0,0,0,0,0
7,1,0,0,0,0,0,0,0,0,0,0,7,2,0,0,0,0,0,0,0,0,-1,0,0,0,0,0,0,0,0,0
11,1,0,0,0,0,0,0,0,0,0,0,11,3,0,0,0,0,0,0,0,0,-1,0,0,0,0,0,0,0,0,0
9,1,0,0,0,0,0,0,0,0,0,0,9,3,0,0,0,0,0,0,0,0,-1,0,0,0,0,0,0,0,0,0
17,1,0,0,0,0,0,0,0,0,0,0,17,3,0,0,0,0,0,0,0,0,-1,0,0,0,0,0,0,0,0,0
10,1,0,0,0,0,0,0,0,0,0,0,10,3,0,0,0,0,0,0,0,0,-1,0,0,0,0,0,0,0,0,0
11,1,0,0,0,0,0,0,0,0,0,0,11,3,0,0,0,0,0,0,0,0,-1,0,0,0,0,0,0,0,0,0
10,1,0,0,0,0,0,0,0,0,0,0,10,3,0,0,0,0,0,0,0,0,-1,0,0,0,0,0,0,0,0,0
11,1,0,0,0,0,0,0,0,0,0,0,11,2,0,0,0,0,0,0,0,0,-1,0,0,0,0,0,0,0,0,0
15,1,0,0,0,0,0,0,0,0,0,0,15,3,0,0,0,0,0,0,0,0,-1,0,0,0,0,0,0,0,0,0
16,1,0,0,0,0,0,0,0,0,0,0,16,3,0,0,0,0,0,0,0,0,-1,0,0,0,0,0,0,0,0,0
7,1,0,0,0,0,0,0,0,0,0,0,7,3,0,0,0,0,0,0,0,0,-1,0,0,0,0,0,0,0,0,0
10,1,0,0,0,0,0,0,0,0,0,0,10,3,0,0,0,0,0,0,0,0,-1,0,0,0,0,0,0,0,0,0
9,1,0,0,0,0,0,0,0,0,0,0,9,3,0,0,0,0,0,0,0,0,-1,0,0,0,0,0,0,0,0,0
10,1,0,0,0,0,0,0,0,0,0,0,10,3,0,0,0,0,0,0,0,0,-1,0,0,0,0,0,0,0,0,0
8,1,0,0,0,0,0,0,0,0,0,0,8,3,0,0,0,0,0,0,0,0,-1,0,0,0,0,0,0,0,0,0
8,1,0,0,0,0,0,0,0,0,0,0,8,3,0,0,0,0,0,0,0,0,-1,0,0,0,0,0,0,0,0,0
7,1,0,0,0,0,0,0,0,0,0,0,7,3,0,0,0,0,0,0,0,0,-1,0,0,0,0,0,0,0,0,0
8,1,0,0,0,0,0,0,0,0,0,0,8,3,0,0,0,0,0,0,0,0,-1,0,0,0,0,0,0,0,0,0
9,1,0,0,0,0,0,0,0,0,0,0,9,3,0,0,0,0,0,0,0,0,-1,0,0,0,0,0,0,0,0,0
13,1,0,0,0,0,0,0,0,0,0,0,13,3,0,0,0,0,0,0,0,0,-1,0,0,0,0,0,0,0,0,0
11,1,0,0,0,0,0,0,0,0,0,0,11,3,0,0,0,0,0,0,0,0,-1,0,0,0,0,0,0,0,0,0
10,1,0,0,0,0,0,0,0,0,0,0,10,3,0,0,0,0,0,0,0,0,-1,0,0,0,0,0,0,0,0,0
9,1,0,0,0,0,0,0,0,0,0,0,9,3,0,0,0,0,0,0,0,0,-1,0,0,0,0,0,0,0,0,0
10,1,0,0,0,0,0,0,0,0,0,0,10,2,0,0,0,0,0,0,0,0,-1,0,0,0,0,0,0,0,0,0
14,1,0,1,0,0,0,0,0,0,0,0,14,3,0,0,0,0,0,0,0,0,-1,0,0,0,0,0,0,0,0,0
20,1,0,1,0,0,0,0,0,0,0,0,20,3,0,0,0,0,0,0,0,0,-1,0,0,0,0,0,0,0,0,0
11,1,0,0,0,0,0,0,0,0,0,0,11,3,0,0,0,0,0,0,0,0,-1,0,0,0,0,0,0,0,0,0
14,1,0,0,0,0,0,0,0,0,0,0,14,3,0,0,0,0,0,0,0,0,-1,0,0,0,0,0,0,0,0,0
21,1,0,0,0,0,0,0,0,0,0,0,21,3,0,0,0,0,0,0,0,0,-1,0,0,0,0,0,0,0,0,0
11,1,0,0,0,0,0,0,0,0,0,0,11,3,0,0,0,0,0,0,0,0,-1,0,0,0,0,0,0,0,0,0
16,1,0,0,0,0,0,1,0,0,0,0,16,3,0,0,0,0,0,0,0,0,-1,0,0,0,0,0,0,0,0,0
11,1,0,0,0,0,0,0,0,0,0,0,11,3,0,0,0,0,0,0,0,0,-1,0,0,0,0,0,0,0,0,0
12,1,0,0,0,0,0,0,0,0,0,0,12,3,0,0,0,0,0,0,0,0,-1,0,0,0,0,0,0,0,0,0
9,1,0,0,0,0,0,0,0,0,0,0,9,3,0,0,0,0,0,0,0,0,-1,0,0,0,0,0,0,0,0,0
11,1,0,0,0,0,0,0,0,0,0,0,11,3,0,0,0,0,0,0,0,0,-1,0,0,0,0,0,0,0,0,0
7,1,0,0,0,0,0,0,0,0,0,0,7,3,0,0,0,0,0,0,0,0,-1,0,0,0,0,0,0,0,0,0
11,1,0,0,0,0,0,0,0,0,0,0,11,3,0,0,0,0,0,0,0,0,-1,0,0,0,0,0,0,0,0,0
10,1,0,0,0,0,0,0,0,0,0,0,10,3,0,0,0,0,0,0,0,0,-1,0,0,0,0,0,0,0,0,0
9,1,0,0,0,0,0,0,0,0,0,0,9,2,0,0,0,0,0,0,0,0,-1,0,0,0,0,0,0,0,0,0
10,1,0,0,0,0,0,0,0,0,0,0,10,3,0,0,0,0,0,0,0,0,-1,0,0,0,0,0,0,0,0,0
15,1,0,1,0,0,0,0,0,0,0,0,15,3,0,0,0,0,0,0,0,0,-1,0,0,0,0,0,0,0,0,0
11,1,0,0,0,0,0,0,0,0,0,0,11,3,0,0,0,0,0,0,0,0,-1,0,0,0,0,0,0,0,0,0
16,1,0,0,0,0,0,0,0,0,0,0,16,9,0,0,0,0,0,0,0,0,-1,0,0,0,0,0,0,0,0,0
10,1,0,0,0,0,0,0,0,0,0,0,10,3,0,0,0,0,0,0,0,0,-1,0,0,0,0,0,0,0,0,0
11,1,0,0,0,0,0,0,0,0,0,0,11,3,0,0,0,0,0,0,0,0,-1,0,0,0,0,0,0,0,0,0
11,1,0,0,0,0,0,0,0,0,0,0,11,3,0,0,0,0,0,0,0,0,-1,0,0,0,0,0,0,0,0,0
6,1,0,0,0,0,0,0,0,0,0,0,6,3,0,0,0,0,0,0,0,0,-1,0,0,0,0,0,0,0,0,0
13,1,0,0,0,0,0,0,0,0,0,0,13,3,0,0,0,0,0,0,0,0,-1,0,0,0,0,0,0,0,0,0
12,1,0,1,0,0,0,0,0,0,0,0,12,3,0,0,0,0,0,0,0,0,-1,0,0,0,0,0,0,0,0,0
11,1,0,1,0,0,0,0,0,0,0,0,11,3,0,0,0,0,0,0,0,0,-1,0,0,0,0,0,0,0,0,0
11,1,0,0,0,0,0,0,0,0,0,0,11,3,0,0,0,0,0,0,0,0,-1,0,0,0,0,0,0,0,0,0
14,1,0,0,0,0,0,0,0,0,0,0,14,3,0,0,0,0,0,0,0,0,-1,0,0,0,0,0,0,0,0,0
11,1,0,0,0,0,0,0,0,0,0,0,11,3,0,0,0,0,0,0,0,0,-1,0,0,0,0,0,0,0,0,0
17,1,0,1,0,0,0,0,0,0,0,0,17,3,0,0,0,0,0,0,0,0,-1,0,0,0,0,0,0,0,0,0
16,1,0,1,0,0,0,0,0,0,0,0,16,3,0,0,0,0,0,0,0,0,-1,0,0,0,0,0,0,0,0,0
10,1,0,0,0,0,0,0,0,0,0,0,10,3,0,0,0,0,0,0,0,0,-1,0,0,0,0,0,0,0,0,0
16,1,0,0,0,0,0,0,0,0,0,0,16,3,0,0,0,0,0,0,0,0,-1,0,0,0,0,0,0,0,0,0
11,1,0,0,0,0,0,0,0,0,0,0,11,3,0,0,0,0,0,0,0,0,-1,0,0,0,0,0,0,0,0,0
9,1,0,0,0,0,0,0,0,0,0,0,9,3,0,0,0,0,0,0,0,0,-1,0,0,0,0,0,0,0,0,0
13,1,0,0,0,0,0,0,0,0,0,0,13,3,0,0,0,0,0,0,0,0,-1,0,0,0,0,0,0,0,0,0
13,1,0,0,0,0,0,0,0,0,0,0,13,3,0,0,0,0,0,0,0,0,-1,0,0,0,0,0,0,0,0,0
11,1,0,0,0,0,0,0,0,0,0,0,11,3,0,0,0,0,0,0,0,0,-1,0,0,0,0,0,0,0,0,0
12,1,0,1,0,0,0,0,0,0,0,0,12,3,0,0,0,0,0,0,0,0,-1,0,0,0,0,0,0,0,0,0
6,1,0,0,0,0,0,0,0,0,0,0,6,3,0,0,0,0,0,0,0,0,-1,0,0,0,0,0,0,0,0,0
12,2,0,0,0,0,0,0,0,0,0,1,12,2,0,0,0,0,0,0,0,0,-1,0,0,0,0,0,0,0,0,0
9,1,0,0,0,0,0,0,0,0,0,0,9,5,0,0,0,0,0,0,0,0,-1,0,0,0,0,0,0,0,0,0
15,1,0,0,0,0,0,0,0,0,0,0,15,3,0,0,0,0,0,0,0,0,-1,0,0,0,0,0,0,0,0,0
14,1,0,0,0,0,0,0,0,0,0,0,14,3,0,0,0,0,0,0,0,0,-1,0,0,0,0,0,0,0,0,0
7,1,0,0,0,0,0,0,0,0,0,0,7,3,0,0,0,0,0,0,0,0,-1,0,0,0,0,0,0,0,0,0
12,1,0,0,0,0,0,0,0,0,0,0,12,3,0,0,0,0,0,0,0,0,-1,0,0,0,0,0,0,0,0,0
14,1,0,0,0,0,0,0,0,0,0,0,14,3,0,0,0,0,0,0,0,0,-1,0,0,0,0,0,0,0,0,0
10,1,0,0,0,0,0,0,0,0,0,0,10,3,0,0,0,0,0,0,0,0,-1,0,0,0,0,0,0,0,0,0
11,1,0,0,0,0,0,0,0,0,0,0,11,3,0,0,0,0,0,0,0,0,-1,0,0,0,0,0,0,0,0,0
6,1,0,0,0,0,0,0,0,0,0,0,6,3,0,0,0,0,0,0,0,0,-1,0,0,0,0,0,0,0,0,0
14,1,0,0,0,0,0,0,0,0,0,0,14,3,0,0,0,0,0,0,0,0,-1,0,0,0,0,0,0,0,0,0
13,1,0,0,0,0,0,0,0,0,0,0,13,3,0,0,0,0,0,0,0,0,-1,0,0,0,0,0,0,0,0,0
11,1,0,0,0,0,0,0,0,0,0,0,11,3,0,0,0,0,0,0,0,0,-1,0,0,0,0,0,0,0,0,0
12,1,0,0,0,0,0,0,0,0,0,0,12,3,0,0,0,0,0,0,0,0,-1,0,0,0,0,0,0,0,0,0
13,1,0,0,0,0,0,0,0,0,0,0,13,3,0,0,0,0,0,0,0,0,-1,0,0,0,0,0,0,0,0,0
14,1,0,0,0,0,0,0,0,0,0,0,14,3,0,0,0,0,0,0,0,0,-1,0,0,0,0,0,0,0,0,0
7,1,0,0,0,0,0,0,0,0,0,0,7,2,0,0,0,0,0,0,0,0,-1,0,0,0,0,0,0,0,0,0
16,1,0,0,0,0,0,0,0,0,0,0,16,3,0,0,0,0,0,0,0,0,-1,0,0,0,0,0,0,0,0,0
10,2,0,0,0,0,0,0,0,0,0,1,10,2,0,0,0,0,0,0,0,0,-1,0,0,0,0,0,0,0,0,0
16,1,0,0,0,0,0,0,0,0,0,0,16,3,0,0,0,0,0,0,0,0,-1,0,0,0,0,0,0,0,0,0
5,1,0,0,0,0,0,0,0,0,0,0,5,2,0,0,0,0,0,0,0,0,-1,0,0,0,0,0,0,0,0,0
15,1,0,1,0,0,0,0,0,0,0,0,15,3,0,0,0,0,0,0,0,0,-1,0,0,0,0,0,0,0,0,0
9,1,0,0,0,0,0,0,0,0,0,0,9,3,0,0,0,0,0,0,0,0,-1,0,0,0,0,0,0,0,0,0
12,1,0,0,0,0,0,0,0,0,0,0,12,3,0,0,0,0,0,0,0,0,-1,0,0,0,0,0,0,0,0,0
12,1,0,0,0,0,0,0,0,0,0,0,12,3,0,0,0,0,0,0,0,0,-1,0,0,0,0,0,0,0,0,0
9,1,0,0,0,0,0,0,0,0,0,0,9,3,0,0,0,0,0,0,0,0,-1,0,0,0,0,0,0,0,0,0
19,1,0,0,0,0,0,0,0,0,0,0,19,3,0,0,0,0,0,0,0,0,-1,0,0,0,0,0,0,0,0,0
9,1,0,0,0,0,0,0,0,0,0,0,9,3,0,0,0,0,0,0,0,0,-1,0,0,0,0,0,0,0,0,0
12,1,0,0,0,0,0,0,0,0,0,0,12,3,0,0,0,0,0,0,0,0,-1,0,0,0,0,0,0,0,0,0
7,1,0,0,0,0,0,0,0,0,0,0,7,3,0,0,0,0,0,0,0,0,-1,0,0,0,0,0,0,0,0,0
18,1,0,1,0,0,0,0,0,0,0,0,18,3,0,0,0,0,0,0,0,0,-1,0,0,0,0,0,0,0,0,0
9,1,0,0,0,0,0,0,0,0,0,0,9,3,0,0,0,0,0,0,0,0,-1,0,0,0,0,0,0,0,0,0
10,1,0,0,0,0,0,0,0,0,0,0,10,3,0,0,0,0,0,0,0,0,-1,0,0,0,0,0,0,0,0,0
8,1,0,0,0,0,0,0,0,0,0,0,8,3,0,0,0,0,0,0,0,0,-1,0,0,0,0,0,0,0,0,0
10,1,0,0,0,0,0,0,0,0,0,0,10,3,0,0,0,0,0,0,0,0,-1,0,0,0,0,0,0,0,0,0
10,1,0,0,0,0,0,0,0,0,0,0,10,3,0,0,0,0,0,0,0,0,-1,0,0,0,0,0,0,0,0,0
15,1,0,0,0,0,0,0,0,0,0,0,15,3,0,0,0,0,0,0,0,0,-1,0,0,0,0,0,0,0,0,0
6,1,0,0,0,0,0,0,0,0,0,0,6,2,0,0,0,0,0,0,0,0,-1,0,0,0,0,0,0,0,0,0
22,1,0,0,0,0,0,0,0,0,0,0,22,3,0,0,0,0,0,0,0,0,-1,0,0,0,0,0,0,0,0,0
13,1,0,0,0,0,0,0,0,0,0,0,13,3,0,0,0,0,0,0,0,0,-1,0,0,0,0,0,0,0,0,0
15,1,0,0,0,0,0,0,0,0,0,0,15,3,0,0,0,0,0,0,0,0,-1,0,0,0,0,0,0,0,0,0
10,1,0,0,0,0,0,0,0,0,0,0,10,3,0,0,0,0,0,0,0,0,-1,0,0,0,0,0,0,0,0,0
17,1,0,0,0,0,0,0,0,0,0,0,17,3,0,0,0,0,0,0,0,0,-1,0,0,0,0,0,0,0,0,0
6,1,0,0,0,0,0,0,0,0,0,0,6,3,0,0,0,0,0,0,0,0,-1,0,0,0,0,0,0,0,0,0
13,1,0,0,0,0,0,0,0,0,0,0,13,4,0,0,0,0,0,0,0,0,-1,0,0,0,0,0,0,0,0,0
9,1,0,0,0,0,0,0,0,0,0,0,9,3,0,0,0,0,0,0,0,0,-1,0,0,0,0,0,0,0,0,0
10,1,0,0,0,0,0,0,0,0,0,0,10,3,0,0,0,0,0,0,0,0,-1,0,0,0,0,0,0,0,0,0
10,1,0,0,0,0,0,0,0,0,0,0,10,2,0,0,0,0,0,0,0,0,-1,0,0,0,0,0,0,0,0,0
9,1,0,0,0,0,0,0,0,0,0,0,9,3,0,0,0,0,0,0,0,0,-1,0,0,0,0,0,0,0,0,0
12,1,0,0,0,0,0,0,0,0,0,0,12,3,0,0,0,0,0,0,0,0,-1,0,0,0,0,0,0,0,0,0
10,1,0,0,0,0,0,0,0,0,0,0,10,3,0,0,0,0,0,0,0,0,-1,0,0,0,0,0,0,0,0,0
7,1,0,0,0,0,0,0,0,0,0,0,7,3,0,0,0,0,0,0,0,0,-1,0,0,0,0,0,0,0,0,0
18,1,0,0,0,0,0,0,0,0,0,0,18,3,0,0,0,0,0,0,0,0,-1,0,0,0,0,0,0,0,0,0
13,1,0,0,0,0,0,0,0,0,0,0,13,3,0,0,0,0,0,0,0,0,-1,0,0,0,0,0,0,0,0,0
10,1,0,0,0,0,0,0,0,0,0,0,10,2,0,0,0,0,0,0,0,0,-1,0,0,0,0,0,0,0,0,0
10,1,0,0,0,0,0,0,0,0,0,0,10,2,0,0,0,0,0,0,0,0,-1,0,0,0,0,0,0,0,0,0
12,1,0,0,0,0,0,0,0,0,0,0,12,3,0,0,0,0,0,0,0,0,-1,0,0,0,0,0,0,0,0,0
17,1,0,1,0,0,0,0,0,0,0,0,17,4,0,0,0,0,0,0,0,0,-1,0,0,0,0,0,0,0,0,0
12,1,0,0,0,0,0,0,0,0,0,0,12,3,0,0,0,0,0,0,0,0,-1,0,0,0,0,0,0,0,0,0
7,1,0,0,0,0,0,0,0,0,0,0,7,3,0,0,0,0,0,0,0,0,-1,0,0,0,0,0,0,0,0,0
14,1,0,0,0,0,0,0,0,0,0,0,14,3,0,0,0,0,0,0,0,0,-1,0,0,0,0,0,0,0,0,0
11,1,0,0,0,0,0,0,0,0,0,0,11,3,0,0,0,0,0,0,0,0,-1,0,0,0,0,0,0,0,0,0
16,1,0,0,0,0,0,0,0,0,0,0,16,3,0,0,0,0,0,0,0,0,-1,0,0,0,0,0,0,0,0,0
14,1,0,0,0,0,0,0,0,0,0,0,14,3,0,0,0,0,0,0,0,0,-1,0,0,0,0,0,0,0,0,0
9,1,0,0,0,0,0,0,0,0,0,0,9,3,0,0,0,0,0,0,0,0,-1,0,0,0,0,0,0,0,0,0
11,1,0,0,0,0,0,0,0,0,0,0,11,3,0,0,0,0,0,0,0,0,-1,0,0,0,0,0,0,0,0,0
12,1,0,0,0,0,0,0,0,0,0,0,12,3,0,0,0,0,0,0,0,0,-1,0,0,0,0,0,0,0,0,0
6,1,0,0,0,0,0,0,0,0,0,0,6,3,0,0,0,0,0,0,0,0,-1,0,0,0,0,0,0,0,0,0
15,2,0,0,0,0,0,0,0,0,0,1,15,2,0,0,0,0,0,0,0,0,-1,0,0,0,0,0,0,0,0,0
24,1,0,0,0,0,0,0,0,0,0,0,24,3,0,0,0,0,0,0,0,0,-1,0,0,0,0,0,0,0,0,0
11,1,0,0,0,0,0,0,0,0,0,0,11,3,0,0,0,0,0,0,0,0,-1,0,0,0,0,0,0,0,0,0
10,1,0,0,0,0,0,0,0,0,0,0,10,3,0,0,0,0,0,0,0,0,-1,0,0,0,0,0,0,0,0,0
15,1,0,0,0,0,0,0,0,0,0,0,15,3,0,0,0,0,0,0,0,0,-1,0,0,0,0,0,0,0,0,0
13,1,0,0,0,0,0,0,0,0,0,0,13,3,0,0,0,0,0,0,0,0,-1,0,0,0,0,0,0,0,0,0
12,1,0,0,0,0,0,0,0,0,0,0,12,3,0,0,0,0,0,0,0,0,-1,0,0,0,0,0,0,0,0,0
15,2,0,0,0,0,0,0,0,0,0,1,15,2,0,0,0,0,0,0,0,0,-1,0,0,0,0,0,0,0,0,0
12,1,0,0,0,0,0,0,0,0,0,0,12,3,0,0,0,0,0,0,0,0,-1,0,0,0,0,0,0,0,0,0
13,1,0,0,0,0,0,0,0,0,0,0,13,3,0,0,0,0,0,0,0,0,-1,0,0,0,0,0,0,0,0,0
11,1,0,0,0,0,0,0,0,0,0,0,11,3,0,0,0,0,0,0,0,0,-1,0,0,0,0,0,0,0,0,0
16,1,0,1,0,0,0,0,0,0,0,0,16,3,0,0,0,0,0,0,0,0,-1,0,0,0,0,0,0,0,0,0
15,1,0,0,0,0,0,0,0,0,0,0,15,3,0,0,0,0,0,0,0,0,-1,0,0,0,0,0,0,0,0,0
10,1,0,0,0,0,0,0,0,0,0,0,10,3,0,0,0,0,0,0,0,0,-1,0,0,0,0,0,0,0,0,0
12,1,0,0,0,0,0,0,0,0,0,0,12,3,0,0,0,0,0,0,0,0,-1,0,0,0,0,0,0,0,0,0
12,1,0,0,0,0,0,0,0,0,0,0,12,3,0,0,0,0,0,0,0,0,-1,0,0,0,0,0,0,0,0,0
12,1,0,0,0,0,0,0,0,0,0,0,12,3,0,0,0,0,0,0,0,0,-1,0,0,0,0,0,0,0,0,0
12,1,0,0,0,0,0,0,0,0,0,0,12,3,0,0,0,0,0,0,0,0,-1,0,0,0,0,0,0,0,0,0
11,1,0,1,0,0,0,0,0,0,0,0,11,3,0,0,0,0,0,0,0,0,-1,0,0,0,0,0,0,0,0,0
12,1,0,0,0,0,0,0,0,0,0,0,12,3,0,0,0,0,0,0,0,0,-1,0,0,0,0,0,0,0,0,0
14,1,0,1,0,0,0,0,0,0,0,0,14,3,0,0,0,0,0,0,0,0,-1,0,0,0,0,0,0,0,0,0
13,1,0,0,0,0,0,0,0,0,0,0,13,3,0,0,0,0,0,0,0,0,-1,0,0,0,0,0,0,0,0,0
18,1,0,0,0,0,0,0,0,0,0,0,18,3,0,0,0,0,0,0,0,0,-1,0,0,0,0,0,0,0,0,0
12,1,0,0,0,0,0,0,0,0,0,0,12,3,0,0,0,0,0,0,0,0,-1,0,0,0,0,0,0,0,0,0
10,1,0,0,0,0,0,0,0,0,0,0,10,3,0,0,0,0,0,0,0,0,-1,0,0,0,0,0,0,0,0,0
9,1,0,0,0,0,0,0,0,0,0,0,9,3,0,0,0,0,0,0,0,0,-1,0,0,0,0,0,0,0,0,0
8,1,0,0,0,0,0,0,0,0,0,0,8,3,0,0,0,0,0,0,0,0,-1,0,0,0,0,0,0,0,0,0
12,1,0,1,0,0,0,0,0,0,0,0,12,3,0,0,0,0,0,0,0,0,-1,0,0,0,0,0,0,0,0,0
10,1,0,0,0,0,0,0,0,0,0,0,10,3,0,0,0,0,0,0,0,0,-1,0,0,0,0,0,0,0,0,0
14,1,0,0,0,0,0,0,0,0,0,0,14,3,0,0,0,0,0,0,0,0,-1,0,0,0,0,0,0,0,0,0
24,1,0,0,0,0,0,0,0,0,0,0,24,3,0,0,0,0,0,0,0,0,-1,0,0,0,0,0,0,0,0,0
10,1,0,0,0,0,0,0,0,0,0,0,10,3,0,0,0,0,0,0,0,0,-1,0,0,0,0,0,0,0,0,0
11,1,0,0,0,0,0,0,0,0,0,0,11,3,0,0,0,0,0,0,0,0,-1,0,0,0,0,0,0,0,0,0
13,1,0,0,0,0,0,0,0,0,0,0,13,3,0,0,0,0,0,0,0,0,-1,0,0,0,0,0,0,0,0,0
12,1,0,0,0,0,0,0,0,0,0,0,12,3,0,0,0,0,0,0,0,0,-1,0,0,0,0,0,0,0,0,0
8,1,0,0,0,0,0,0,0,0,0,0,8,3,0,0,0,0,0,0,0,0,-1,0,0,0,0,0,0,0,0,0
8,1,0,0,0,0,0,0,0,0,0,0,8,3,0,0,0,0,0,0,0,0,-1,0,0,0,0,0,0,0,0,0
12,1,0,0,0,0,0,0,0,0,0,0,12,3,0,0,0,0,0,0,0,0,-1,0,0,0,0,0,0,0,0,0
9,1,0,1,0,0,0,0,0,0,0,0,9,3,0,0,0,0,0,0,0,0,-1,0,0,0,0,0,0,0,0,0
8,1,0,0,0,0,0,0,0,0,0,0,8,3,0,0,0,0,0,0,0,0,-1,0,0,0,0,0,0,0,0,0
15,1,0,0,0,0,0,0,0,0,0,0,15,3,0,0,0,0,0,0,0,0,-1,0,0,0,0,0,0,0,0,0
16,1,0,1,0,0,0,0,0,0,0,0,16,3,0,0,0,0,0,0,0,0,-1,0,0,0,0,0,0,0,0,0
14,1,0,0,0,0,0,0,0,0,0,0,14,3,0,0,0,0,0,0,0,0,-1,0,0,0,0,0,0,0,0,0
12,1,0,0,0,0,0,0,0,0,0,0,12,3,0,0,0,0,0,0,0,0,-1,0,0,0,0,0,0,0,0,0
8,1,0,0,0,0,0,0,0,0,0,0,8,3,0,0,0,0,0,0,0,0,-1,0,0,0,0,0,0,0,0,0
19,1,0,0,0,0,0,0,0,0,0,0,19,3,0,0,0,0,0,0,0,0,-1,0,0,0,0,0,0,0,0,0
12,1,0,0,0,0,0,0,0,0,0,0,12,3,0,0,0,0,0,0,0,0,-1,0,0,0,0,0,0,0,0,0
9,1,0,0,0,0,0,0,0,0,0,0,9,3,0,0,0,0,0,0,0,0,-1,0,0,0,0,0,0,0,0,0
13,1,0,0,0,0,0,0,0,0,0,0,13,3,0,0,0,0,0,0,0,0,-1,0,0,0,0,0,0,0,0,0
17,1,0,0,0,0,0,0,0,0,0,0,17,3,0,0,0,0,0,0,0,0,-1,0,0,0,0,0,0,0,0,0
10,1,0,0,0,0,0,0,0,0,0,0,10,3,0,0,0,0,0,0,0,0,-1,0,0,0,0,0,0,0,0,0
9,1,0,0,0,0,0,0,0,0,0,0,9,3,0,0,0,0,0,0,0,0,-1,0,0,0,0,0,0,0,0,0
10,1,0,1,0,0,0,0,0,0,0,0,10,3,0,0,0,0,0,0,0,0,-1,0,0,0,0,0,0,0,0,0
13,1,0,0,0,0,0,0,0,0,0,0,13,3,0,0,0,0,0,0,0,0,-1,0,0,0,0,0,0,0,0,0
6,1,0,0,0,0,0,0,0,0,0,0,6,2,0,0,0,0,0,0,0,0,-1,0,0,0,0,0,0,0,0,0
13,2,0,0,0,0,0,0,0,0,0,1,13,2,0,0,0,0,0,0,0,0,-1,0,0,0,0,0,0,0,0,0
13,1,0,0,0,0,0,0,0,0,0,0,13,5,0,0,0,0,0,0,0,0,-1,0,0,0,0,0,0,0,0,0
6,1,0,0,0,0,0,0,0,0,0,0,6,3,0,0,0,0,0,0,0,0,-1,0,0,0,0,0,0,0,0,0
17,2,0,0,0,0,0,0,0,0,0,1,17,2,0,0,0,0,0,0,0,0,-1,0,0,0,0,0,0,0,0,0
5,1,0,0,0,0,0,0,0,0,0,0,5,2,0,0,0,0,0,0,0,0,-1,0,0,0,0,0,0,0,0,0
10,1,0,0,0,0,0,0,0,0,0,0,10,3,0,0,0,0,0,0,0,0,-1,0,0,0,0,0,0,0,0,0
8,1,0,0,0,0,0,0,0,0,0,0,8,2,0,0,0,0,0,0,0,0,-1,0,0,0,0,0,0,0,0,0
10,1,0,0,0,0,0,0,0,0,0,0,10,2,0,0,0,0,0,0,0,0,-1,0,0,0,0,0,0,0,0,0
9,1,0,0,0,0,0,0,0,0,0,0,9,2,0,0,0,0,0,0,0,0,-1,0,0,0,0,0,0,0,0,0
9,1,0,0,0,0,0,0,0,0,0,0,9,2,0,0,0,0,0,0,0,0,-1,0,0,0,0,0,0,0,0,0
13,1,0,0,0,0,0,0,0,0,0,0,13,3,0,0,0,0,0,0,0,0,-1,0,0,0,0,0,0,0,0,0
9,1,0,0,0,0,0,0,0,0,0,0,9,3,0,0,0,0,0,0,0,0,-1,0,0,0,0,0,0,0,0,0
11,1,0,0,0,0,0,0,0,0,0,0,11,2,0,0,0,0,0,0,0,0,-1,0,0,0,0,0,0,0,0,0
14,1,0,0,0,0,0,0,0,0,0,0,14,3,0,0,0,0,0,0,0,0,-1,0,0,0,0,0,0,0,0,0
12,1,0,0,0,0,0,0,0,0,0,0,12,3,0,0,0,0,0,0,0,0,-1,0,0,0,0,0,0,0,0,0
7,1,0,0,0,0,0,0,0,0,0,0,7,3,0,0,0,0,0,0,0,0,-1,0,0,0,0,0,0,0,0,0
10,1,0,0,0,0,0,0,0,0,0,0,10,3,0,0,0,0,0,0,0,0,-1,0,0,0,0,0,0,0,0,0
16,1,0,0,0,0,0,0,0,0,0,0,16,3,0,0,0,0,0,0,0,0,-1,0,0,0,0,0,0,0,0,0
12,1,0,0,0,0,0,0,0,0,0,0,12,3,0,0,0,0,0,0,0,0,-1,0,0,0,0,0,0,0,0,0
23,1,0,0,0,0,0,0,0,0,0,0,23,3,0,0,0,0,0,0,0,0,-1,0,0,0,0,0,0,0,0,0
18,1,0,0,0,0,0,0,0,0,0,0,18,3,0,0,0,0,0,0,0,0,-1,0,0,0,0,0,0,0,0,0
12,1,0,0,0,0,0,0,0,0,0,0,12,3,0,0,0,0,0,0,0,0,-1,0,0,0,0,0,0,0,0,0
11,1,0,1,0,0,0,0,0,0,0,0,11,3,0,0,0,0,0,0,0,0,-1,0,0,0,0,0,0,0,0,0
12,1,0,0,0,0,0,0,0,0,0,0,12,2,0,0,0,0,0,0,0,0,-1,0,0,0,0,0,0,0,0,0
18,1,0,0,0,0,0,0,0,0,0,0,18,3,0,0,0,0,0,0,0,0,-1,0,0,0,0,0,0,0,0,0
9,1,0,0,0,0,0,0,0,0,0,0,9,3,0,0,0,0,0,0,0,0,-1,0,0,0,0,0,0,0,0,0
12,1,0,0,0,0,0,0,0,0,0,0,12,3,0,0,0,0,0,0,0,0,-1,0,0,0,0,0,0,0,0,0
9,1,0,0,0,0,0,0,0,0,0,0,9,3,0,0,0,0,0,0,0,0,-1,0,0,0,0,0,0,0,0,0
7,1,0,0,0,0,0,0,0,0,0,0,7,2,0,0,0,0,0,0,0,0,-1,0,0,0,0,0,0,0,0,0
11,1,0,0,0,0,0,0,0,0,0,0,11,3,0,0,0,0,0,0,0,0,-1,0,0,0,0,0,0,0,0,0
8,1,0,0,0,0,0,0,0,0,0,0,8,3,0,0,0,0,0,0,0,0,-1,0,0,0,0,0,0,0,0,0
8,1,0,0,0,0,0,0,0,0,0,0,8,2,0,0,0,0,0,0,0,0,-1,0,0,0,0,0,0,0,0,0
9,1,0,0,0,0,0,0,0,0,0,0,9,3,0,0,0,0,0,0,0,0,-1,0,0,0,0,0,0,0,0,0
13,1,0,0,0,0,0,0,0,0,0,0,13,3,0,0,0,0,0,0,0,0,-1,0,0,0,0,0,0,0,0,0
8,1,0,0,0,0,0,0,0,0,0,0,8,3,0,0,0,0,0,0,0,0,-1,0,0,0,0,0,0,0,0,0
7,1,0,0,0,0,0,0,0,0,0,0,7,2,0,0,0,0,0,0,0,0,-1,0,0,0,0,0,0,0,0,0
12,1,0,0,0,0,0,0,0,0,0,0,12,3,0,0,0,0,0,0,0,0,-1,0,0,0,0,0,0,0,0,0
12,1,0,0,0,0,0,0,0,0,0,0,12,3,0,0,0,0,0,0,0,0,-1,0,0,0,0,0,0,0,0,0
8,1,0,0,0,0,0,0,0,0,0,0,8,3,0,0,0,0,0,0,0,0,-1,0,0,0,0,0,0,0,0,0
15,1,0,1,0,0,0,0,0,0,0,0,15,3,0,0,0,0,0,0,0,0,-1,0,0,0,0,0,0,0,0,0
9,1,0,0,0,0,0,0,0,0,0,0,9,3,0,0,0,0,0,0,0,0,-1,0,0,0,0,0,0,0,0,0
13,1,0,0,0,0,0,0,0,0,0,0,13,3,0,0,0,0,0,0,0,0,-1,0,0,0,0,0,0,0,0,0
7,1,0,0,0,0,0,0,0,0,0,0,7,2,0,0,0,0,0,0,0,0,-1,0,0,0,0,0,0,0,0,0
17,1,0,1,0,0,0,0,0,0,0,0,17,3,0,0,0,0,0,0,0,0,-1,0,0,0,0,0,0,0,0,0
12,1,0,0,0,0,0,0,0,0,0,0,12,3,0,0,0,0,0,0,0,0,-1,0,0,0,0,0,0,0,0,0
12,2,0,0,0,0,0,0,0,0,0,1,12,2,0,0,0,0,0,0,0,0,-1,0,0,0,0,0,0,0,0,0
8,1,0,0,0,0,0,0,0,0,0,0,8,3,0,0,0,0,0,0,0,0,-1,0,0,0,0,0,0,0,0,0
14,1,0,0,0,0,0,0,0,0,0,0,14,3,0,0,0,0,0,0,0,0,-1,0,0,0,0,0,0,0,0,0
11,1,0,0,0,0,0,0,0,0,0,0,11,3,0,0,0,0,0,0,0,0,-1,0,0,0,0,0,0,0,0,0
10,1,0,0,0,0,0,0,0,0,0,0,10,3,0,0,0,0,0,0,0,0,-1,0,0,0,0,0,0,0,0,0
14,1,0,0,0,0,0,0,0,0,0,0,14,3,0,0,0,0,0,0,0,0,-1,0,0,0,0,0,0,0,0,0
11,1,0,0,0,0,0,0,0,0,0,0,11,3,0,0,0,0,0,0,0,0,-1,0,0,0,0,0,0,0,0,0
7,1,0,0,0,0,0,0,0,0,0,0,7,3,0,0,0,0,0,0,0,0,-1,0,0,0,0,0,0,0,0,0
7,1,0,0,0,0,0,0,0,0,0,0,7,2,0,0,0,0,0,0,0,0,-1,0,0,0,0,0,0,0,0,0
10,1,0,0,0,0,0,0,0,0,0,0,10,3,0,0,0,0,0,0,0,0,-1,0,0,0,0,0,0,0,0,0
6,1,0,0,0,0,0,0,0,0,0,0,6,4,0,0,0,0,0,0,0,0,-1,0,0,0,0,0,0,0,0,0
11,1,0,0,0,0,0,0,0,0,0,0,11,3,0,0,0,0,0,0,0,0,-1,0,0,0,0,0,0,0,0,0
10,1,0,0,0,0,0,0,0,0,0,0,10,3,0,0,0,0,0,0,0,0,-1,0,0,0,0,0,0,0,0,0
12,1,0,0,0,0,0,0,0,0,0,0,12,3,0,0,0,0,0,0,0,0,-1,0,0,0,0,0,0,0,0,0
10,1,0,1,0,0,0,0,0,0,0,0,10,3,0,0,0,0,0,0,0,0,-1,0,0,0,0,0,0,0,0,0
7,1,0,0,0,0,0,0,0,0,0,0,7,3,0,0,0,0,0,0,0,0,-1,0,0,0,0,0,0,0,0,0
9,1,0,0,0,0,0,0,0,0,0,0,9,3,0,0,0,0,0,0,0,0,-1,0,0,0,0,0,0,0,0,0
8,1,0,0,0,0,0,0,0,0,0,0,8,3,0,0,0,0,0,0,0,0,-1,0,0,0,0,0,0,0,0,0
13,1,0,0,0,0,0,0,0,0,0,0,13,3,0,0,0,0,0,0,0,0,-1,0,0,0,0,0,0,0,0,0
11,1,0,0,0,0,0,0,0,0,0,0,11,3,0,0,0,0,0,0,0,0,-1,0,0,0,0,0,0,0,0,0
12,1,0,0,0,0,0,0,0,0,0,0,12,2,0,0,0,0,0,0,0,0,-1,0,0,0,0,0,0,0,0,0
11,2,0,0,0,0,0,0,0,0,0,1,11,2,0,0,0,0,0,0,0,0,-1,0,0,0,0,0,0,0,0,0
10,1,0,0,0,0,0,0,0,0,0,0,10,2,0,0,0,0,0,0,0,0,-1,0,0,0,0,0,0,0,0,0
11,1,0,0,0,0,0,0,0,0,0,0,11,2,0,0,0,0,0,0,0,0,-1,0,0,0,0,0,0,0,0,0
10,1,0,0,0,0,0,0,0,0,0,0,10,3,0,0,0,0,0,0,0,0,-1,0,0,0,0,0,0,0,0,0
13,1,0,0,0,0,0,0,0,0,0,0,13,3,0,0,0,0,0,0,0,0,-1,0,0,0,0,0,0,0,0,0
10,2,0,0,0,0,0,0,0,0,0,1,10,2,0,0,0,0,0,0,0,0,-1,0,0,0,0,0,0,0,0,0
14,1,0,0,0,0,0,0,0,0,0,0,14,3,0,0,0,0,0,0,0,0,-1,0,0,0,0,0,0,0,0,0
11,1,0,0,0,0,0,0,0,0,0,0,11,2,0,0,0,0,0,0,0,0,-1,0,0,0,0,0,0,0,0,0
11,1,0,0,0,0,0,0,0,0,0,0,11,3,0,0,0,0,0,0,0,0,-1,0,0,0,0,0,0,0,0,0
9,1,0,0,0,0,0,0,0,0,0,0,9,3,0,0,0,0,0,0,0,0,-1,0,0,0,0,0,0,0,0,0
7,1,0,0,0,0,0,0,0,0,0,0,7,2,0,0,0,0,0,0,0,0,-1,0,0,0,0,0,0,0,0,0
12,1,0,0,0,0,0,0,0,0,0,0,12,3,0,0,0,0,0,0,0,0,-1,0,0,0,0,0,0,0,0,0
20,1,0,0,0,0,0,0,0,0,0,0,20,3,0,0,0,0,0,0,0,0,-1,0,0,0,0,0,0,0,0,0
9,1,0,0,0,0,0,0,0,0,0,0,9,3,0,0,0,0,0,0,0,0,-1,0,0,0,0,0,0,0,0,0
9,1,0,0,0,0,0,0,0,0,0,0,9,3,0,0,0,0,0,0,0,0,-1,0,0,0,0,0,0,0,0,0
12,1,0,0,0,0,0,0,0,0,0,0,12,3,0,0,0,0,0,0,0,0,-1,0,0,0,0,0,0,0,0,0
13,1,0,0,0,0,0,0,0,0,0,0,13,3,0,0,0,0,0,0,0,0,-1,0,0,0,0,0,0,0,0,0
8,1,0,0,0,0,0,0,0,0,0,0,8,3,0,0,0,0,0,0,0,0,-1,0,0,0,0,0,0,0,0,0
17,1,0,1,0,0,0,0,0,0,0,0,17,3,0,0,0,0,0,0,0,0,-1,0,0,0,0,0,0,0,0,0
11,1,0,0,0,0,0,0,0,0,0,0,11,3,0,0,0,0,0,0,0,0,-1,0,0,0,0,0,0,0,0,0
10,1,0,0,0,0,0,0,0,0,0,0,10,3,0,0,0,0,0,0,0,0,-1,0,0,0,0,0,0,0,0,0
11,1,0,0,0,0,0,0,0,0,0,0,11,2,0,0,0,0,0,0,0,0,-1,0,0,0,0,0,0,0,0,0
14,1,0,0,0,0,0,0,0,0,0,0,14,3,0,0,0,0,0,0,0,0,-1,0,0,0,0,0,0,0,0,0
17,1,0,0,0,0,0,0,0,0,0,0,17,3,0,0,0,0,0,0,0,0,-1,0,0,0,0,0,0,0,0,0
14,1,0,0,0,0,0,0,0,0,0,0,14,3,0,0,0,0,0,0,0,0,-1,0,0,0,0,0,0,0,0,0
10,1,0,0,0,0,0,0,0,0,0,0,10,3,0,0,0,0,0,0,0,0,-1,0,0,0,0,0,0,0,0,0
17,1,0,0,0,0,0,0,0,0,0,0,17,3,0,0,0,0,0,0,0,0,-1,0,0,0,0,0,0,0,0,0
11,1,0,0,0,0,0,0,0,0,0,0,11,3,0,0,0,0,0,0,0,0,-1,0,0,0,0,0,0,0,0,0
6,1,0,0,0,0,0,0,0,0,0,0,6,3,0,0,0,0,0,0,0,0,-1,0,0,0,0,0,0,0,0,0
9,1,0,0,0,0,0,0,0,0,0,0,9,2,0,0,0,0,0,0,0,0,-1,0,0,0,0,0,0,0,0,0
8,1,0,0,0,0,0,0,0,0,0,0,8,3,0,0,0,0,0,0,0,0,-1,0,0,0,0,0,0,0,0,0
13,2,0,0,0,0,0,0,0,0,0,1,13,2,0,0,0,0,0,0,0,0,-1,0,0,0,0,0,0,0,0,0
7,1,0,0,0,0,0,0,0,0,0,0,7,3,0,0,0,0,0,0,0,0,-1,0,0,0,0,0,0,0,0,0
16,1,0,0,0,0,0,0,0,0,0,0,16,3,0,0,0,0,0,0,0,0,-1,0,0,0,0,0,0,0,0,0
12,1,0,0,0,0,0,0,0,0,0,0,12,3,0,0,0,0,0,0,0,0,-1,0,0,0,0,0,0,0,0,0
18,1,0,0,0,0,0,0,0,0,0,0,18,5,0,0,0,0,0,0,0,0,-1,0,0,0,0,0,0,0,0,0
12,1,0,1,0,0,0,0,0,0,0,0,12,3,0,0,0,0,0,0,0,0,-1,0,0,0,0,0,0,0,0,0
7,1,0,0,0,0,0,0,0,0,0,0,7,3,0,0,0,0,0,0,0,0,-1,0,0,0,0,0,0,0,0,0
17,1,0,0,0,0,0,0,0,0,0,0,17,3,0,0,0,0,0,0,0,0,-1,0,0,0,0,0,0,0,0,0
8,1,0,0,0,0,0,0,0,0,0,0,8,3,0,0,0,0,0,0,0,0,-1,0,0,0,0,0,0,0,0,0
11,1,0,0,0,0,0,0,0,0,0,0,11,3,0,0,0,0,0,0,0,0,-1,0,0,0,0,0,0,0,0,0
9,1,0,0,0,0,0,0,0,0,0,0,9,2,0,0,0,0,0,0,0,0,-1,0,0,0,0,0,0,0,0,0
6,1,0,0,0,0,0,0,0,0,0,0,6,3,0,0,0,0,0,0,0,0,-1,0,0,0,0,0,0,0,0,0
8,1,0,0,0,0,0,0,0,0,0,0,8,3,0,0,0,0,0,0,0,0,-1,0,0,0,0,0,0,0,0,0
18,1,0,1,0,0,0,0,0,0,0,0,18,3,0,0,0,0,0,0,0,0,-1,0,0,0,0,0,0,0,0,0
7,1,0,0,0,0,0,0,0,0,0,0,7,3,0,0,0,0,0,0,0,0,-1,0,0,0,0,0,0,0,0,0
20,1,0,0,0,0,0,0,0,0,0,0,20,3,0,0,0,0,0,0,0,0,-1,0,0,0,0,0,0,0,0,0
14,1,0,0,0,0,0,0,0,0,0,0,14,2,0,0,0,0,0,0,0,0,-1,0,0,0,0,0,0,0,0,0
19,1,0,0,0,0,0,0,0,0,0,0,19,3,0,0,0,0,0,0,0,0,-1,0,0,0,0,0,0,0,0,0
8,1,0,0,0,0,0,0,0,0,0,0,8,3,0,0,0,0,0,0,0,0,-1,0,0,0,0,0,0,0,0,0
12,1,0,0,0,0,0,0,0,0,0,0,12,3,0,0,0,0,0,0,0,0,-1,0,0,0,0,0,0,0,0,0
12,1,0,0,0,0,0,0,0,0,0,0,12,2,0,0,0,0,0,0,0,0,-1,0,0,0,0,0,0,0,0,0
10,1,0,0,0,0,0,0,0,0,0,0,10,3,0,0,0,0,0,0,0,0,-1,0,0,0,0,0,0,0,0,0
12,1,0,0,0,0,0,0,0,0,0,0,12,3,0,0,0,0,0,0,0,0,-1,0,0,0,0,0,0,0,0,0
11,1,0,1,0,0,0,0,0,0,0,0,11,2,0,0,0,0,0,0,0,0,-1,0,0,0,0,0,0,0,0,0
7,1,0,0,0,0,0,0,0,0,0,0,7,2,0,0,0,0,0,0,0,0,-1,0,0,0,0,0,0,0,0,0
6,1,0,0,0,0,0,0,0,0,0,0,6,3,0,0,0,0,0,0,0,0,-1,0,0,0,0,0,0,0,0,0
7,1,0,0,0,0,0,0,0,0,0,0,7,3,0,0,0,0,0,0,0,0,-1,0,0,0,0,0,0,0,0,0
17,1,0,1,0,0,0,0,0,0,0,0,17,3,0,0,0,0,0,0,0,0,-1,0,0,0,0,0,0,0,0,0
11,1,0,1,0,0,0,0,0,0,0,0,11,2,0,0,0,0,0,0,0,0,-1,0,0,0,0,0,0,0,0,0
11,2,0,0,0,0,0,0,0,0,0,1,11,2,0,0,0,0,0,0,0,0,-1,0,0,0,0,0,0,0,0,0
11,1,0,0,0,0,0,0,0,0,0,0,11,3,0,0,0,0,0,0,0,0,-1,0,0,0,0,0,0,0,0,0
9,1,0,0,0,0,0,0,0,0,0,0,9,3,0,0,0,0,0,0,0,0,-1,0,0,0,0,0,0,0,0,0
11,1,0,0,0,0,0,0,0,0,0,0,11,3,0,0,0,0,0,0,0,0,-1,0,0,0,0,0,0,0,0,0
11,1,0,0,0,0,0,0,0,0,0,0,11,3,0,0,0,0,0,0,0,0,-1,0,0,0,0,0,0,0,0,0
12,1,0,0,0,0,0,0,0,0,0,0,12,2,0,0,0,0,0,0,0,0,-1,0,0,0,0,0,0,0,0,0
5,1,0,0,0,0,0,0,0,0,0,0,5,2,0,0,0,0,0,0,0,0,-1,0,0,0,0,0,0,0,0,0
14,1,0,0,0,0,0,0,0,0,0,0,14,3,0,0,0,0,0,0,0,0,-1,0,0,0,0,0,0,0,0,0
10,1,0,0,0,0,0,0,0,0,0,0,10,3,0,0,0,0,0,0,0,0,-1,0,0,0,0,0,0,0,0,0
9,1,0,0,0,0,0,0,0,0,0,0,9,3,0,0,0,0,0,0,0,0,-1,0,0,0,0,0,0,0,0,0
13,1,0,0,0,0,0,0,0,0,0,0,13,2,0,0,0,0,0,0,0,0,-1,0,0,0,0,0,0,0,0,0
13,1,0,1,0,0,0,0,0,0,0,0,13,3,0,0,0,0,0,0,0,0,-1,0,0,0,0,0,0,0,0,0
15,1,0,0,0,0,0,0,0,0,0,0,15,3,0,0,0,0,0,0,0,0,-1,0,0,0,0,0,0,0,0,0
9,1,0,0,0,0,0,0,0,0,0,0,9,3,0,0,0,0,0,0,0,0,-1,0,0,0,0,0,0,0,0,0
10,1,0,0,0,0,0,0,0,0,0,0,10,3,0,0,0,0,0,0,0,0,-1,0,0,0,0,0,0,0,0,0
9,1,0,0,0,0,0,0,0,0,0,0,9,3,0,0,0,0,0,0,0,0,-1,0,0,0,0,0,0,0,0,0
6,1,0,0,0,0,0,0,0,0,0,0,6,2,0,0,0,0,0,0,0,0,-1,0,0,0,0,0,0,0,0,0
15,1,0,0,0,0,0,0,0,0,0,0,15,3,0,0,0,0,0,0,0,0,-1,0,0,0,0,0,0,0,0,0
13,1,0,0,0,0,0,0,0,0,0,0,13,3,0,0,0,0,0,0,0,0,-1,0,0,0,0,0,0,0,0,0
15,1,0,0,0,0,0,0,0,0,0,0,15,3,0,0,0,0,0,0,0,0,-1,0,0,0,0,0,0,0,0,0
8,1,0,0,0,0,0,0,0,0,0,0,8,3,0,0,0,0,0,0,0,0,-1,0,0,0,0,0,0,0,0,0
14,1,0,1,0,0,0,0,0,0,0,0,14,3,0,0,0,0,0,0,0,0,-1,0,0,0,0,0,0,0,0,0
7,1,0,0,0,0,0,0,0,0,0,0,7,3,0,0,0,0,0,0,0,0,-1,0,0,0,0,0,0,0,0,0
12,1,0,0,0,0,0,0,0,0,0,0,12,3,0,0,0,0,0,0,0,0,-1,0,0,0,0,0,0,0,0,0
12,2,0,0,0,0,0,0,0,0,0,1,12,2,0,0,0,0,0,0,0,0,-1,0,0,0,0,0,0,0,0,0
24,1,0,0,0,0,0,0,0,0,0,0,24,3,0,0,0,0,0,0,0,0,-1,0,0,0,0,0,0,0,0,0
15,1,0,0,0,0,0,0,0,0,0,0,15,3,0,0,0,0,0,0,0,0,-1,0,0,0,0,0,0,0,0,0
14,1,0,0,0,0,0,0,0,0,0,0,14,3,0,0,0,0,0,0,0,0,-1,0,0,0,0,0,0,0,0,0
7,1,0,0,0,0,0,0,0,0,0,0,7,3,0,0,0,0,0,0,0,0,-1,0,0,0,0,0,0,0,0,0
13,1,0,0,0,0,0,0,0,0,0,0,13,2,0,0,0,0,0,0,0,0,-1,0,0,0,0,0,0,0,0,0
15,1,0,0,0,0,0,0,0,0,0,0,15,2,0,0,0,0,0,0,0,0,-1,0,0,0,0,0,0,0,0,0
14,1,0,0,0,0,0,0,0,0,0,0,14,3,0,0,0,0,0,0,0,0,-1,0,0,0,0,0,0,0,0,0
10,1,0,0,0,0,0,0,0,0,0,0,10,3,0,0,0,0,0,0,0,0,-1,0,0,0,0,0,0,0,0,0
12,1,0,0,0,0,0,0,0,0,0,0,12,3,0,0,0,0,0,0,0,0,-1,0,0,0,0,0,0,0,0,0
10,1,0,0,0,0,0,0,0,0,0,0,10,3,0,0,0,0,0,0,0,0,-1,0,0,0,0,0,0,0,0,0
10,1,0,0,0,0,0,0,0,0,0,0,10,3,0,0,0,0,0,0,0,0,-1,0,0,0,0,0,0,0,0,0
12,1,0,0,0,0,0,0,0,0,0,0,12,3,0,0,0,0,0,0,0,0,-1,0,0,0,0,0,0,0,0,0
12,1,0,1,0,0,0,0,0,0,0,0,12,3,0,0,0,0,0,0,0,0,-1,0,0,0,0,0,0,0,0,0
6,1,0,0,0,0,0,0,0,0,0,0,6,3,0,0,0,0,0,0,0,0,-1,0,0,0,0,0,0,0,0,0
9,1,0,0,0,0,0,0,0,0,0,0,9,3,0,0,0,0,0,0,0,0,-1,0,0,0,0,0,0,0,0,0
15,1,0,0,0,0,0,0,0,0,0,0,15,3,0,0,0,0,0,0,0,0,-1,0,0,0,0,0,0,0,0,0
12,1,0,0,0,0,0,0,0,0,0,0,12,3,0,0,0,0,0,0,0,0,-1,0,0,0,0,0,0,0,0,0
11,1,0,0,0,0,0,0,0,0,0,0,11,3,0,0,0,0,0,0,0,0,-1,0,0,0,0,0,0,0,0,0
10,1,0,0,0,0,0,0,0,0,0,0,10,3,0,0,0,0,0,0,0,0,-1,0,0,0,0,0,0,0,0,0
9,1,0,0,0,0,0,0,0,0,0,0,9,3,0,0,0,0,0,0,0,0,-1,0,0,0,0,0,0,0,0,0
10,1,0,0,0,0,0,0,0,0,0,0,10,3,0,0,0,0,0,0,0,0,-1,0,0,0,0,0,0,0,0,0
15,1,0,0,0,0,0,0,0,0,0,0,15,2,0,0,0,0,0,0,0,0,-1,0,0,0,0,0,0,0,0,0
9,1,0,0,0,0,0,0,0,0,0,0,9,3,0,0,0,0,0,0,0,0,-1,0,0,0,0,0,0,0,0,0
8,1,0,0,0,0,0,0,0,0,0,0,8,3,0,0,0,0,0,0,0,0,-1,0,0,0,0,0,0,0,0,0
11,1,0,0,0,0,0,0,0,0,0,0,11,2,0,0,0,0,0,0,0,0,-1,0,0,0,0,0,0,0,0,0
14,1,0,0,0,0,0,0,0,0,0,0,14,3,0,0,0,0,0,0,0,0,-1,0,0,0,0,0,0,0,0,0
11,1,0,0,0,0,0,0,0,0,0,0,11,3,0,0,0,0,0,0,0,0,-1,0,0,0,0,0,0,0,0,0
9,1,0,0,0,0,0,0,0,0,0,0,9,2,0,0,0,0,0,0,0,0,-1,0,0,0,0,0,0,0,0,0
13,2,0,0,0,0,0,0,0,0,0,1,13,2,0,0,0,0,0,0,0,0,-1,0,0,0,0,0,0,0,0,0
16,1,0,0,0,0,0,0,0,0,0,0,16,3,0,0,0,0,0,0,0,0,-1,0,0,0,0,0,0,0,0,0
8,1,0,0,0,0,0,0,0,0,0,0,8,3,0,0,0,0,0,0,0,0,-1,0,0,0,0,0,0,0,0,0
5,1,0,0,0,0,0,0,0,0,0,0,5,2,0,0,0,0,0,0,0,0,-1,0,0,0,0,0,0,0,0,0
8,1,0,0,0,0,0,0,0,0,0,0,8,3,0,0,0,0,0,0,0,0,-1,0,0,0,0,0,0,0,0,0
15,1,0,0,0,0,0,0,0,0,0,0,15,3,0,0,0,0,0,0,0,0,-1,0,0,0,0,0,0,0,0,0
11,1,0,0,0,0,0,0,0,0,0,0,11,3,0,0,0,0,0,0,0,0,-1,0,0,0,0,0,0,0,0,0
7,1,0,0,0,0,0,0,0,0,0,0,7,3,0,0,0,0,0,0,0,0,-1,0,0,0,0,0,0,0,0,0
16,2,0,0,0,0,0,0,0,0,0,1,16,2,0,0,0,0,0,0,0,0,-1,0,0,0,0,0,0,0,0,0
10,1,0,0,0,0,0,0,0,0,0,0,10,2,0,0,0,0,0,0,0,0,-1,0,0,0,0,0,0,0,0,0
8,1,0,0,0,0,0,0,0,0,0,0,8,3,0,0,0,0,0,0,0,0,-1,0,0,0,0,0,0,0,0,0
9,1,0,0,0,0,0,0,0,0,0,0,9,3,0,0,0,0,0,0,0,0,-1,0,0,0,0,0,0,0,0,0
10,1,0,0,0,0,0,0,0,0,0,0,10,3,0,0,0,0,0,0,0,0,-1,0,0,0,0,0,0,0,0,0
9,1,0,0,0,0,0,0,0,0,0,0,9,3,0,0,0,0,0,0,0,0,-1,0,0,0,0,0,0,0,0,0
9,1,0,0,0,0,0,0,0,0,0,0,9,3,0,0,0,0,0,0,0,0,-1,0,0,0,0,0,0,0,0,0
12,1,0,0,0,0,0,0,0,0,0,0,12,3,0,0,0,0,0,0,0,0,-1,0,0,0,0,0,0,0,0,0
13,1,0,0,0,0,0,0,0,0,0,0,13,4,0,0,0,0,0,0,0,0,-1,0,0,0,0,0,0,0,0,0
13,1,0,0,0,0,0,0,0,0,0,0,13,3,0,0,0,0,0,0,0,0,-1,0,0,0,0,0,0,0,0,0
6,1,0,0,0,0,0,0,0,0,0,0,6,3,0,0,0,0,0,0,0,0,-1,0,0,0,0,0,0,0,0,0
7,1,0,0,0,0,0,0,0,0,0,0,7,3,0,0,0,0,0,0,0,0,-1,0,0,0,0,0,0,0,0,0
8,1,0,0,0,0,0,0,0,0,0,0,8,3,0,0,0,0,0,0,0,0,-1,0,0,0,0,0,0,0,0,0
7,1,0,0,0,0,0,0,0,0,0,0,7,2,0,0,0,0,0,0,0,0,-1,0,0,0,0,0,0,0,0,0
15,1,0,0,0,0,0,0,0,0,0,0,15,3,0,0,0,0,0,0,0,0,-1,0,0,0,0,0,0,0,0,0
8,1,0,0,0,0,0,0,0,0,0,0,8,3,0,0,0,0,0,0,0,0,-1,0,0,0,0,0,0,0,0,0
13,1,0,0,0,0,0,0,0,0,0,0,13,3,0,0,0,0,0,0,0,0,-1,0,0,0,0,0,0,0,0,0
8,1,0,0,0,0,0,0,0,0,0,0,8,3,0,0,0,0,0,0,0,0,-1,0,0,0,0,0,0,0,0,0
11,1,0,0,0,0,0,0,0,0,0,0,11,3,0,0,0,0,0,0,0,0,-1,0,0,0,0,0,0,0,0,0
15,1,0,0,0,0,0,0,0,0,0,0,15,3,0,0,0,0,0,0,0,0,-1,0,0,0,0,0,0,0,0,0
21,1,0,0,0,0,0,0,0,0,0,0,21,3,0,0,0,0,0,0,0,0,-1,0,0,0,0,0,0,0,0,0
8,1,0,0,0,0,0,0,0,0,0,0,8,3,0,0,0,0,0,0,0,0,-1,0,0,0,0,0,0,0,0,0
15,1,0,0,0,0,0,0,0,0,0,0,15,3,0,0,0,0,0,0,0,0,-1,0,0,0,0,0,0,0,0,0
11,1,0,0,0,0,0,0,0,0,0,0,11,3,0,0,0,0,0,0,0,0,-1,0,0,0,0,0,0,0,0,0
9,1,0,0,0,0,0,0,0,0,0,0,9,3,0,0,0,0,0,0,0,0,-1,0,0,0,0,0,0,0,0,0
12,1,0,0,0,0,0,0,0,0,0,0,12,3,0,0,0,0,0,0,0,0,-1,0,0,0,0,0,0,0,0,0
12,1,0,0,0,0,0,0,0,0,0,0,12,3,0,0,0,0,0,0,0,0,-1,0,0,0,0,0,0,0,0,0
9,1,0,0,0,0,0,0,0,0,0,0,9,3,0,0,0,0,0,0,0,0,-1,0,0,0,0,0,0,0,0,0
5,1,0,0,0,0,0,0,0,0,0,0,5,2,0,0,0,0,0,0,0,0,-1,0,0,0,0,0,0,0,0,0
15,1,0,0,0,0,0,0,0,0,0,0,15,3,0,0,0,0,0,0,0,0,-1,0,0,0,0,0,0,0,0,0
12,1,0,0,0,0,0,0,0,0,0,0,12,3,0,0,0,0,0,0,0,0,-1,0,0,0,0,0,0,0,0,0
13,1,0,0,0,0,0,0,0,0,0,0,13,3,0,0,0,0,0,0,0,0,-1,0,0,0,0,0,0,0,0,0
8,1,0,0,0,0,0,0,0,0,0,0,8,3,0,0,0,0,0,0,0,0,-1,0,0,0,0,0,0,0,0,0
11,1,0,0,0,0,0,0,0,0,0,0,11,7,0,0,0,0,0,0,0,0,-1,0,0,0,0,0,0,0,0,0
16,1,0,0,0,0,0,0,0,0,0,0,16,3,0,0,0,0,0,0,0,0,-1,0,0,0,0,0,0,0,0,0
8,1,0,0,0,0,0,0,0,0,0,0,8,3,0,0,0,0,0,0,0,0,-1,0,0,0,0,0,0,0,0,0
11,1,0,0,0,0,0,0,0,0,0,0,11,3,0,0,0,0,0,0,0,0,-1,0,0,0,0,0,0,0,0,0
9,1,0,0,0,0,0,0,0,0,0,0,9,3,0,0,0,0,0,0,0,0,-1,0,0,0,0,0,0,0,0,0
9,1,0,0,0,0,0,0,0,0,0,0,9,3,0,0,0,0,0,0,0,0,-1,0,0,0,0,0,0,0,0,0
12,1,0,0,0,0,0,0,0,0,0,0,12,3,0,0,0,0,0,0,0,0,-1,0,0,0,0,0,0,0,0,0
12,1,0,0,0,0,0,0,0,0,0,0,12,3,0,0,0,0,0,0,0,0,-1,0,0,0,0,0,0,0,0,0
14,1,0,0,0,0,0,0,0,0,0,0,14,3,0,0,0,0,0,0,0,0,-1,0,0,0,0,0,0,0,0,0
4,1,0,0,0,0,0,0,0,0,0,0,4,2,0,0,0,0,0,0,0,0,-1,0,0,0,0,0,0,0,0,0
10,1,0,0,0,0,0,0,0,0,0,0,10,3,0,0,0,0,0,0,0,0,-1,0,0,0,0,0,0,0,0,0
16,1,0,0,0,0,0,0,0,0,0,0,16,3,0,0,0,0,0,0,0,0,-1,0,0,0,0,0,0,0,0,0
8,1,0,0,0,0,0,0,0,0,0,0,8,3,0,0,0,0,0,0,0,0,-1,0,0,0,0,0,0,0,0,0
15,1,0,0,0,0,0,0,0,0,0,0,15,3,0,0,0,0,0,0,0,0,-1,0,0,0,0,0,0,0,0,0
10,2,0,0,0,0,0,0,0,0,0,1,10,2,0,0,0,0,0,0,0,0,-1,0,0,0,0,0,0,0,0,0
14,1,0,0,0,0,0,0,0,0,0,0,14,3,0,0,0,0,0,0,0,0,-1,0,0,0,0,0,0,0,0,0
14,1,0,0,0,0,0,0,0,0,0,0,14,3,0,0,0,0,0,0,0,0,-1,0,0,0,0,0,0,0,0,0
11,1,0,0,0,0,0,0,0,0,0,0,11,3,0,0,0,0,0,0,0,0,-1,0,0,0,0,0,0,0,0,0
12,1,0,0,0,0,0,0,0,0,0,0,12,3,0,0,0,0,0,0,0,0,-1,0,0,0,0,0,0,0,0,0
14,1,0,0,0,0,0,0,0,0,0,0,14,3,0,0,0,0,0,0,0,0,-1,0,0,0,0,0,0,0,0,0
19,1,0,1,0,0,0,0,0,0,0,0,19,3,0,0,0,0,0,0,0,0,-1,0,0,0,0,0,0,0,0,0
12,1,0,0,0,0,0,0,0,0,0,0,12,7,0,0,0,0,0,0,0,0,-1,0,0,0,0,0,0,0,0,0
7,1,0,0,0,0,0,0,0,0,0,0,7,3,0,0,0,0,0,0,0,0,-1,0,0,0,0,0,0,0,0,0
9,1,0,0,0,0,0,0,0,0,0,0,9,2,0,0,0,0,0,0,0,0,-1,0,0,0,0,0,0,0,0,0
9,1,0,0,0,0,0,0,0,0,0,0,9,3,0,0,0,0,0,0,0,0,-1,0,0,0,0,0,0,0,0,0
13,1,0,1,0,0,0,0,0,0,0,0,13,3,0,0,0,0,0,0,0,0,-1,0,0,0,0,0,0,0,0,0
11,1,0,0,0,0,0,0,0,0,0,0,11,3,0,0,0,0,0,0,0,0,-1,0,0,0,0,0,0,0,0,0
11,1,0,0,0,0,0,0,0,0,0,0,11,3,0,0,0,0,0,0,0,0,-1,0,0,0,0,0,0,0,0,0
11,1,0,0,0,0,0,0,0,0,0,0,11,3,0,0,0,0,0,0,0,0,-1,0,0,0,0,0,0,0,0,0
12,1,0,0,0,0,0,0,0,0,0,0,12,3,0,0,0,0,0,0,0,0,-1,0,0,0,0,0,0,0,0,0
10,1,0,0,0,0,0,0,0,0,0,0,10,3,0,0,0,0,0,0,0,0,-1,0,0,0,0,0,0,0,0,0
8,1,0,0,0,0,0,0,0,0,0,0,8,3,0,0,0,0,0,0,0,0,-1,0,0,0,0,0,0,0,0,0
15,1,0,0,0,0,0,0,0,0,0,0,15,3,0,0,0,0,0,0,0,0,-1,0,0,0,0,0,0,0,0,0
11,1,0,0,0,0,0,0,0,0,0,0,11,3,0,0,0,0,0,0,0,0,-1,0,0,0,0,0,0,0,0,0
13,2,0,0,0,0,0,0,0,0,0,1,13,2,0,0,0,0,0,0,0,0,-1,0,0,0,0,0,0,0,0,0
16,1,0,0,0,0,0,0,0,0,0,0,16,3,0,0,0,0,0,0,0,0,-1,0,0,0,0,0,0,0,0,0
12,2,0,0,0,0,0,0,0,0,0,1,12,2,0,0,0,0,0,0,0,0,-1,0,0,0,0,0,0,0,0,0
23,1,0,0,0,0,0,0,0,0,0,0,23,3,0,0,0,0,0,0,0,0,-1,0,0,0,0,0,0,0,0,0
11,1,0,0,0,0,0,0,0,0,0,0,11,3,0,0,0,0,0,0,0,0,-1,0,0,0,0,0,0,0,0,0
10,1,0,0,0,0,0,0,0,0,0,0,10,3,0,0,0,0,0,0,0,0,-1,0,0,0,0,0,0,0,0,0
18,1,0,0,0,0,0,0,0,0,0,0,18,3,0,0,0,0,0,0,0,0,-1,0,0,0,0,0,0,0,0,0
6,1,0,0,0,0,0,0,0,0,0,0,6,2,0,0,0,0,0,0,0,0,-1,0,0,0,0,0,0,0,0,0
9,1,0,0,0,0,0,0,0,0,0,0,9,2,0,0,0,0,0,0,0,0,-1,0,0,0,0,0,0,0,0,0
10,1,0,0,0,0,0,0,0,0,0,0,10,3,0,0,0,0,0,0,0,0,-1,0,0,0,0,0,0,0,0,0
18,1,0,1,0,0,0,0,0,0,0,0,18,3,0,0,0,0,0,0,0,0,-1,0,0,0,0,0,0,0,0,0
10,1,0,0,0,0,0,0,0,0,0,0,10,3,0,0,0,0,0,0,0,0,-1,0,0,0,0,0,0,0,0,0
12,1,0,0,0,0,0,0,0,0,0,0,12,3,0,0,0,0,0,0,0,0,-1,0,0,0,0,0,0,0,0,0
7,1,0,0,0,0,0,0,0,0,0,0,7,3,0,0,0,0,0,0,0,0,-1,0,0,0,0,0,0,0,0,0
15,1,0,0,0,0,0,0,0,0,0,0,15,3,0,0,0,0,0,0,0,0,-1,0,0,0,0,0,0,0,0,0
14,1,0,0,0,0,0,0,0,0,0,0,14,2,0,0,0,0,0,0,0,0,-1,0,0,0,0,0,0,0,0,0
9,1,0,0,0,0,0,0,0,0,0,0,9,3,0,0,0,0,0,0,0,0,-1,0,0,0,0,0,0,0,0,0
13,1,0,0,0,0,0,0,0,0,0,0,13,3,0,0,0,0,0,0,0,0,-1,0,0,0,0,0,0,0,0,0
8,1,0,0,0,0,0,0,0,0,0,0,8,2,0,0,0,0,0,0,0,0,-1,0,0,0,0,0,0,0,0,0
11,1,0,0,0,0,0,0,0,0,0,0,11,3,0,0,0,0,0,0,0,0,-1,0,0,0,0,0,0,0,0,0
13,1,0,0,0,0,0,0,0,0,0,0,13,3,0,0,0,0,0,0,0,0,-1,0,0,0,0,0,0,0,0,0
11,1,0,0,0,0,0,0,0,0,0,0,11,3,0,0,0,0,0,0,0,0,-1,0,0,0,0,0,0,0,0,0
6,1,0,0,0,0,0,0,0,0,0,0,6,2,0,0,0,0,0,0,0,0,-1,0,0,0,0,0,0,0,0,0
10,1,0,0,0,0,0,0,0,0,0,0,10,3,0,0,0,0,0,0,0,0,-1,0,0,0,0,0,0,0,0,0
12,1,0,0,0,0,0,0,0,0,0,0,12,3,0,0,0,0,0,0,0,0,-1,0,0,0,0,0,0,0,0,0
13,1,0,0,0,0,0,0,0,0,0,0,13,3,0,0,0,0,0,0,0,0,-1,0,0,0,0,0,0,0,0,0
12,1,0,0,0,0,0,0,0,0,0,0,12,2,0,0,0,0,0,0,0,0,-1,0,0,0,0,0,0,0,0,0
11,1,0,0,0,0,0,0,0,0,0,0,11,2,0,0,0,0,0,0,0,0,-1,0,0,0,0,0,0,0,0,0
15,1,0,0,0,0,0,0,0,0,0,0,15,3,0,0,0,0,0,0,0,0,-1,0,0,0,0,0,0,0,0,0
14,1,0,0,0,0,0,0,0,0,0,0,14,3,0,0,0,0,0,0,0,0,-1,0,0,0,0,0,0,0,0,0
12,1,0,0,0,0,0,0,0,0,0,0,12,3,0,0,0,0,0,0,0,0,-1,0,0,0,0,0,0,0,0,0
10,1,0,0,0,0,0,0,0,0,0,0,10,2,0,0,0,0,0,0,0,0,-1,0,0,0,0,0,0,0,0,0
12,1,0,0,0,0,0,0,0,0,0,0,12,2,0,0,0,0,0,0,0,0,-1,0,0,0,0,0,0,0,0,0
10,1,0,0,0,0,0,0,0,0,0,0,10,2,0,0,0,0,0,0,0,0,-1,0,0,0,0,0,0,0,0,0
13,1,0,0,0,0,0,0,0,0,0,0,13,3,0,0,0,0,0,0,0,0,-1,0,0,0,0,0,0,0,0,0
13,1,0,0,0,0,0,0,0,0,0,0,13,3,0,0,0,0,0,0,0,0,-1,0,0,0,0,0,0,0,0,0
5,1,0,0,0,0,0,0,0,0,0,0,5,2,0,0,0,0,0,0,0,0,-1,0,0,0,0,0,0,0,0,0
6,1,0,0,0,0,0,0,0,0,0,0,6,3,0,0,0,0,0,0,0,0,-1,0,0,0,0,0,0,0,0,0
8,1,0,0,0,0,0,0,0,0,0,0,8,3,0,0,0,0,0,0,0,0,-1,0,0,0,0,0,0,0,0,0
13,1,0,0,0,0,0,0,0,0,0,0,13,3,0,0,0,0,0,0,0,0,-1,0,0,0,0,0,0,0,0,0
9,1,0,0,0,0,0,0,0,0,0,0,9,2,0,0,0,0,0,0,0,0,-1,0,0,0,0,0,0,0,0,0
13,1,0,0,0,0,0,0,0,0,0,0,13,3,0,0,0,0,0,0,0,0,-1,0,0,0,0,0,0,0,0,0
14,1,0,0,0,0,0,0,0,0,0,0,14,3,0,0,0,0,0,0,0,0,-1,0,0,0,0,0,0,0,0,0
10,1,0,0,0,0,0,0,0,0,0,0,10,3,0,0,0,0,0,0,0,0,-1,0,0,0,0,0,0,0,0,0
10,1,0,0,0,0,0,0,0,0,0,0,10,2,0,0,0,0,0,0,0,0,-1,0,0,0,0,0,0,0,0,0
14,1,0,0,0,0,0,0,0,0,0,0,14,3,0,0,0,0,0,0,0,0,-1,0,0,0,0,0,0,0,0,0
14,2,0,0,0,0,0,0,0,0,0,1,14,2,0,0,0,0,0,0,0,0,-1,0,0,0,0,0,0,0,0,0
8,1,0,0,0,0,0,0,0,0,0,0,8,3,0,0,0,0,0,0,0,0,-1,0,0,0,0,0,0,0,0,0
12,1,0,0,0,0,0,0,0,0,0,0,12,2,0,0,0,0,0,0,0,0,-1,0,0,0,0,0,0,0,0,0
13,1,0,0,0,0,0,0,0,0,0,0,13,3,0,0,0,0,0,0,0,0,-1,0,0,0,0,0,0,0,0,0
13,1,0,0,0,0,0,0,0,0,0,0,13,3,0,0,0,0,0,0,0,0,-1,0,0,0,0,0,0,0,0,0
7,1,0,0,0,0,0,0,0,0,0,0,7,2,0,0,0,0,0,0,0,0,-1,0,0,0,0,0,0,0,0,0
12,1,0,0,0,0,0,0,0,0,0,0,12,2,0,0,0,0,0,0,0,0,-1,0,0,0,0,0,0,0,0,0
10,1,0,0,0,0,0,0,0,0,0,0,10,2,0,0,0,0,0,0,0,0,-1,0,0,0,0,0,0,0,0,0
10,1,0,0,0,0,0,0,0,0,0,0,10,3,0,0,0,0,0,0,0,0,-1,0,0,0,0,0,0,0,0,0
28,1,0,2,0,0,0,0,0,0,0,0,28,3,0,0,0,0,0,0,0,0,-1,0,0,0,0,0,0,0,0,0
11,1,0,0,0,0,0,0,0,0,0,0,11,3,0,0,0,0,0,0,0,0,-1,0,0,0,0,0,0,0,0,0
6,1,0,0,0,0,0,0,0,0,0,0,6,2,0,0,0,0,0,0,0,0,-1,0,0,0,0,0,0,0,0,0
11,1,0,0,0,0,0,0,0,0,0,0,11,3,0,0,0,0,0,0,0,0,-1,0,0,0,0,0,0,0,0,0
15,1,0,0,0,0,0,0,0,0,0,0,15,3,0,0,0,0,0,0,0,0,-1,0,0,0,0,0,0,0,0,0
9,1,0,0,0,0,0,0,0,0,0,0,9,3,0,0,0,0,0,0,0,0,-1,0,0,0,0,0,0,0,0,0
14,1,0,0,0,0,0,0,0,0,0,0,14,3,0,0,0,0,0,0,0,0,-1,0,0,0,0,0,0,0,0,0
13,1,0,0,0,0,0,0,0,0,0,0,13,2,0,0,0,0,0,0,0,0,-1,0,0,0,0,0,0,0,0,0
10,1,0,0,0,0,0,0,0,0,0,0,10,3,0,0,0,0,0,0,0,0,-1,0,0,0,0,0,0,0,0,0
11,1,0,0,0,0,0,0,0,0,0,0,11,3,0,0,0,0,0,0,0,0,-1,0,0,0,0,0,0,0,0,0
11,1,0,0,0,0,0,0,0,0,0,0,11,3,0,0,0,0,0,0,0,0,-1,0,0,0,0,0,0,0,0,0
13,1,0,0,0,0,0,0,0,0,0,0,13,2,0,0,0,0,0,0,0,0,-1,0,0,0,0,0,0,0,0,0
8,1,0,0,0,0,0,0,0,0,0,0,8,4,0,0,0,0,0,0,0,0,-1,0,0,0,0,0,0,0,0,0
14,1,0,0,0,0,0,0,0,0,0,0,14,3,0,0,0,0,0,0,0,0,-1,0,0,0,0,0,0,0,0,0
8,1,0,0,0,0,0,0,0,0,0,0,8,2,0,0,0,0,0,0,0,0,-1,0,0,0,0,0,0,0,0,0
15,1,0,0,0,0,0,0,0,0,0,0,15,3,0,0,0,0,0,0,0,0,-1,0,0,0,0,0,0,0,0,0
11,1,0,0,0,0,0,0,0,0,0,0,11,3,0,0,0,0,0,0,0,0,-1,0,0,0,0,0,0,0,0,0
8,1,0,0,0,0,0,0,0,0,0,0,8,2,0,0,0,0,0,0,0,0,-1,0,0,0,0,0,0,0,0,0
10,1,0,0,0,0,0,0,0,0,0,0,10,3,0,0,0,0,0,0,0,0,-1,0,0,0,0,0,0,0,0,0
13,1,0,0,0,0,0,0,0,0,0,0,13,3,0,0,0,0,0,0,0,0,-1,0,0,0,0,0,0,0,0,0
9,1,0,1,0,0,0,0,0,0,0,0,9,3,0,0,0,0,0,0,0,0,-1,0,0,0,0,0,0,0,0,0
15,1,0,0,0,0,0,0,0,0,0,0,15,3,0,0,0,0,0,0,0,0,-1,0,0,0,0,0,0,0,0,0
11,2,0,0,0,0,0,0,0,0,0,1,11,2,0,0,0,0,0,0,0,0,-1,0,0,0,0,0,0,0,0,0
10,1,0,0,0,0,0,0,0,0,0,0,10,3,0,0,0,0,0,0,0,0,-1,0,0,0,0,0,0,0,0,0
9,1,0,0,0,0,0,0,0,0,0,0,9,2,0,0,0,0,0,0,0,0,-1,0,0,0,0,0,0,0,0,0
12,2,0,0,0,0,0,0,0,0,0,1,12,2,0,0,0,0,0,0,0,0,-1,0,0,0,0,0,0,0,0,0
9,1,0,0,0,0,0,0,0,0,0,0,9,2,0,0,0,0,0,0,0,0,-1,0,0,0,0,0,0,0,0,0
14,1,0,0,0,0,0,0,0,0,0,0,14,3,0,0,0,0,0,0,0,0,-1,0,0,0,0,0,0,0,0,0
11,1,0,0,0,0,0,0,0,0,0,0,11,3,0,0,0,0,0,0,0,0,-1,0,0,0,0,0,0,0,0,0
11,1,0,0,0,0,0,0,0,0,0,0,11,3,0,0,0,0,0,0,0,0,-1,0,0,0,0,0,0,0,0,0
9,1,0,0,0,0,0,0,0,0,0,0,9,3,0,0,0,0,0,0,0,0,-1,0,0,0,0,0,0,0,0,0
16,1,0,1,0,0,0,0,0,0,0,0,16,4,0,0,0,0,0,0,0,0,-1,0,0,0,0,0,0,0,0,0
19,1,0,0,0,0,0,0,0,0,0,0,19,3,0,0,0,0,0,0,0,0,-1,0,0,0,0,0,0,0,0,0
12,1,0,0,0,0,0,0,0,0,0,0,12,3,0,0,0,0,0,0,0,0,-1,0,0,0,0,0,0,0,0,0
18,1,0,1,0,0,0,0,0,0,0,0,18,3,0,0,0,0,0,0,0,0,-1,0,0,0,0,0,0,0,0,0
15,1,0,0,0,0,0,0,0,0,0,0,15,3,0,0,0,0,0,0,0,0,-1,0,0,0,0,0,0,0,0,0
16,1,0,0,0,0,0,0,0,0,0,0,16,3,0,0,0,0,0,0,0,0,-1,0,0,0,0,0,0,0,0,0
10,1,0,0,0,0,0,0,0,0,0,0,10,3,0,0,0,0,0,0,0,0,-1,0,0,0,0,0,0,0,0,0
10,1,0,0,0,0,0,0,0,0,0,0,10,3,0,0,0,0,0,0,0,0,-1,0,0,0,0,0,0,0,0,0
12,1,0,0,0,0,0,0,0,0,0,0,12,3,0,0,0,0,0,0,0,0,-1,0,0,0,0,0,0,0,0,0
22,1,0,0,0,0,0,0,0,0,0,0,22,3,0,0,0,0,0,0,0,0,-1,0,0,0,0,0,0,0,0,0
12,1,0,0,0,0,0,0,0,0,0,0,12,3,0,0,0,0,0,0,0,0,-1,0,0,0,0,0,0,0,0,0
10,1,0,1,0,0,0,0,0,0,0,0,10,3,0,0,0,0,0,0,0,0,-1,0,0,0,0,0,0,0,0,0
13,1,0,0,0,0,0,0,0,0,0,0,13,3,0,0,0,0,0,0,0,0,-1,0,0,0,0,0,0,0,0,0
11,1,0,0,0,0,0,0,0,0,0,0,11,3,0,0,0,0,0,0,0,0,-1,0,0,0,0,0,0,0,0,0
9,1,0,0,0,0,0,0,0,0,0,0,9,2,0,0,0,0,0,0,0,0,-1,0,0,0,0,0,0,0,0,0
8,1,0,0,0,0,0,0,0,0,0,0,8,3,0,0,0,0,0,0,0,0,-1,0,0,0,0,0,0,0,0,0
14,1,0,0,0,0,0,0,0,0,0,0,14,3,0,0,0,0,0,0,0,0,-1,0,0,0,0,0,0,0,0,0
8,1,0,1,0,0,0,0,0,0,0,0,8,3,0,0,0,0,0,0,0,0,-1,0,0,0,0,0,0,0,0,0
8,1,0,0,0,0,0,0,0,0,0,0,8,3,0,0,0,0,0,0,0,0,-1,0,0,0,0,0,0,0,0,0
18,1,0,0,0,0,0,0,0,0,0,0,18,3,0,0,0,0,0,0,0,0,-1,0,0,0,0,0,0,0,0,0
21,1,0,0,0,0,0,0,0,0,0,0,21,3,0,0,0,0,0,0,0,0,-1,0,0,0,0,0,0,0,0,0
10,1,0,0,0,0,0,0,0,0,0,0,10,3,0,0,0,0,0,0,0,0,-1,0,0,0,0,0,0,0,0,0
13,1,0,0,0,0,0,0,0,0,0,0,13,3,0,0,0,0,0,0,0,0,-1,0,0,0,0,0,0,0,0,0
10,1,0,0,0,0,0,0,0,0,0,0,10,3,0,0,0,0,0,0,0,0,-1,0,0,0,0,0,0,0,0,0
12,1,0,0,0,0,0,0,0,0,0,0,12,2,0,0,0,0,0,0,0,0,-1,0,0,0,0,0,0,0,0,0
11,1,0,0,0,0,0,0,0,0,0,0,11,3,0,0,0,0,0,0,0,0,-1,0,0,0,0,0,0,0,0,0
11,1,0,0,0,0,0,0,0,0,0,0,11,3,0,0,0,0,0,0,0,0,-1,0,0,0,0,0,0,0,0,0
10,1,0,0,0,0,0,0,0,0,0,0,10,3,0,0,0,0,0,0,0,0,-1,0,0,0,0,0,0,0,0,0
14,1,0,0,0,0,0,0,0,0,0,0,14,3,0,0,0,0,0,0,0,0,-1,0,0,0,0,0,0,0,0,0
6,1,0,0,0,0,0,0,0,0,0,0,6,3,0,0,0,0,0,0,0,0,-1,0,0,0,0,0,0,0,0,0
10,1,0,0,0,0,0,0,0,0,0,0,10,3,0,0,0,0,0,0,0,0,-1,0,0,0,0,0,0,0,0,0
10,1,0,0,0,0,0,0,0,0,0,0,10,3,0,0,0,0,0,0,0,0,-1,0,0,0,0,0,0,0,0,0
16,1,0,0,0,0,0,0,0,0,0,0,16,3,0,0,0,0,0,0,0,0,-1,0,0,0,0,0,0,0,0,0
12,1,0,0,0,0,0,0,0,0,0,0,12,3,0,0,0,0,0,0,0,0,-1,0,0,0,0,0,0,0,0,0
8,1,0,0,0,0,0,0,0,0,0,0,8,2,0,0,0,0,0,0,0,0,-1,0,0,0,0,0,0,0,0,0
9,1,0,0,0,0,0,0,0,0,0,0,9,2,0,0,0,0,0,0,0,0,-1,0,0,0,0,0,0,0,0,0
13,1,0,0,0,0,0,0,0,0,0,0,13,2,0,0,0,0,0,0,0,0,-1,0,0,0,0,0,0,0,0,0
11,1,0,0,0,0,0,0,0,0,0,0,11,3,0,0,0,0,0,0,0,0,-1,0,0,0,0,0,0,0,0,0
11,1,0,0,0,0,0,0,0,0,0,0,11,3,0,0,0,0,0,0,0,0,-1,0,0,0,0,0,0,0,0,0
13,1,0,0,0,0,0,0,0,0,0,0,13,2,0,0,0,0,0,0,0,0,-1,0,0,0,0,0,0,0,0,0
8,1,0,0,0,0,0,0,0,0,0,0,8,3,0,0,0,0,0,0,0,0,-1,0,0,0,0,0,0,0,0,0
10,1,0,0,0,0,0,0,0,0,0,0,10,2,0,0,0,0,0,0,0,0,-1,0,0,0,0,0,0,0,0,0
10,1,0,0,0,0,0,0,0,0,0,0,10,3,0,0,0,0,0,0,0,0,-1,0,0,0,0,0,0,0,0,0
7,1,0,0,0,0,0,0,0,0,0,0,7,3,0,0,0,0,0,0,0,0,-1,0,0,0,0,0,0,0,0,0
8,1,0,0,0,0,0,0,0,0,0,0,8,2,0,0,0,0,0,0,0,0,-1,0,0,0,0,0,0,0,0,0
13,1,0,0,0,0,0,0,0,0,0,0,13,3,0,0,0,0,0,0,0,0,-1,0,0,0,0,0,0,0,0,0
9,1,0,0,0,0,0,0,0,0,0,0,9,2,0,0,0,0,0,0,0,0,-1,0,0,0,0,0,0,0,0,0
10,1,0,0,0,0,0,0,0,0,0,0,10,3,0,0,0,0,0,0,0,0,-1,0,0,0,0,0,0,0,0,0
12,1,0,0,0,0,0,0,0,0,0,0,12,3,0,0,0,0,0,0,0,0,-1,0,0,0,0,0,0,0,0,0
15,1,0,0,0,0,0,0,0,0,0,0,15,3,0,0,0,0,0,0,0,0,-1,0,0,0,0,0,0,0,0,0
11,1,0,0,0,0,0,0,0,0,0,0,11,3,0,0,0,0,0,0,0,0,-1,0,0,0,0,0,0,0,0,0
14,1,0,0,0,0,0,0,0,0,0,0,14,3,0,0,0,0,0,0,0,0,-1,0,0,0,0,0,0,0,0,0
10,1,0,0,0,0,0,0,0,0,0,0,10,3,0,0,0,0,0,0,0,0,-1,0,0,0,0,0,0,0,0,0
8,1,0,0,0,0,0,0,0,0,0,0,8,3,0,0,0,0,0,0,0,0,-1,0,0,0,0,0,0,0,0,0
7,1,0,0,0,0,0,0,0,0,0,0,7,3,0,0,0,0,0,0,0,0,-1,0,0,0,0,0,0,0,0,0
14,1,0,0,0,0,0,0,0,0,0,0,14,3,0,0,0,0,0,0,0,0,-1,0,0,0,0,0,0,0,0,0
11,1,0,0,0,0,0,0,0,0,0,0,11,3,0,0,0,0,0,0,0,0,-1,0,0,0,0,0,0,0,0,0
8,1,0,0,0,0,0,0,0,0,0,0,8,2,0,0,0,0,0,0,0,0,-1,0,0,0,0,0,0,0,0,0
9,1,0,0,0,0,0,0,0,0,0,0,9,3,0,0,0,0,0,0,0,0,-1,0,0,0,0,0,0,0,0,0
14,1,0,0,0,0,0,0,0,0,0,0,14,3,0,0,0,0,0,0,0,0,-1,0,0,0,0,0,0,0,0,0
17,1,0,1,0,0,0,0,0,0,0,0,17,3,0,0,0,0,0,0,0,0,-1,0,0,0,0,0,0,0,0,0
13,1,0,0,0,0,0,0,0,0,0,0,13,3,0,0,0,0,0,0,0,0,-1,0,0,0,0,0,0,0,0,0
14,1,0,0,0,0,0,0,0,0,0,0,14,3,0,0,0,0,0,0,0,0,-1,0,0,0,0,0,0,0,0,0
21,1,0,2,0,0,0,0,0,0,0,0,21,3,0,0,0,0,0,0,0,0,-1,0,0,0,0,0,0,0,0,0
11,1,0,0,0,0,0,0,0,0,0,0,11,2,0,0,0,0,0,0,0,0,-1,0,0,0,0,0,0,0,0,0
11,1,0,0,0,0,0,0,0,0,0,0,11,2,0,0,0,0,0,0,0,0,-1,0,0,0,0,0,0,0,0,0
12,1,0,0,0,0,0,0,0,0,0,0,12,3,0,0,0,0,0,0,0,0,-1,0,0,0,0,0,0,0,0,0
13,1,0,0,0,0,0,0,0,0,0,0,13,2,0,0,0,0,0,0,0,0,-1,0,0,0,0,0,0,0,0,0
11,1,0,0,0,0,0,0,0,0,0,0,11,3,0,0,0,0,0,0,0,0,-1,0,0,0,0,0,0,0,0,0
15,1,0,0,0,0,0,0,0,0,0,0,15,3,0,0,0,0,0,0,0,0,-1,0,0,0,0,0,0,0,0,0
14,1,0,1,0,0,0,0,0,0,0,0,14,3,0,0,0,0,0,0,0,0,-1,0,0,0,0,0,0,0,0,0
9,1,0,0,0,0,0,0,0,0,0,0,9,2,0,0,0,0,0,0,0,0,-1,0,0,0,0,0,0,0,0,0
11,1,0,0,0,0,0,0,0,0,0,0,11,3,0,0,0,0,0,0,0,0,-1,0,0,0,0,0,0,0,0,0
10,1,0,0,0,0,0,0,0,0,0,0,10,3,0,0,0,0,0,0,0,0,-1,0,0,0,0,0,0,0,0,0
12,1,0,0,0,0,0,0,0,0,0,0,12,3,0,0,0,0,0,0,0,0,-1,0,0,0,0,0,0,0,0,0
11,1,0,0,0,0,0,0,0,0,0,0,11,3,0,0,0,0,0,0,0,0,-1,0,0,0,0,0,0,0,0,0
15,1,0,1,0,0,0,0,0,0,0,0,15,3,0,0,0,0,0,0,0,0,-1,0,0,0,0,0,0,0,0,0
15,1,0,0,0,0,0,0,0,0,0,0,15,3,0,0,0,0,0,0,0,0,-1,0,0,0,0,0,0,0,0,0
13,1,0,1,0,0,0,0,0,0,0,0,13,3,0,0,0,0,0,0,0,0,-1,0,0,0,0,0,0,0,0,0
12,1,0,0,0,0,0,0,0,0,0,0,12,3,0,0,0,0,0,0,0,0,-1,0,0,0,0,0,0,0,0,0
14,1,0,0,0,0,0,0,0,0,0,0,14,3,0,0,0,0,0,0,0,0,-1,0,0,0,0,0,0,0,0,0
10,1,0,0,0,0,0,0,0,0,0,0,10,3,0,0,0,0,0,0,0,0,-1,0,0,0,0,0,0,0,0,0
7,1,0,0,0,0,0,0,0,0,0,0,7,2,0,0,0,0,0,0,0,0,-1,0,0,0,0,0,0,0,0,0
15,1,0,0,0,0,0,0,0,0,0,0,15,3,0,0,0,0,0,0,0,0,-1,0,0,0,0,0,0,0,0,0
9,1,0,0,0,0,0,0,0,0,0,0,9,3,0,0,0,0,0,0,0,0,-1,0,0,0,0,0,0,0,0,0
10,1,0,1,0,0,0,0,0,0,0,0,10,3,0,0,0,0,0,0,0,0,-1,0,0,0,0,0,0,0,0,0
11,1,0,0,0,0,0,0,0,0,0,0,11,3,0,0,0,0,0,0,0,0,-1,0,0,0,0,0,0,0,0,0
9,1,0,0,0,0,0,0,0,0,0,0,9,3,0,0,0,0,0,0,0,0,-1,0,0,0,0,0,0,0,0,0
12,1,0,0,0,0,0,0,0,0,0,0,12,3,0,0,0,0,0,0,0,0,-1,0,0,0,0,0,0,0,0,0
9,1,0,0,0,0,0,0,0,0,0,0,9,2,0,0,0,0,0,0,0,0,-1,0,0,0,0,0,0,0,0,0
14,1,0,1,0,0,0,0,0,0,0,0,14,3,0,0,0,0,0,0,0,0,-1,0,0,0,0,0,0,0,0,0
14,1,0,0,0,0,0,0,0,0,0,0,14,3,0,0,0,0,0,0,0,0,-1,0,0,0,0,0,0,0,0,0
16,1,0,0,0,0,0,0,0,0,0,0,16,3,0,0,0,0,0,0,0,0,-1,0,0,0,0,0,0,0,0,0
15,1,0,0,0,0,0,0,0,0,0,0,15,2,0,0,0,0,0,0,0,0,-1,0,0,0,0,0,0,0,0,0
12,1,0,0,0,0,0,0,0,0,0,0,12,3,0,0,0,0,0,0,0,0,-1,0,0,0,0,0,0,0,0,0
14,1,0,1,0,0,0,0,0,0,0,0,14,3,0,0,0,0,0,0,0,0,-1,0,0,0,0,0,0,0,0,0
11,1,0,0,0,0,0,0,0,0,0,0,11,3,0,0,0,0,0,0,0,0,-1,0,0,0,0,0,0,0,0,0
9,1,0,0,0,0,0,0,0,0,0,0,9,3,0,0,0,0,0,0,0,0,-1,0,0,0,0,0,0,0,0,0
13,1,0,0,0,0,0,0,0,0,0,0,13,3,0,0,0,0,0,0,0,0,-1,0,0,0,0,0,0,0,0,0
17,1,0,0,0,0,0,0,0,0,0,0,17,3,0,0,0,0,0,0,0,0,-1,0,0,0,0,0,0,0,0,0
10,1,0,0,0,0,0,0,0,0,0,0,10,3,0,0,0,0,0,0,0,0,-1,0,0,0,0,0,0,0,0,0
7,1,0,0,0,0,0,0,0,0,0,0,7,3,0,0,0,0,0,0,0,0,-1,0,0,0,0,0,0,0,0,0
13,1,0,0,0,0,0,0,0,0,0,0,13,3,0,0,0,0,0,0,0,0,-1,0,0,0,0,0,0,0,0,0
12,1,0,0,0,0,0,0,0,0,0,0,12,3,0,0,0,0,0,0,0,0,-1,0,0,0,0,0,0,0,0,0
14,1,0,0,0,0,0,0,0,0,0,0,14,3,0,0,0,0,0,0,0,0,-1,0,0,0,0,0,0,0,0,0
9,1,0,0,0,0,0,0,0,0,0,0,9,3,0,0,0,0,0,0,0,0,-1,0,0,0,0,0,0,0,0,0
18,1,0,0,0,0,0,0,0,0,0,0,18,3,0,0,0,0,0,0,0,0,-1,0,0,0,0,0,0,0,0,0
14,1,0,0,0,0,0,0,0,0,0,0,14,3,0,0,0,0,0,0,0,0,-1,0,0,0,0,0,0,0,0,0
12,1,0,0,0,0,0,0,0,0,0,0,12,3,0,0,0,0,0,0,0,0,-1,0,0,0,0,0,0,0,0,0
8,1,0,0,0,0,0,0,0,0,0,0,8,3,0,0,0,0,0,0,0,0,-1,0,0,0,0,0,0,0,0,0
7,1,0,0,0,0,0,0,0,0,0,0,7,2,0,0,0,0,0,0,0,0,-1,0,0,0,0,0,0,0,0,0
10,1,0,0,0,0,0,0,0,0,0,0,10,3,0,0,0,0,0,0,0,0,-1,0,0,0,0,0,0,0,0,0
14,1,0,0,0,0,0,0,0,0,0,0,14,3,0,0,0,0,0,0,0,0,-1,0,0,0,0,0,0,0,0,0
7,1,0,0,0,0,0,0,0,0,0,0,7,3,0,0,0,0,0,0,0,0,-1,0,0,0,0,0,0,0,0,0
13,1,0,0,0,0,0,0,0,0,0,0,13,3,0,0,0,0,0,0,0,0,-1,0,0,0,0,0,0,0,0,0
11,1,0,0,0,0,0,0,0,0,0,0,11,3,0,0,0,0,0,0,0,0,-1,0,0,0,0,0,0,0,0,0
17,1,0,0,0,0,0,0,0,0,0,0,17,3,0,0,0,0,0,0,0,0,-1,0,0,0,0,0,0,0,0,0
9,1,0,0,0,0,0,0,0,0,0,0,9,3,0,0,0,0,0,0,0,0,-1,0,0,0,0,0,0,0,0,0
10,1,0,0,0,0,0,0,0,0,0,0,10,3,0,0,0,0,0,0,0,0,-1,0,0,0,0,0,0,0,0,0
9,1,0,0,0,0,0,0,0,0,0,0,9,2,0,0,0,0,0,0,0,0,-1,0,0,0,0,0,0,0,0,0
12,1,0,1,0,0,0,0,0,0,0,0,12,3,0,0,0,0,0,0,0,0,-1,0,0,0,0,0,0,0,0,0
14,1,0,0,0,0,0,0,0,0,0,0,14,2,0,0,0,0,0,0,0,0,-1,0,0,0,0,0,0,0,0,0
17,1,0,0,0,0,0,0,0,0,0,0,17,3,0,0,0,0,0,0,0,0,-1,0,0,0,0,0,0,0,0,0
11,1,0,0,0,0,0,0,0,0,0,0,11,3,0,0,0,0,0,0,0,0,-1,0,0,0,0,0,0,0,0,0
10,1,0,0,0,0,0,0,0,0,0,0,10,3,0,0,0,0,0,0,0,0,-1,0,0,0,0,0,0,0,0,0
8,1,0,0,0,0,0,0,0,0,0,0,8,3,0,0,0,0,0,0,0,0,-1,0,0,0,0,0,0,0,0,0
10,2,0,0,0,0,0,0,0,0,0,1,10,2,0,0,0,0,0,0,0,0,-1,0,0,0,0,0,0,0,0,0
9,1,0,0,0,0,0,0,0,0,0,0,9,2,0,0,0,0,0,0,0,0,-1,0,0,0,0,0,0,0,0,0
13,1,0,0,0,0,0,0,0,0,0,0,13,3,0,0,0,0,0,0,0,0,-1,0,0,0,0,0,0,0,0,0
22,1,0,0,0,0,0,0,0,0,0,0,22,3,0,0,0,0,0,0,0,0,-1,0,0,0,0,0,0,0,0,0
11,1,0,1,0,0,0,0,0,0,0,0,11,3,0,0,0,0,0,0,0,0,-1,0,0,0,0,0,0,0,0,0
11,1,0,0,0,0,0,0,0,0,0,0,11,2,0,0,0,0,0,0,0,0,-1,0,0,0,0,0,0,0,0,0
9,1,0,0,0,0,0,0,0,0,0,0,9,3,0,0,0,0,0,0,0,0,-1,0,0,0,0,0,0,0,0,0
12,1,0,0,0,0,0,0,0,0,0,0,12,3,0,0,0,0,0,0,0,0,-1,0,0,0,0,0,0,0,0,0
8,1,0,0,0,0,0,0,0,0,0,0,8,3,0,0,0,0,0,0,0,0,-1,0,0,0,0,0,0,0,0,0
13,2,0,0,0,0,0,0,0,0,0,1,13,2,0,0,0,0,0,0,0,0,-1,0,0,0,0,0,0,0,0,0
9,1,0,0,0,0,0,0,0,0,0,0,9,3,0,0,0,0,0,0,0,0,-1,0,0,0,0,0,0,0,0,0
13,1,0,0,0,0,0,0,0,0,0,0,13,3,0,0,0,0,0,0,0,0,-1,0,0,0,0,0,0,0,0,0
14,1,0,0,0,0,0,0,0,0,0,0,14,3,0,0,0,0,0,0,0,0,-1,0,0,0,0,0,0,0,0,0
8,1,0,0,0,0,0,0,0,0,0,0,8,3,0,0,0,0,0,0,0,0,-1,0,0,0,0,0,0,0,0,0
8,1,0,0,0,0,0,0,0,0,0,0,8,3,0,0,0,0,0,0,0,0,-1,0,0,0,0,0,0,0,0,0
13,1,0,0,0,0,0,0,0,0,0,0,13,3,0,0,0,0,0,0,0,0,-1,0,0,0,0,0,0,0,0,0
14,1,0,0,0,0,0,0,0,0,0,0,14,3,0,0,0,0,0,0,0,0,-1,0,0,0,0,0,0,0,0,0
24,1,0,0,0,0,0,0,0,0,0,0,24,3,0,0,0,0,0,0,0,0,-1,0,0,0,0,0,0,0,0,0
17,1,0,3,0,0,0,0,0,0,0,0,17,3,0,0,0,0,0,0,0,0,-1,0,0,0,0,0,0,0,0,0
13,1,0,0,0,0,0,0,0,0,0,0,13,3,0,0,0,0,0,0,0,0,-1,0,0,0,0,0,0,0,0,0
6,1,0,0,0,0,0,0,0,0,0,0,6,2,0,0,0,0,0,0,0,0,-1,0,0,0,0,0,0,0,0,0
7,1,0,0,0,0,0,0,0,0,0,0,7,2,0,0,0,0,0,0,0,0,-1,0,0,0,0,0,0,0,0,0
15,1,0,0,0,0,0,0,0,0,0,0,15,3,0,0,0,0,0,0,0,0,-1,0,0,0,0,0,0,0,0,0
10,1,0,0,0,0,0,0,0,0,0,0,10,3,0,0,0,0,0,0,0,0,-1,0,0,0,0,0,0,0,0,0
16,1,0,0,0,0,0,0,0,0,0,0,16,3,0,0,0,0,0,0,0,0,-1,0,0,0,0,0,0,0,0,0
10,1,0,0,0,0,0,0,0,0,0,0,10,2,0,0,0,0,0,0,0,0,-1,0,0,0,0,0,0,0,0,0
9,1,0,0,0,0,0,0,0,0,0,0,9,3,0,0,0,0,0,0,0,0,-1,0,0,0,0,0,0,0,0,0
13,1,0,0,0,0,0,0,0,0,0,0,13,3,0,0,0,0,0,0,0,0,-1,0,0,0,0,0,0,0,0,0
7,1,0,0,0,0,0,0,0,0,0,0,7,3,0,0,0,0,0,0,0,0,-1,0,0,0,0,0,0,0,0,0
6,1,0,0,0,0,0,0,0,0,0,0,6,3,0,0,0,0,0,0,0,0,-1,0,0,0,0,0,0,0,0,0
14,1,0,0,0,0,0,0,0,0,0,0,14,4,0,0,0,0,0,0,0,0,-1,0,0,0,0,0,0,0,0,0
11,1,0,0,0,0,0,0,0,0,0,0,11,3,0,0,0,0,0,0,0,0,-1,0,0,0,0,0,0,0,0,0
16,1,0,0,0,0,0,0,0,0,0,0,16,3,0,0,0,0,0,0,0,0,-1,0,0,0,0,0,0,0,0,0
12,1,0,0,0,0,0,0,0,0,0,0,12,3,0,0,0,0,0,0,0,0,-1,0,0,0,0,0,0,0,0,0
14,1,0,0,0,0,0,0,0,0,0,0,14,3,0,0,0,0,0,0,0,0,-1,0,0,0,0,0,0,0,0,0
15,1,0,0,0,0,0,0,0,0,0,0,15,3,0,0,0,0,0,0,0,0,-1,0,0,0,0,0,0,0,0,0
13,1,0,0,0,0,0,0,0,0,0,0,13,3,0,0,0,0,0,0,0,0,-1,0,0,0,0,0,0,0,0,0
7,1,0,0,0,0,0,0,0,0,0,0,7,2,0,0,0,0,0,0,0,0,-1,0,0,0,0,0,0,0,0,0
9,1,0,1,0,0,0,0,0,0,0,0,9,2,0,0,0,0,0,0,0,0,-1,0,0,0,0,0,0,0,0,0
7,1,0,0,0,0,0,0,0,0,0,0,7,3,0,0,0,0,0,0,0,0,-1,0,0,0,0,0,0,0,0,0
11,1,0,0,0,0,0,0,0,0,0,0,11,3,0,0,0,0,0,0,0,0,-1,0,0,0,0,0,0,0,0,0
9,1,0,0,0,0,0,0,0,0,0,0,9,3,0,0,0,0,0,0,0,0,-1,0,0,0,0,0,0,0,0,0
15,1,0,0,0,0,0,0,0,0,0,0,15,3,0,0,0,0,0,0,0,0,-1,0,0,0,0,0,0,0,0,0
12,1,0,0,0,0,0,0,0,0,0,0,12,2,0,0,0,0,0,0,0,0,-1,0,0,0,0,0,0,0,0,0
16,1,0,0,0,0,0,0,0,0,0,0,16,3,0,0,0,0,0,0,0,0,-1,0,0,0,0,0,0,0,0,0
10,1,0,0,0,0,0,0,0,0,0,0,10,2,0,0,0,0,0,0,0,0,-1,0,0,0,0,0,0,0,0,0
14,1,0,0,0,0,0,0,0,0,0,0,14,3,0,0,0,0,0,0,0,0,-1,0,0,0,0,0,0,0,0,0
15,1,0,0,0,0,0,0,0,0,0,0,15,3,0,0,0,0,0,0,0,0,-1,0,0,0,0,0,0,0,0,0
11,1,0,0,0,0,0,0,0,0,0,0,11,3,0,0,0,0,0,0,0,0,-1,0,0,0,0,0,0,0,0,0
11,1,0,0,0,0,0,0,0,0,0,0,11,3,0,0,0,0,0,0,0,0,-1,0,0,0,0,0,0,0,0,0
7,1,0,0,0,0,0,0,0,0,0,0,7,3,0,0,0,0,0,0,0,0,-1,0,0,0,0,0,0,0,0,0
19,2,0,0,0,0,0,0,0,0,0,1,19,2,0,0,0,0,0,0,0,0,-1,0,0,0,0,0,0,0,0,0
12,1,0,0,0,0,0,0,0,0,0,0,12,3,0,0,0,0,0,0,0,0,-1,0,0,0,0,0,0,0,0,0
10,1,0,0,0,0,0,0,0,0,0,0,10,3,0,0,0,0,0,0,0,0,-1,0,0,0,0,0,0,0,0,0
11,1,0,0,0,0,0,0,0,0,0,0,11,2,0,0,0,0,0,0,0,0,-1,0,0,0,0,0,0,0,0,0
12,1,0,0,0,0,0,0,0,0,0,0,12,3,0,0,0,0,0,0,0,0,-1,0,0,0,0,0,0,0,0,0
10,1,0,0,0,0,0,0,0,0,0,0,10,2,0,0,0,0,0,0,0,0,-1,0,0,0,0,0,0,0,0,0
16,1,0,1,0,0,0,0,0,0,0,0,16,3,0,0,0,0,0,0,0,0,-1,0,0,0,0,0,0,0,0,0
6,1,0,0,0,0,0,0,0,0,0,0,6,2,0,0,0,0,0,0,0,0,-1,0,0,0,0,0,0,0,0,0
15,1,0,0,0,0,0,0,0,0,0,0,15,3,0,0,0,0,0,0,0,0,-1,0,0,0,0,0,0,0,0,0
11,1,0,0,0,0,0,0,0,0,0,0,11,3,0,0,0,0,0,0,0,0,-1,0,0,0,0,0,0,0,0,0
10,2,0,0,0,0,0,0,0,0,0,1,10,2,0,0,0,0,0,0,0,0,-1,0,0,0,0,0,0,0,0,0
9,1,0,0,0,0,0,0,0,0,0,0,9,3,0,0,0,0,0,0,0,0,-1,0,0,0,0,0,0,0,0,0
11,1,0,0,0,0,0,0,0,0,0,0,11,3,0,0,0,0,0,0,0,0,-1,0,0,0,0,0,0,0,0,0
13,1,0,0,0,0,0,0,0,0,0,0,13,3,0,0,0,0,0,0,0,0,-1,0,0,0,0,0,0,0,0,0
18,1,0,0,0,0,0,0,0,0,0,0,18,3,0,0,0,0,0,0,0,0,-1,0,0,0,0,0,0,0,0,0
11,1,0,0,0,0,0,0,0,0,0,0,11,3,0,0,0,0,0,0,0,0,-1,0,0,0,0,0,0,0,0,0
10,1,0,0,0,0,0,0,0,0,0,0,10,3,0,0,0,0,0,0,0,0,-1,0,0,0,0,0,0,0,0,0
13,1,0,0,0,0,0,0,0,0,0,0,13,2,0,0,0,0,0,0,0,0,-1,0,0,0,0,0,0,0,0,0
8,1,0,0,0,0,0,0,0,0,0,0,8,3,0,0,0,0,0,0,0,0,-1,0,0,0,0,0,0,0,0,0
13,1,0,0,0,0,0,0,0,0,0,0,13,2,0,0,0,0,0,0,0,0,-1,0,0,0,0,0,0,0,0,0
6,1,0,0,0,0,0,0,0,0,0,0,6,3,0,0,0,0,0,0,0,0,-1,0,0,0,0,0,0,0,0,0
16,1,0,0,0,0,0,0,0,0,0,0,16,3,0,0,0,0,0,0,0,0,-1,0,0,0,0,0,0,0,0,0
7,1,0,0,0,0,0,0,0,0,0,0,7,2,0,0,0,0,0,0,0,0,-1,0,0,0,0,0,0,0,0,0
10,1,0,0,0,0,0,0,0,0,0,0,10,3,0,0,0,0,0,0,0,0,-1,0,0,0,0,0,0,0,0,0
14,1,0,0,0,0,0,0,0,0,0,0,14,3,0,0,0,0,0,0,0,0,-1,0,0,0,0,0,0,0,0,0
10,1,0,0,0,0,0,0,0,0,0,0,10,3,0,0,0,0,0,0,0,0,-1,0,0,0,0,0,0,0,0,0
9,1,0,0,0,0,0,0,0,0,0,0,9,2,0,0,0,0,0,0,0,0,-1,0,0,0,0,0,0,0,0,0
12,1,0,0,0,0,0,0,0,0,0,0,12,3,0,0,0,0,0,0,0,0,-1,0,0,0,0,0,0,0,0,0
14,1,0,0,0,0,0,0,0,0,0,0,14,3,0,0,0,0,0,0,0,0,-1,0,0,0,0,0,0,0,0,0
11,1,0,0,0,0,0,0,0,0,0,0,11,3,0,0,0,0,0,0,0,0,-1,0,0,0,0,0,0,0,0,0
8,1,0,0,0,0,0,0,0,0,0,0,8,3,0,0,0,0,0,0,0,0,-1,0,0,0,0,0,0,0,0,0
8,1,0,0,0,0,0,0,0,0,0,0,8,3,0,0,0,0,0,0,0,0,-1,0,0,0,0,0,0,0,0,0
7,1,0,0,0,0,0,0,0,0,0,0,7,2,0,0,0,0,0,0,0,0,-1,0,0,0,0,0,0,0,0,0
8,1,0,0,0,0,0,0,0,0,0,0,8,3,0,0,0,0,0,0,0,0,-1,0,0,0,0,0,0,0,0,0
13,1,0,0,0,0,0,0,0,0,0,0,13,3,0,0,0,0,0,0,0,0,-1,0,0,0,0,0,0,0,0,0
12,2,0,0,0,0,0,0,0,0,0,1,12,2,0,0,0,0,0,0,0,0,-1,0,0,0,0,0,0,0,0,0
8,1,0,0,0,0,0,0,0,0,0,0,8,3,0,0,0,0,0,0,0,0,-1,0,0,0,0,0,0,0,0,0
11,1,0,0,0,0,0,0,0,0,0,0,11,2,0,0,0,0,0,0,0,0,-1,0,0,0,0,0,0,0,0,0
10,1,0,0,0,0,0,0,0,0,0,0,10,3,0,0,0,0,0,0,0,0,-1,0,0,0,0,0,0,0,0,0
13,2,0,0,0,0,0,0,0,0,0,1,13,2,0,0,0,0,0,0,0,0,-1,0,0,0,0,0,0,0,0,0
13,1,0,0,0,0,0,0,0,0,0,0,13,3,0,0,0,0,0,0,0,0,-1,0,0,0,0,0,0,0,0,0
19,2,0,0,0,0,0,0,0,0,0,1,19,2,0,0,0,0,0,0,0,0,-1,0,0,0,0,0,0,0,0,0
16,1,0,1,0,0,0,0,0,0,0,0,16,3,0,0,0,0,0,0,0,0,-1,0,0,0,0,0,0,0,0,0
8,1,0,0,0,0,0,0,0,0,0,0,8,2,0,0,0,0,0,0,0,0,-1,0,0,0,0,0,0,0,0,0
11,1,0,0,0,0,0,0,0,0,0,0,11,3,0,0,0,0,0,0,0,0,-1,0,0,0,0,0,0,0,0,0
12,1,0,0,0,0,0,0,0,0,0,0,12,3,0,0,0,0,0,0,0,0,-1,0,0,0,0,0,0,0,0,0
14,1,0,0,0,0,0,0,0,0,0,0,14,3,0,0,0,0,0,0,0,0,-1,0,0,0,0,0,0,0,0,0
10,1,0,0,0,0,0,0,0,0,0,0,10,3,0,0,0,0,0,0,0,0,-1,0,0,0,0,0,0,0,0,0
8,1,0,0,0,0,0,0,0,0,0,0,8,2,0,0,0,0,0,0,0,0,-1,0,0,0,0,0,0,0,0,0
12,1,0,0,0,0,0,0,0,0,0,0,12,3,0,0,0,0,0,0,0,0,-1,0,0,0,0,0,0,0,0,0
7,1,0,0,0,0,0,0,0,0,0,0,7,3,0,0,0,0,0,0,0,0,-1,0,0,0,0,0,0,0,0,0
7,1,0,0,0,0,0,0,0,0,0,0,7,3,0,0,0,0,0,0,0,0,-1,0,0,0,0,0,0,0,0,0
14,1,0,0,0,0,0,0,0,0,0,0,14,3,0,0,0,0,0,0,0,0,-1,0,0,0,0,0,0,0,0,0
15,1,0,0,0,0,0,0,0,0,0,0,15,3,0,0,0,0,0,0,0,0,-1,0,0,0,0,0,0,0,0,0
19,1,0,0,0,0,0,0,0,0,0,0,19,3,0,0,0,0,0,0,0,0,-1,0,0,0,0,0,0,0,0,0
11,1,0,0,0,0,0,0,0,0,0,0,11,3,0,0,0,0,0,0,0,0,-1,0,0,0,0,0,0,0,0,0
14,1,0,0,0,0,0,0,0,0,0,0,14,3,0,0,0,0,0,0,0,0,-1,0,0,0,0,0,0,0,0,0
9,1,0,0,0,0,0,0,0,0,0,0,9,3,0,0,0,0,0,0,0,0,-1,0,0,0,0,0,0,0,0,0
6,1,0,0,0,0,0,0,0,0,0,0,6,3,0,0,0,0,0,0,0,0,-1,0,0,0,0,0,0,0,0,0
12,2,0,0,0,0,0,0,0,0,0,1,12,2,0,0,0,0,0,0,0,0,-1,0,0,0,0,0,0,0,0,0
9,1,0,0,0,0,0,0,0,0,0,0,9,3,0,0,0,0,0,0,0,0,-1,0,0,0,0,0,0,0,0,0
9,1,0,0,0,0,0,0,0,0,0,0,9,3,0,0,0,0,0,0,0,0,-1,0,0,0,0,0,0,0,0,0
15,1,0,0,0,0,0,0,0,0,0,0,15,3,0,0,0,0,0,0,0,0,-1,0,0,0,0,0,0,0,0,0
15,1,0,1,0,0,0,0,0,0,0,0,15,3,0,0,0,0,0,0,0,0,-1,0,0,0,0,0,0,0,0,0
8,1,0,0,0,0,0,0,0,0,0,0,8,2,0,0,0,0,0,0,0,0,-1,0,0,0,0,0,0,0,0,0
7,1,0,0,0,0,0,0,0,0,0,0,7,2,0,0,0,0,0,0,0,0,-1,0,0,0,0,0,0,0,0,0
13,1,0,0,0,0,0,0,0,0,0,0,13,3,0,0,0,0,0,0,0,0,-1,0,0,0,0,0,0,0,0,0
10,1,0,0,0,0,0,0,0,0,0,0,10,3,0,0,0,0,0,0,0,0,-1,0,0,0,0,0,0,0,0,0
11,1,0,0,0,0,0,0,0,0,0,0,11,3,0,0,0,0,0,0,0,0,-1,0,0,0,0,0,0,0,0,0
14,1,0,0,0,0,0,0,0,0,0,0,14,3,0,0,0,0,0,0,0,0,-1,0,0,0,0,0,0,0,0,0
13,1,0,0,0,0,0,0,0,0,0,0,13,3,0,0,0,0,0,0,0,0,-1,0,0,0,0,0,0,0,0,0
20,2,0,0,0,0,0,0,0,0,0,1,20,2,0,0,0,0,0,0,0,0,-1,0,0,0,0,0,0,0,0,0
16,1,0,0,0,0,0,0,0,0,0,0,16,2,0,0,0,0,0,0,0,0,-1,0,0,0,0,0,0,0,0,0
8,1,0,0,0,0,0,0,0,0,0,0,8,3,0,0,0,0,0,0,0,0,-1,0,0,0,0,0,0,0,0,0
12,1,0,0,0,0,0,0,0,0,0,0,12,3,0,0,0,0,0,0,0,0,-1,0,0,0,0,0,0,0,0,0
12,1,0,0,0,0,0,0,0,0,0,0,12,3,0,0,0,0,0,0,0,0,-1,0,0,0,0,0,0,0,0,0
14,1,0,0,0,0,0,0,0,0,0,0,14,3,0,0,0,0,0,0,0,0,-1,0,0,0,0,0,0,0,0,0
16,1,0,0,0,0,0,0,0,0,0,0,16,3,0,0,0,0,0,0,0,0,-1,0,0,0,0,0,0,0,0,0
13,1,0,0,0,0,0,0,0,0,0,0,13,3,0,0,0,0,0,0,0,0,-1,0,0,0,0,0,0,0,0,0
7,1,0,0,0,0,0,0,0,0,0,0,7,2,0,0,0,0,0,0,0,0,-1,0,0,0,0,0,0,0,0,0
11,1,0,0,0,0,0,0,0,0,0,0,11,3,0,0,0,0,0,0,0,0,-1,0,0,0,0,0,0,0,0,0
9,1,0,0,0,0,0,0,0,0,0,0,9,3,0,0,0,0,0,0,0,0,-1,0,0,0,0,0,0,0,0,0
11,1,0,0,0,0,0,0,0,0,0,0,11,3,0,0,0,0,0,0,0,0,-1,0,0,0,0,0,0,0,0,0
12,1,0,0,0,0,0,0,0,0,0,0,12,3,0,0,0,0,0,0,0,0,-1,0,0,0,0,0,0,0,0,0
14,1,0,0,0,0,0,0,0,0,0,0,14,4,0,0,0,0,0,0,0,0,-1,0,0,0,0,0,0,0,0,0
12,1,0,0,0,0,0,0,0,0,0,0,12,3,0,0,0,0,0,0,0,0,-1,0,0,0,0,0,0,0,0,0
13,1,0,0,0,0,0,0,0,0,0,0,13,2,0,0,0,0,0,0,0,0,-1,0,0,0,0,0,0,0,0,0
10,1,0,0,0,0,0,0,0,0,0,0,10,3,0,0,0,0,0,0,0,0,-1,0,0,0,0,0,0,0,0,0
9,1,0,0,0,0,0,0,0,0,0,0,9,2,0,0,0,0,0,0,0,0,-1,0,0,0,0,0,0,0,0,0
17,2,0,0,0,0,0,0,0,0,0,1,17,2,0,0,0,0,0,0,0,0,-1,0,0,0,0,0,0,0,0,0
9,1,0,0,0,0,0,0,0,0,0,0,9,3,0,0,0,0,0,0,0,0,-1,0,0,0,0,0,0,0,0,0
7,1,0,0,0,0,0,0,0,0,0,0,7,2,0,0,0,0,0,0,0,0,-1,0,0,0,0,0,0,0,0,0
7,1,0,0,0,0,0,0,0,0,0,0,7,2,0,0,0,0,0,0,0,0,-1,0,0,0,0,0,0,0,0,0
13,1,0,0,0,0,0,0,0,0,0,0,13,3,0,0,0,0,0,0,0,0,-1,0,0,0,0,0,0,0,0,0
7,1,0,0,0,0,0,0,0,0,0,0,7,3,0,0,0,0,0,0,0,0,-1,0,0,0,0,0,0,0,0,0
12,1,0,0,0,0,0,0,0,0,0,0,12,3,0,0,0,0,0,0,0,0,-1,0,0,0,0,0,0,0,0,0
21,1,0,0,0,0,0,0,0,0,0,0,21,3,0,0,0,0,0,0,0,0,-1,0,0,0,0,0,0,0,0,0
11,1,0,0,0,0,0,0,0,0,0,0,11,3,0,0,0,0,0,0,0,0,-1,0,0,0,0,0,0,0,0,0
7,1,0,0,0,0,0,0,0,0,0,0,7,2,0,0,0,0,0,0,0,0,-1,0,0,0,0,0,0,0,0,0
10,1,0,0,0,0,0,0,0,0,0,0,10,2,0,0,0,0,0,0,0,0,-1,0,0,0,0,0,0,0,0,0
12,1,0,0,0,0,0,0,0,0,0,0,12,3,0,0,0,0,0,0,0,0,-1,0,0,0,0,0,0,0,0,0
13,1,0,1,0,0,0,0,0,0,0,0,13,3,0,0,0,0,0,0,0,0,-1,0,0,0,0,0,0,0,0,0
10,1,0,0,0,0,0,0,0,0,0,0,10,3,0,0,0,0,0,0,0,0,-1,0,0,0,0,0,0,0,0,0
11,1,0,0,0,0,0,0,0,0,0,0,11,3,0,0,0,0,0,0,0,0,-1,0,0,0,0,0,0,0,0,0
10,2,0,0,0,0,0,0,0,0,0,1,10,2,0,0,0,0,0,0,0,0,-1,0,0,0,0,0,0,0,0,0
14,1,0,0,0,0,0,0,0,0,0,0,14,3,0,0,0,0,0,0,0,0,-1,0,0,0,0,0,0,0,0,0
12,1,0,0,0,0,0,0,0,0,0,0,12,3,0,0,0,0,0,0,0,0,-1,0,0,0,0,0,0,0,0,0
8,1,0,0,0,0,0,0,0,0,0,0,8,3,0,0,0,0,0,0,0,0,-1,0,0,0,0,0,0,0,0,0
12,1,0,0,0,0,0,0,0,0,0,0,12,3,0,0,0,0,0,0,0,0,-1,0,0,0,0,0,0,0,0,0
30,1,0,3,0,0,0,0,0,0,0,0,30,3,0,0,0,0,0,0,0,0,-1,0,0,0,0,0,0,0,0,0
9,1,0,0,0,0,0,0,0,0,0,0,9,3,0,0,0,0,0,0,0,0,-1,0,0,0,0,0,0,0,0,0
13,2,0,0,0,0,0,0,0,0,0,1,13,2,0,0,0,0,0,0,0,0,-1,0,0,0,0,0,0,0,0,0
11,1,0,0,0,0,0,0,0,0,0,0,11,3,0,0,0,0,0,0,0,0,-1,0,0,0,0,0,0,0,0,0
6,1,0,0,0,0,0,0,0,0,0,0,6,2,0,0,0,0,0,0,0,0,-1,0,0,0,0,0,0,0,0,0
18,1,0,0,0,0,0,0,0,0,0,0,18,3,0,0,0,0,0,0,0,0,-1,0,0,0,0,0,0,0,0,0
17,1,0,1,0,0,0,0,0,0,0,0,17,3,0,0,0,0,0,0,0,0,-1,0,0,0,0,0,0,0,0,0
9,1,0,0,0,0,0,0,0,0,0,0,9,3,0,0,0,0,0,0,0,0,-1,0,0,0,0,0,0,0,0,0
13,2,0,0,0,0,0,0,0,0,0,1,13,2,0,0,0,0,0,0,0,0,-1,0,0,0,0,0,0,0,0,0
9,1,0,0,0,0,0,0,0,0,0,0,9,3,0,0,0,0,0,0,0,0,-1,0,0,0,0,0,0,0,0,0
15,1,0,0,0,0,0,0,0,0,0,0,15,3,0,0,0,0,0,0,0,0,-1,0,0,0,0,0,0,0,0,0
6,1,0,0,0,0,0,0,0,0,0,0,6,2,0,0,0,0,0,0,0,0,-1,0,0,0,0,0,0,0,0,0
11,1,0,0,0,0,0,0,0,0,0,0,11,2,0,0,0,0,0,0,0,0,-1,0,0,0,0,0,0,0,0,0
9,1,0,0,0,0,0,0,0,0,0,0,9,3,0,0,0,0,0,0,0,0,-1,0,0,0,0,0,0,0,0,0
15,1,0,1,0,0,0,0,0,0,0,0,15,2,0,0,0,0,0,0,0,0,-1,0,0,0,0,0,0,0,0,0
12,1,0,0,0,0,0,0,0,0,0,0,12,3,0,0,0,0,0,0,0,0,-1,0,0,0,0,0,0,0,0,0
9,1,0,0,0,0,0,0,0,0,0,0,9,3,0,0,0,0,0,0,0,0,-1,0,0,0,0,0,0,0,0,0
11,1,0,0,0,0,0,0,0,0,0,0,11,3,0,0,0,0,0,0,0,0,-1,0,0,0,0,0,0,0,0,0
14,1,0,0,0,0,0,0,0,0,0,0,14,3,0,0,0,0,0,0,0,0,-1,0,0,0,0,0,0,0,0,0
10,1,0,0,0,0,0,0,0,0,0,0,10,3,0,0,0,0,0,0,0,0,-1,0,0,0,0,0,0,0,0,0
9,1,0,0,0,0,0,0,0,0,0,0,9,2,0,0,0,0,0,0,0,0,-1,0,0,0,0,0,0,0,0,0
13,1,0,0,0,0,0,0,0,0,0,0,13,3,0,0,0,0,0,0,0,0,-1,0,0,0,0,0,0,0,0,0
15,1,0,0,0,0,0,0,0,0,0,0,15,3,0,0,0,0,0,0,0,0,-1,0,0,0,0,0,0,0,0,0
9,1,0,0,0,0,0,0,0,0,0,0,9,3,0,0,0,0,0,0,0,0,-1,0,0,0,0,0,0,0,0,0
13,1,0,0,0,0,0,0,0,0,0,0,13,3,0,0,0,0,0,0,0,0,-1,0,0,0,0,0,0,0,0,0
9,1,0,0,0,0,0,0,0,0,0,0,9,3,0,0,0,0,0,0,0,0,-1,0,0,0,0,0,0,0,0,0
8,1,0,0,0,0,0,0,0,0,0,0,8,3,0,0,0,0,0,0,0,0,-1,0,0,0,0,0,0,0,0,0
12,1,0,0,0,0,0,0,0,0,0,0,12,3,0,0,0,0,0,0,0,0,-1,0,0,0,0,0,0,0,0,0
14,1,0,0,0,0,0,0,0,0,0,0,14,3,0,0,0,0,0,0,0,0,-1,0,0,0,0,0,0,0,0,0
12,2,0,0,0,0,0,0,0,0,0,1,12,2,0,0,0,0,0,0,0,0,-1,0,0,0,0,0,0,0,0,0
10,1,0,0,0,0,0,0,0,0,0,0,10,3,0,0,0,0,0,0,0,0,-1,0,0,0,0,0,0,0,0,0
12,1,0,0,0,0,0,0,0,0,0,0,12,3,0,0,0,0,0,0,0,0,-1,0,0,0,0,0,0,0,0,0
15,1,0,0,0,0,0,0,0,0,0,0,15,3,0,0,0,0,0,0,0,0,-1,0,0,0,0,0,0,0,0,0
10,1,0,0,0,0,0,0,0,0,0,0,10,3,0,0,0,0,0,0,0,0,-1,0,0,0,0,0,0,0,0,0
8,1,0,0,0,0,0,0,0,0,0,0,8,2,0,0,0,0,0,0,0,0,-1,0,0,0,0,0,0,0,0,0
13,1,0,0,0,0,0,0,0,0,0,0,13,2,0,0,0,0,0,0,0,0,-1,0,0,0,0,0,0,0,0,0
13,1,0,0,0,0,0,0,0,0,0,0,13,3,0,0,0,0,0,0,0,0,-1,0,0,0,0,0,0,0,0,0
9,1,0,0,0,0,0,0,0,0,0,0,9,3,0,0,0,0,0,0,0,0,-1,0,0,0,0,0,0,0,0,0
9,1,0,0,0,0,0,0,0,0,0,0,9,2,0,0,0,0,0,0,0,0,-1,0,0,0,0,0,0,0,0,0
9,1,0,0,0,0,0,0,0,0,0,0,9,3,0,0,0,0,0,0,0,0,-1,0,0,0,0,0,0,0,0,0
9,1,0,0,0,0,0,0,0,0,0,0,9,3,0,0,0,0,0,0,0,0,-1,0,0,0,0,0,0,0,0,0
10,1,0,0,0,0,0,0,0,0,0,0,10,3,0,0,0,0,0,0,0,0,-1,0,0,0,0,0,0,0,0,0
6,1,0,0,0,0,0,0,0,0,0,0,6,3,0,0,0,0,0,0,0,0,-1,0,0,0,0,0,0,0,0,0
12,1,0,0,0,0,0,0,0,0,0,0,12,3,0,0,0,0,0,0,0,0,-1,0,0,0,0,0,0,0,0,0
11,1,0,0,0,0,0,0,0,0,0,0,11,3,0,0,0,0,0,0,0,0,-1,0,0,0,0,0,0,0,0,0
11,1,0,0,0,0,0,0,0,0,0,0,11,3,0,0,0,0,0,0,0,0,-1,0,0,0,0,0,0,0,0,0
10,1,0,0,0,0,0,0,0,0,0,0,10,3,0,0,0,0,0,0,0,0,-1,0,0,0,0,0,0,0,0,0
15,1,0,0,0,0,0,0,0,0,0,0,15,2,0,0,0,0,0,0,0,0,-1,0,0,0,0,0,0,0,0,0
12,1,0,0,0,0,0,0,0,0,0,0,12,3,0,0,0,0,0,0,0,0,-1,0,0,0,0,0,0,0,0,0
13,1,0,0,0,0,0,0,0,0,0,0,13,3,0,0,0,0,0,0,0,0,-1,0,0,0,0,0,0,0,0,0
12,1,0,0,0,0,0,0,0,0,0,0,12,3,0,0,0,0,0,0,0,0,-1,0,0,0,0,0,0,0,0,0
12,1,0,0,0,0,0,0,0,0,0,0,12,3,0,0,0,0,0,0,0,0,-1,0,0,0,0,0,0,0,0,0
16,1,0,0,0,0,0,0,0,0,0,0,16,3,0,0,0,0,0,0,0,0,-1,0,0,0,0,0,0,0,0,0
22,1,0,0,0,0,0,0,0,0,0,0,22,3,0,0,0,0,0,0,0,0,-1,0,0,0,0,0,0,0,0,0
13,1,0,0,0,0,0,0,0,0,0,0,13,3,0,0,0,0,0,0,0,0,-1,0,0,0,0,0,0,0,0,0
17,1,0,0,0,0,0,0,0,0,0,0,17,3,0,0,0,0,0,0,0,0,-1,0,0,0,0,0,0,0,0,0
8,1,0,0,0,0,0,0,0,0,0,0,8,3,0,0,0,0,0,0,0,0,-1,0,0,0,0,0,0,0,0,0
6,1,0,0,0,0,0,0,0,0,0,0,6,3,0,0,0,0,0,0,0,0,-1,0,0,0,0,0,0,0,0,0
16,1,0,0,0,0,0,0,0,0,0,0,16,3,0,0,0,0,0,0,0,0,-1,0,0,0,0,0,0,0,0,0
19,1,0,1,0,0,0,0,0,0,0,0,19,3,0,0,0,0,0,0,0,0,-1,0,0,0,0,0,0,0,0,0
15,1,0,0,0,0,0,0,0,0,0,0,15,3,0,0,0,0,0,0,0,0,-1,0,0,0,0,0,0,0,0,0
11,1,0,0,0,0,0,0,0,0,0,0,11,3,0,0,0,0,0,0,0,0,-1,0,0,0,0,0,0,0,0,0
16,1,0,0,0,0,0,0,0,0,0,0,16,3,0,0,0,0,0,0,0,0,-1,0,0,0,0,0,0,0,0,0
8,1,0,0,0,0,0,0,0,0,0,0,8,3,0,0,0,0,0,0,0,0,-1,0,0,0,0,0,0,0,0,0
11,1,0,0,0,0,0,0,0,0,0,0,11,3,0,0,0,0,0,0,0,0,-1,0,0,0,0,0,0,0,0,0
8,1,0,0,0,0,0,0,0,0,0,0,8,3,0,0,0,0,0,0,0,0,-1,0,0,0,0,0,0,0,0,0
8,1,0,0,0,0,0,0,0,0,0,0,8,2,0,0,0,0,0,0,0,0,-1,0,0,0,0,0,0,0,0,0
28,1,0,0,0,0,0,0,0,0,0,0,28,3,0,0,0,0,0,0,0,0,-1,0,0,0,0,0,0,0,0,0
9,1,0,0,0,0,0,0,0,0,0,0,9,2,0,0,0,0,0,0,0,0,-1,0,0,0,0,0,0,0,0,0
12,1,0,0,0,0,0,0,0,0,0,0,12,3,0,0,0,0,0,0,0,0,-1,0,0,0,0,0,0,0,0,0
9,1,0,0,0,0,0,0,0,0,0,0,9,2,0,0,0,0,0,0,0,0,-1,0,0,0,0,0,0,0,0,0
13,1,0,2,0,0,0,0,0,0,0,0,13,2,0,0,0,0,0,0,0,0,-1,0,0,0,0,0,0,0,0,0
5,1,0,0,0,0,0,0,0,0,0,0,5,2,0,0,0,0,0,0,0,0,-1,0,0,0,0,0,0,0,0,0
7,1,0,1,0,0,0,0,0,0,0,0,7,2,0,0,0,0,0,0,0,0,-1,0,0,0,0,0,0,0,0,0
13,1,0,0,0,0,0,0,0,0,0,0,13,2,0,0,0,0,0,0,0,0,-1,0,0,0,0,0,0,0,0,0
14,1,0,0,0,0,0,0,0,0,0,0,14,3,0,0,0,0,0,0,0,0,-1,0,0,0,0,0,0,0,0,0
11,1,0,0,0,0,0,0,0,0,0,0,11,3,0,0,0,0,0,0,0,0,-1,0,0,0,0,0,0,0,0,0
8,1,0,0,0,0,0,0,0,0,0,0,8,2,0,0,0,0,0,0,0,0,-1,0,0,0,0,0,0,0,0,0
10,1,0,0,0,0,0,0,0,0,0,0,10,2,0,0,0,0,0,0,0,0,-1,0,0,0,0,0,0,0,0,0
14,1,0,0,0,0,0,0,0,0,0,0,14,5,0,0,0,0,0,0,0,0,-1,0,0,0,0,0,0,0,0,0
14,1,0,0,0,0,0,0,0,0,0,0,14,3,0,0,0,0,0,0,0,0,-1,0,0,0,0,0,0,0,0,0
12,1,0,0,0,0,0,0,0,0,0,0,12,3,0,0,0,0,0,0,0,0,-1,0,0,0,0,0,0,0,0,0
13,1,0,0,0,0,0,0,0,0,0,0,13,3,0,0,0,0,0,0,0,0,-1,0,0,0,0,0,0,0,0,0
8,2,0,0,0,0,0,0,0,0,0,1,8,2,0,0,0,0,0,0,0,0,-1,0,0,0,0,0,0,0,0,0
12,2,0,0,0,0,0,0,0,0,0,1,12,2,0,0,0,0,0,0,0,0,-1,0,0,0,0,0,0,0,0,0
8,1,0,0,0,0,0,0,0,0,0,0,8,3,0,0,0,0,0,0,0,0,-1,0,0,0,0,0,0,0,0,0
12,1,0,0,0,0,0,0,0,0,0,0,12,3,0,0,0,0,0,0,0,0,-1,0,0,0,0,0,0,0,0,0
9,1,0,0,0,0,0,0,0,0,0,0,9,2,0,0,0,0,0,0,0,0,-1,0,0,0,0,0,0,0,0,0
8,1,0,0,0,0,0,0,0,0,0,0,8,3,0,0,0,0,0,0,0,0,-1,0,0,0,0,0,0,0,0,0
19,2,0,0,0,0,0,0,0,0,0,1,19,2,0,0,0,0,0,0,0,0,-1,0,0,0,0,0,0,0,0,0
10,1,0,0,0,0,0,0,0,0,0,0,10,3,0,0,0,0,0,0,0,0,-1,0,0,0,0,0,0,0,0,0
12,1,0,0,0,0,0,0,0,0,0,0,12,3,0,0,0,0,0,0,0,0,-1,0,0,0,0,0,0,0,0,0
9,1,0,0,0,0,0,0,0,0,0,0,9,3,0,0,0,0,0,0,0,0,-1,0,0,0,0,0,0,0,0,0
13,2,0,0,0,0,0,0,0,0,0,1,13,2,0,0,0,0,0,0,0,0,-1,0,0,0,0,0,0,0,0,0
8,1,0,0,0,0,0,0,0,0,0,0,8,3,0,0,0,0,0,0,0,0,-1,0,0,0,0,0,0,0,0,0
10,1,0,0,0,0,0,0,0,0,0,0,10,2,0,0,0,0,0,0,0,0,-1,0,0,0,0,0,0,0,0,0
11,1,0,0,0,0,0,0,0,0,0,0,11,2,0,0,0,0,0,0,0,0,-1,0,0,0,0,0,0,0,0,0
10,1,0,0,0,0,0,0,0,0,0,0,10,3,0,0,0,0,0,0,0,0,-1,0,0,0,0,0,0,0,0,0
15,1,0,0,0,0,0,0,0,0,0,0,15,3,0,0,0,0,0,0,0,0,-1,0,0,0,0,0,0,0,0,0
11,1,0,1,0,0,0,0,0,0,0,0,11,2,0,0,0,0,0,0,0,0,-1,0,0,0,0,0,0,0,0,0
7,1,0,0,0,0,0,0,0,0,0,0,7,2,0,0,0,0,0,0,0,0,-1,0,0,0,0,0,0,0,0,0
8,1,0,0,0,0,0,0,0,0,0,0,8,3,0,0,0,0,0,0,0,0,-1,0,0,0,0,0,0,0,0,0
15,2,0,0,0,0,0,0,0,0,0,1,15,2,0,0,0,0,0,0,0,0,-1,0,0,0,0,0,0,0,0,0
10,1,0,0,0,0,0,0,0,0,0,0,10,3,0,0,0,0,0,0,0,0,-1,0,0,0,0,0,0,0,0,0
10,1,0,0,0,0,0,0,0,0,0,0,10,2,0,0,0,0,0,0,0,0,-1,0,0,0,0,0,0,0,0,0
9,1,0,0,0,0,0,0,0,0,0,0,9,3,0,0,0,0,0,0,0,0,-1,0,0,0,0,0,0,0,0,0
8,1,0,0,0,0,0,0,0,0,0,0,8,3,0,0,0,0,0,0,0,0,-1,0,0,0,0,0,0,0,0,0
10,1,0,0,0,0,0,0,0,0,0,0,10,3,0,0,0,0,0,0,0,0,-1,0,0,0,0,0,0,0,0,0
11,1,0,0,0,0,0,0,0,0,0,0,11,3,0,0,0,0,0,0,0,0,-1,0,0,0,0,0,0,0,0,0
19,1,0,0,0,0,0,0,0,0,0,0,19,3,0,0,0,0,0,0,0,0,-1,0,0,0,0,0,0,0,0,0
8,1,0,0,0,0,0,0,0,0,0,0,8,2,0,0,0,0,0,0,0,0,-1,0,0,0,0,0,0,0,0,0
23,1,0,0,0,0,0,0,0,0,0,0,23,3,0,0,0,0,0,0,0,0,-1,0,0,0,0,0,0,0,0,0
12,1,0,0,0,0,0,0,0,0,0,0,12,3,0,0,0,0,0,0,0,0,-1,0,0,0,0,0,0,0,0,0
12,1,0,0,0,0,0,0,0,0,0,0,12,2,0,0,0,0,0,0,0,0,-1,0,0,0,0,0,0,0,0,0
8,1,0,0,0,0,0,0,0,0,0,0,8,3,0,0,0,0,0,0,0,0,-1,0,0,0,0,0,0,0,0,0
7,1,0,0,0,0,0,0,0,0,0,0,7,3,0,0,0,0,0,0,0,0,-1,0,0,0,0,0,0,0,0,0
19,1,0,0,0,0,0,0,0,0,0,0,19,3,0,0,0,0,0,0,0,0,-1,0,0,0,0,0,0,0,0,0
14,1,0,0,0,0,0,0,0,0,0,0,14,3,0,0,0,0,0,0,0,0,-1,0,0,0,0,0,0,0,0,0
15,1,0,0,0,0,0,0,0,0,0,0,15,3,0,0,0,0,0,0,0,0,-1,0,0,0,0,0,0,0,0,0
12,1,0,0,0,0,0,0,0,0,0,0,12,3,0,0,0,0,0,0,0,0,-1,0,0,0,0,0,0,0,0,0
10,1,0,0,0,0,0,0,0,0,0,0,10,3,0,0,0,0,0,0,0,0,-1,0,0,0,0,0,0,0,0,0
6,1,0,0,0,0,0,0,0,0,0,0,6,2,0,0,0,0,0,0,0,0,-1,0,0,0,0,0,0,0,0,0
11,1,0,0,0,0,0,0,0,0,0,0,11,3,0,0,0,0,0,0,0,0,-1,0,0,0,0,0,0,0,0,0
14,1,0,0,0,0,0,0,0,0,0,0,14,2,0,0,0,0,0,0,0,0,-1,0,0,0,0,0,0,0,0,0
15,1,0,1,0,0,0,0,0,0,0,0,15,3,0,0,0,0,0,0,0,0,-1,0,0,0,0,0,0,0,0,0
10,1,0,0,0,0,0,0,0,0,0,0,10,3,0,0,0,0,0,0,0,0,-1,0,0,0,0,0,0,0,0,0
7,1,0,0,0,0,0,0,0,0,0,0,7,2,0,0,0,0,0,0,0,0,-1,0,0,0,0,0,0,0,0,0
11,1,0,0,0,0,0,0,0,0,0,0,11,3,0,0,0,0,0,0,0,0,-1,0,0,0,0,0,0,0,0,0
17,1,0,0,0,0,0,0,0,0,0,0,17,3,0,0,0,0,0,0,0,0,-1,0,0,0,0,0,0,0,0,0
16,1,0,0,0,0,0,0,0,0,0,0,16,3,0,0,0,0,0,0,0,0,-1,0,0,0,0,0,0,0,0,0
9,1,0,0,0,0,0,0,0,0,0,0,9,2,0,0,0,0,0,0,0,0,-1,0,0,0,0,0,0,0,0,0
17,1,0,0,0,0,0,0,0,0,0,0,17,3,0,0,0,0,0,0,0,0,-1,0,0,0,0,0,0,0,0,0
7,1,0,0,0,0,0,0,0,0,0,0,7,2,0,0,0,0,0,0,0,0,-1,0,0,0,0,0,0,0,0,0
15,1,0,0,0,0,0,0,0,0,0,0,15,3,0,0,0,0,0,0,0,0,-1,0,0,0,0,0,0,0,0,0
5,1,0,0,0,0,0,0,0,0,0,0,5,2,0,0,0,0,0,0,0,0,-1,0,0,0,0,0,0,0,0,0
6,1,0,0,0,0,0,0,0,0,0,0,6,3,0,0,0,0,0,0,0,0,-1,0,0,0,0,0,0,0,0,0
10,1,0,0,0,0,0,0,0,0,0,0,10,3,0,0,0,0,0,0,0,0,-1,0,0,0,0,0,0,0,0,0
10,1,0,0,0,0,0,0,0,0,0,0,10,3,0,0,0,0,0,0,0,0,-1,0,0,0,0,0,0,0,0,0
8,1,0,0,0,0,0,0,0,0,0,0,8,2,0,0,0,0,0,0,0,0,-1,0,0,0,0,0,0,0,0,0
13,1,0,0,0,0,0,0,0,0,0,0,13,5,0,0,0,0,0,0,0,0,-1,0,0,0,0,0,0,0,0,0
18,1,0,0,0,0,0,0,0,0,0,0,18,3,0,0,0,0,0,0,0,0,-1,0,0,0,0,0,0,0,0,0
13,1,0,0,0,0,0,0,0,0,0,0,13,3,0,0,0,0,0,0,0,0,-1,0,0,0,0,0,0,0,0,0
14,1,0,0,0,0,0,0,0,0,0,0,14,3,0,0,0,0,0,0,0,0,-1,0,0,0,0,0,0,0,0,0
16,1,0,0,0,0,0,0,0,0,0,0,16,2,0,0,0,0,0,0,0,0,-1,0,0,0,0,0,0,0,0,0
9,2,0,0,0,0,0,0,0,0,0,1,9,2,0,0,0,0,0,0,0,0,-1,0,0,0,0,0,0,0,0,0
7,1,0,0,0,0,0,0,0,0,0,0,7,2,0,0,0,0,0,0,0,0,-1,0,0,0,0,0,0,0,0,0
14,1,0,0,0,0,0,0,0,0,0,0,14,3,0,0,0,0,0,0,0,0,-1,0,0,0,0,0,0,0,0,0
5,1,0,0,0,0,0,0,0,0,0,0,5,2,0,0,0,0,0,0,0,0,-1,0,0,0,0,0,0,0,0,0
13,1,0,0,0,0,0,0,0,0,0,0,13,3,0,0,0,0,0,0,0,0,-1,0,0,0,0,0,0,0,0,0
5,1,0,0,0,0,0,0,0,0,0,0,5,2,0,0,0,0,0,0,0,0,-1,0,0,0,0,0,0,0,0,0
12,1,0,0,0,0,0,0,0,0,0,0,12,3,0,0,0,0,0,0,0,0,-1,0,0,0,0,0,0,0,0,0
19,1,0,0,0,0,0,0,0,0,0,0,19,3,0,0,0,0,0,0,0,0,-1,0,0,0,0,0,0,0,0,0
13,1,0,0,0,0,0,0,0,0,0,0,13,3,0,0,0,0,0,0,0,0,-1,0,0,0,0,0,0,0,0,0
13,1,0,0,0,0,0,0,0,0,0,0,13,3,0,0,0,0,0,0,0,0,-1,0,0,0,0,0,0,0,0,0
13,2,0,0,0,0,0,0,0,0,0,1,13,2,0,0,0,0,0,0,0,0,-1,0,0,0,0,0,0,0,0,0
10,2,0,0,0,0,0,0,0,0,0,1,10,2,0,0,0,0,0,0,0,0,-1,0,0,0,0,0,0,0,0,0
8,1,0,0,0,0,0,0,0,0,0,0,8,2,0,0,0,0,0,0,0,0,-1,0,0,0,0,0,0,0,0,0
10,1,0,0,0,0,0,0,0,0,0,0,10,2,0,0,0,0,0,0,0,0,-1,0,0,0,0,0,0,0,0,0
16,1,0,0,0,0,0,0,0,0,0,0,16,3,0,0,0,0,0,0,0,0,-1,0,0,0,0,0,0,0,0,0
13,1,0,0,0,0,0,0,0,0,0,0,13,4,0,0,0,0,0,0,0,0,-1,0,0,0,0,0,0,0,0,0
11,1,0,0,0,0,0,0,0,0,0,0,11,3,0,0,0,0,0,0,0,0,-1,0,0,0,0,0,0,0,0,0
12,1,0,0,0,0,0,0,0,0,0,0,12,3,0,0,0,0,0,0,0,0,-1,0,0,0,0,0,0,0,0,0
15,2,0,0,0,0,0,0,0,0,0,1,15,2,0,0,0,0,0,0,0,0,-1,0,0,0,0,0,0,0,0,0
17,1,0,0,0,0,0,0,0,0,0,0,17,3,0,0,0,0,0,0,0,0,-1,0,0,0,0,0,0,0,0,0
12,1,0,0,0,0,0,0,0,0,0,0,12,3,0,0,0,0,0,0,0,0,-1,0,0,0,0,0,0,0,0,0
12,1,0,0,0,0,0,0,0,0,0,0,12,3,0,0,0,0,0,0,0,0,-1,0,0,0,0,0,0,0,0,0
8,1,0,0,0,0,0,0,0,0,0,0,8,3,0,0,0,0,0,0,0,0,-1,0,0,0,0,0,0,0,0,0
9,1,0,0,0,0,0,0,0,0,0,0,9,3,0,0,0,0,0,0,0,0,-1,0,0,0,0,0,0,0,0,0
12,1,0,0,0,0,0,0,0,0,0,0,12,3,0,0,0,0,0,0,0,0,-1,0,0,0,0,0,0,0,0,0
13,1,0,0,0,0,0,0,0,0,0,0,13,3,0,0,0,0,0,0,0,0,-1,0,0,0,0,0,0,0,0,0
13,1,0,0,0,0,0,0,0,0,0,0,13,3,0,0,0,0,0,0,0,0,-1,0,0,0,0,0,0,0,0,0
12,1,0,0,0,0,0,0,0,0,0,0,12,3,0,0,0,0,0,0,0,0,-1,0,0,0,0,0,0,0,0,0
9,1,0,0,0,0,0,0,0,0,0,0,9,2,0,0,0,0,0,0,0,0,-1,0,0,0,0,0,0,0,0,0
11,1,0,0,0,0,0,0,0,0,0,0,11,3,0,0,0,0,0,0,0,0,-1,0,0,0,0,0,0,0,0,0
9,1,0,0,0,0,0,0,0,0,0,0,9,3,0,0,0,0,0,0,0,0,-1,0,0,0,0,0,0,0,0,0
7,1,0,0,0,0,0,0,0,0,0,0,7,3,0,0,0,0,0,0,0,0,-1,0,0,0,0,0,0,0,0,0
8,1,0,0,0,0,0,0,0,0,0,0,8,3,0,0,0,0,0,0,0,0,-1,0,0,0,0,0,0,0,0,0
7,1,0,0,0,0,0,0,0,0,0,0,7,3,0,0,0,0,0,0,0,0,-1,0,0,0,0,0,0,0,0,0
13,2,0,0,0,0,0,0,0,0,0,1,13,2,0,0,0,0,0,0,0,0,-1,0,0,0,0,0,0,0,0,0
16,2,0,0,0,0,0,0,0,0,0,1,16,2,0,0,0,0,0,0,0,0,-1,0,0,0,0,0,0,0,0,0
11,2,0,0,0,0,0,0,0,0,0,1,11,2,0,0,0,0,0,0,0,0,-1,0,0,0,0,0,0,0,0,0
15,1,0,0,0,0,0,0,0,0,0,0,15,4,0,0,0,0,0,0,0,0,-1,0,0,0,0,0,0,0,0,0
7,1,0,0,0,0,0,0,0,0,0,0,7,2,0,0,0,0,0,0,0,0,-1,0,0,0,0,0,0,0,0,0
13,1,0,0,0,0,0,0,0,0,0,0,13,3,0,0,0,0,0,0,0,0,-1,0,0,0,0,0,0,0,0,0
10,1,0,0,0,0,0,0,0,0,0,0,10,2,0,0,0,0,0,0,0,0,-1,0,0,0,0,0,0,0,0,0
8,1,0,0,0,0,0,0,0,0,0,0,8,4,0,0,0,0,0,0,0,0,-1,0,0,0,0,0,0,0,0,0
11,1,0,0,0,0,0,0,0,0,0,0,11,2,0,0,0,0,0,0,0,0,-1,0,0,0,0,0,0,0,0,0
5,1,0,0,0,0,0,0,0,0,0,0,5,2,0,0,0,0,0,0,0,0,-1,0,0,0,0,0,0,0,0,0
13,1,0,0,0,0,0,0,0,0,0,0,13,3,0,0,0,0,0,0,0,0,-1,0,0,0,0,0,0,0,0,0
11,1,0,0,0,0,0,0,0,0,0,0,11,3,0,0,0,0,0,0,0,0,-1,0,0,0,0,0,0,0,0,0
12,1,0,0,0,0,0,0,0,0,0,0,12,3,0,0,0,0,0,0,0,0,-1,0,0,0,0,0,0,0,0,0
13,1,0,0,0,0,0,0,0,0,0,0,13,3,0,0,0,0,0,0,0,0,-1,0,0,0,0,0,0,0,0,0
7,1,0,0,0,0,0,0,0,0,0,0,7,3,0,0,0,0,0,0,0,0,-1,0,0,0,0,0,0,0,0,0
11,1,0,0,0,0,0,0,0,0,0,0,11,3,0,0,0,0,0,0,0,0,-1,0,0,0,0,0,0,0,0,0
7,1,0,0,0,0,0,0,0,0,0,0,7,3,0,0,0,0,0,0,0,0,-1,0,0,0,0,0,0,0,0,0
13,1,0,0,0,0,0,0,0,0,0,0,13,3,0,0,0,0,0,0,0,0,-1,0,0,0,0,0,0,0,0,0
11,1,0,0,0,0,0,0,0,0,0,0,11,3,0,0,0,0,0,0,0,0,-1,0,0,0,0,0,0,0,0,0
12,1,0,1,0,0,0,0,0,0,0,0,12,3,0,0,0,0,0,0,0,0,-1,0,0,0,0,0,0,0,0,0
13,1,0,0,0,0,0,0,0,0,0,0,13,3,0,0,0,0,0,0,0,0,-1,0,0,0,0,0,0,0,0,0
10,1,0,0,0,0,0,0,0,0,0,0,10,3,0,0,0,0,0,0,0,0,-1,0,0,0,0,0,0,0,0,0
9,1,0,0,0,0,0,0,0,0,0,0,9,3,0,0,0,0,0,0,0,0,-1,0,0,0,0,0,0,0,0,0
18,1,0,1,0,0,0,0,0,0,0,0,18,3,0,0,0,0,0,0,0,0,-1,0,0,0,0,0,0,0,0,0
14,1,0,0,0,0,0,0,0,0,0,0,14,3,0,0,0,0,0,0,0,0,-1,0,0,0,0,0,0,0,0,0
6,1,0,0,0,0,0,0,0,0,0,0,6,3,0,0,0,0,0,0,0,0,-1,0,0,0,0,0,0,0,0,0
13,1,0,0,0,0,0,0,0,0,0,0,13,3,0,0,0,0,0,0,0,0,-1,0,0,0,0,0,0,0,0,0
9,1,0,0,0,0,0,0,0,0,0,0,9,4,0,0,0,0,0,0,0,0,-1,0,0,0,0,0,0,0,0,0
9,1,0,0,0,0,0,0,0,0,0,0,9,3,0,0,0,0,0,0,0,0,-1,0,0,0,0,0,0,0,0,0
15,1,0,1,0,0,0,0,0,0,0,0,15,2,0,0,0,0,0,0,0,0,-1,0,0,0,0,0,0,0,0,0
6,1,0,0,0,0,0,0,0,0,0,0,6,2,0,0,0,0,0,0,0,0,-1,0,0,0,0,0,0,0,0,0
10,1,0,0,0,0,0,0,0,0,0,0,10,3,0,0,0,0,0,0,0,0,-1,0,0,0,0,0,0,0,0,0
16,1,0,0,0,0,0,0,0,0,0,0,16,4,0,0,0,0,0,0,0,0,-1,0,0,0,0,0,0,0,0,0
10,1,0,0,0,0,0,0,0,0,0,0,10,3,0,0,0,0,0,0,0,0,-1,0,0,0,0,0,0,0,0,0
9,1,0,0,0,0,0,0,0,0,0,0,9,2,0,0,0,0,0,0,0,0,-1,0,0,0,0,0,0,0,0,0
9,1,0,0,0,0,0,0,0,0,0,0,9,3,0,0,0,0,0,0,0,0,-1,0,0,0,0,0,0,0,0,0
10,1,0,0,0,0,0,0,0,0,0,0,10,3,0,0,0,0,0,0,0,0,-1,0,0,0,0,0,0,0,0,0
8,1,0,0,0,0,0,0,0,0,0,0,8,3,0,0,0,0,0,0,0,0,-1,0,0,0,0,0,0,0,0,0
12,1,0,0,0,0,0,0,0,0,0,0,12,2,0,0,0,0,0,0,0,0,-1,0,0,0,0,0,0,0,0,0
11,1,0,0,0,0,0,0,0,0,0,0,11,3,0,0,0,0,0,0,0,0,-1,0,0,0,0,0,0,0,0,0
11,1,0,0,0,0,0,0,0,0,0,0,11,2,0,0,0,0,0,0,0,0,-1,0,0,0,0,0,0,0,0,0
10,1,0,0,0,0,0,0,0,0,0,0,10,3,0,0,0,0,0,0,0,0,-1,0,0,0,0,0,0,0,0,0
13,1,0,0,0,0,0,0,0,0,0,0,13,3,0,0,0,0,0,0,0,0,-1,0,0,0,0,0,0,0,0,0
11,1,0,0,0,0,0,0,0,0,0,0,11,3,0,0,0,0,0,0,0,0,-1,0,0,0,0,0,0,0,0,0
9,1,0,0,0,0,0,0,0,0,0,0,9,2,0,0,0,0,0,0,0,0,-1,0,0,0,0,0,0,0,0,0
7,1,0,0,0,0,0,0,0,0,0,0,7,2,0,0,0,0,0,0,0,0,-1,0,0,0,0,0,0,0,0,0
11,1,0,0,0,0,0,0,0,0,0,0,11,3,0,0,0,0,0,0,0,0,-1,0,0,0,0,0,0,0,0,0
10,1,0,0,0,0,0,0,0,0,0,0,10,3,0,0,0,0,0,0,0,0,-1,0,0,0,0,0,0,0,0,0
7,1,0,0,0,0,0,0,0,0,0,0,7,2,0,0,0,0,0,0,0,0,-1,0,0,0,0,0,0,0,0,0
14,1,0,0,0,0,0,0,0,0,0,0,14,3,0,0,0,0,0,0,0,0,-1,0,0,0,0,0,0,0,0,0
14,1,0,0,0,0,0,0,0,0,0,0,14,2,0,0,0,0,0,0,0,0,-1,0,0,0,0,0,0,0,0,0
7,1,0,0,0,0,0,0,0,0,0,0,7,4,0,0,0,0,0,0,0,0,-1,0,0,0,0,0,0,0,0,0
7,1,0,0,0,0,0,0,0,0,0,0,7,2,0,0,0,0,0,0,0,0,-1,0,0,0,0,0,0,0,0,0
11,1,0,0,0,0,0,0,0,0,0,0,11,3,0,0,0,0,0,0,0,0,-1,0,0,0,0,0,0,0,0,0
22,1,0,0,0,0,0,0,0,0,0,0,22,3,0,0,0,0,0,0,0,0,-1,0,0,0,0,0,0,0,0,0
8,1,0,0,0,0,0,0,0,0,0,0,8,2,0,0,0,0,0,0,0,0,-1,0,0,0,0,0,0,0,0,0
10,1,0,0,0,0,0,0,0,0,0,0,10,3,0,0,0,0,0,0,0,0,-1,0,0,0,0,0,0,0,0,0
15,1,0,0,0,0,0,0,0,0,0,0,15,3,0,0,0,0,0,0,0,0,-1,0,0,0,0,0,0,0,0,0
18,1,0,0,0,0,0,0,0,0,0,0,18,3,0,0,0,0,0,0,0,0,-1,0,0,0,0,0,0,0,0,0
14,1,0,0,0,0,0,0,0,0,0,0,14,3,0,0,0,0,0,0,0,0,-1,0,0,0,0,0,0,0,0,0
9,1,0,0,0,0,0,0,0,0,0,0,9,2,0,0,0,0,0,0,0,0,-1,0,0,0,0,0,0,0,0,0
7,1,0,0,0,0,0,0,0,0,0,0,7,3,0,0,0,0,0,0,0,0,-1,0,0,0,0,0,0,0,0,0
15,1,0,0,0,0,0,0,0,0,0,0,15,3,0,0,0,0,0,0,0,0,-1,0,0,0,0,0,0,0,0,0
11,1,0,0,0,0,0,0,0,0,0,0,11,2,0,0,0,0,0,0,0,0,-1,0,0,0,0,0,0,0,0,0
10,1,0,0,0,0,0,0,0,0,0,0,10,3,0,0,0,0,0,0,0,0,-1,0,0,0,0,0,0,0,0,0
12,1,0,1,0,0,0,0,0,0,0,0,12,3,0,0,0,0,0,0,0,0,-1,0,0,0,0,0,0,0,0,0
20,1,0,1,0,0,0,0,0,0,0,0,20,2,0,0,0,0,0,0,0,0,-1,0,0,0,0,0,0,0,0,0
12,1,0,0,0,0,0,0,0,0,0,0,12,3,0,0,0,0,0,0,0,0,-1,0,0,0,0,0,0,0,0,0
10,1,0,0,0,0,0,0,0,0,0,0,10,3,0,0,0,0,0,0,0,0,-1,0,0,0,0,0,0,0,0,0
10,1,0,0,0,0,0,0,0,0,0,0,10,3,0,0,0,0,0,0,0,0,-1,0,0,0,0,0,0,0,0,0
8,1,0,0,0,0,0,0,0,0,0,0,8,3,0,0,0,0,0,0,0,0,-1,0,0,0,0,0,0,0,0,0
10,1,0,0,0,0,0,0,0,0,0,0,10,3,0,0,0,0,0,0,0,0,-1,0,0,0,0,0,0,0,0,0
15,1,0,0,0,0,0,0,0,0,0,0,15,3,0,0,0,0,0,0,0,0,-1,0,0,0,0,0,0,0,0,0
7,1,0,0,0,0,0,0,0,0,0,0,7,3,0,0,0,0,0,0,0,0,-1,0,0,0,0,0,0,0,0,0
10,1,0,0,0,0,0,0,0,0,0,0,10,3,0,0,0,0,0,0,0,0,-1,0,0,0,0,0,0,0,0,0
16,2,0,0,0,0,0,0,0,0,0,1,16,2,0,0,0,0,0,0,0,0,-1,0,0,0,0,0,0,0,0,0
10,1,0,0,0,0,0,0,0,0,0,0,10,3,0,0,0,0,0,0,0,0,-1,0,0,0,0,0,0,0,0,0
12,1,0,0,0,0,0,0,0,0,0,0,12,3,0,0,0,0,0,0,0,0,-1,0,0,0,0,0,0,0,0,0
9,1,0,0,0,0,0,0,0,0,0,0,9,3,0,0,0,0,0,0,0,0,-1,0,0,0,0,0,0,0,0,0
11,1,0,0,0,0,0,0,0,0,0,0,11,3,0,0,0,0,0,0,0,0,-1,0,0,0,0,0,0,0,0,0
10,1,0,0,0,0,0,0,0,0,0,0,10,3,0,0,0,0,0,0,0,0,-1,0,0,0,0,0,0,0,0,0
11,1,0,0,0,0,0,0,0,0,0,0,11,2,0,0,0,0,0,0,0,0,-1,0,0,0,0,0,0,0,0,0
10,1,0,0,0,0,0,0,0,0,0,0,10,3,0,0,0,0,0,0,0,0,-1,0,0,0,0,0,0,0,0,0
6,1,0,0,0,0,0,0,0,0,0,0,6,3,0,0,0,0,0,0,0,0,-1,0,0,0,0,0,0,0,0,0
10,1,0,0,0,0,0,0,0,0,0,0,10,3,0,0,0,0,0,0,0,0,-1,0,0,0,0,0,0,0,0,0
12,1,0,0,0,0,0,0,0,0,0,0,12,3,0,0,0,0,0,0,0,0,-1,0,0,0,0,0,0,0,0,0
8,1,0,0,0,0,0,0,0,0,0,0,8,3,0,0,0,0,0,0,0,0,-1,0,0,0,0,0,0,0,0,0
9,1,0,0,0,0,0,0,0,0,0,0,9,2,0,0,0,0,0,0,0,0,-1,0,0,0,0,0,0,0,0,0
9,1,0,0,0,0,0,0,0,0,0,0,9,3,0,0,0,0,0,0,0,0,-1,0,0,0,0,0,0,0,0,0
6,1,0,0,0,0,0,0,0,0,0,0,6,3,0,0,0,0,0,0,0,0,-1,0,0,0,0,0,0,0,0,0
11,1,0,0,0,0,0,0,0,0,0,0,11,3,0,0,0,0,0,0,0,0,-1,0,0,0,0,0,0,0,0,0
8,1,0,0,0,0,0,0,0,0,0,0,8,2,0,0,0,0,0,0,0,0,-1,0,0,0,0,0,0,0,0,0
8,1,0,0,0,0,0,0,0,0,0,0,8,2,0,0,0,0,0,0,0,0,-1,0,0,0,0,0,0,0,0,0
14,2,0,0,0,0,0,0,0,0,0,1,14,2,0,0,0,0,0,0,0,0,-1,0,0,0,0,0,0,0,0,0
7,1,0,0,0,0,0,0,0,0,0,0,7,3,0,0,0,0,0,0,0,0,-1,0,0,0,0,0,0,0,0,0
9,1,0,0,0,0,0,0,0,0,0,0,9,3,0,0,0,0,0,0,0,0,-1,0,0,0,0,0,0,0,0,0
12,1,0,0,0,0,0,0,0,0,0,0,12,2,0,0,0,0,0,0,0,0,-1,0,0,0,0,0,0,0,0,0
11,1,0,0,0,0,0,0,0,0,0,0,11,3,0,0,0,0,0,0,0,0,-1,0,0,0,0,0,0,0,0,0
8,1,0,0,0,0,0,0,0,0,0,0,8,3,0,0,0,0,0,0,0,0,-1,0,0,0,0,0,0,0,0,0
11,1,0,0,0,0,0,0,0,0,0,0,11,3,0,0,0,0,0,0,0,0,-1,0,0,0,0,0,0,0,0,0
7,1,0,0,0,0,0,0,0,0,0,0,7,2,0,0,0,0,0,0,0,0,-1,0,0,0,0,0,0,0,0,0
10,2,0,0,0,0,0,0,0,0,0,1,10,2,0,0,0,0,0,0,0,0,-1,0,0,0,0,0,0,0,0,0
11,1,0,0,0,0,0,0,0,0,0,0,11,3,0,0,0,0,0,0,0,0,-1,0,0,0,0,0,0,0,0,0
14,1,0,0,0,0,0,0,0,0,0,0,14,3,0,0,0,0,0,0,0,0,-1,0,0,0,0,0,0,0,0,0
10,1,0,0,0,0,0,0,0,0,0,0,10,2,0,0,0,0,0,0,0,0,-1,0,0,0,0,0,0,0,0,0
9,1,0,0,0,0,0,0,0,0,0,0,9,3,0,0,0,0,0,0,0,0,-1,0,0,0,0,0,0,0,0,0
12,1,0,0,0,0,0,0,0,0,0,0,12,2,0,0,0,0,0,0,0,0,-1,0,0,0,0,0,0,0,0,0
13,2,0,0,0,0,0,0,0,0,0,1,13,2,0,0,0,0,0,0,0,0,-1,0,0,0,0,0,0,0,0,0
7,1,0,0,0,0,0,0,0,0,0,0,7,3,0,0,0,0,0,0,0,0,-1,0,0,0,0,0,0,0,0,0
13,1,0,0,0,0,0,0,0,0,0,0,13,3,0,0,0,0,0,0,0,0,-1,0,0,0,0,0,0,0,0,0
14,1,0,0,0,0,0,0,0,0,0,0,14,3,0,0,0,0,0,0,0,0,-1,0,0,0,0,0,0,0,0,0
15,1,0,1,0,0,0,0,0,0,0,0,15,3,0,0,0,0,0,0,0,0,-1,0,0,0,0,0,0,0,0,0
10,1,0,0,0,0,0,0,0,0,0,0,10,3,0,0,0,0,0,0,0,0,-1,0,0,0,0,0,0,0,0,0
14,1,0,0,0,0,0,0,0,0,0,0,14,3,0,0,0,0,0,0,0,0,-1,0,0,0,0,0,0,0,0,0
12,1,0,0,0,0,0,0,0,0,0,0,12,3,0,0,0,0,0,0,0,0,-1,0,0,0,0,0,0,0,0,0
12,1,0,0,0,0,0,0,0,0,0,0,12,3,0,0,0,0,0,0,0,0,-1,0,0,0,0,0,0,0,0,0
9,1,0,0,0,0,0,0,0,0,0,0,9,2,0,0,0,0,0,0,0,0,-1,0,0,0,0,0,0,0,0,0
12,1,0,0,0,0,0,0,0,0,0,0,12,3,0,0,0,0,0,0,0,0,-1,0,0,0,0,0,0,0,0,0
11,1,0,0,0,0,0,0,0,0,0,0,11,3,0,0,0,0,0,0,0,0,-1,0,0,0,0,0,0,0,0,0
7,1,0,0,0,0,0,0,0,0,0,0,7,3,0,0,0,0,0,0,0,0,-1,0,0,0,0,0,0,0,0,0
14,1,0,0,0,0,0,0,0,0,0,0,14,3,0,0,0,0,0,0,0,0,-1,0,0,0,0,0,0,0,0,0
12,1,0,0,0,0,0,0,0,0,0,0,12,3,0,0,0,0,0,0,0,0,-1,0,0,0,0,0,0,0,0,0
12,1,0,0,0,0,0,0,0,0,0,0,12,3,0,0,0,0,0,0,0,0,-1,0,0,0,0,0,0,0,0,0
10,1,0,0,0,0,0,0,0,0,0,0,10,3,0,0,0,0,0,0,0,0,-1,0,0,0,0,0,0,0,0,0
8,1,0,0,0,0,0,0,0,0,0,0,8,3,0,0,0,0,0,0,0,0,-1,0,0,0,0,0,0,0,0,0
7,1,0,0,0,0,0,0,0,0,0,0,7,2,0,0,0,0,0,0,0,0,-1,0,0,0,0,0,0,0,0,0
12,1,0,0,0,0,0,0,0,0,0,0,12,3,0,0,0,0,0,0,0,0,-1,0,0,0,0,0,0,0,0,0
9,1,0,0,0,0,0,0,0,0,0,0,9,2,0,0,0,0,0,0,0,0,-1,0,0,0,0,0,0,0,0,0
9,1,0,0,0,0,0,0,0,0,0,0,9,2,0,0,0,0,0,0,0,0,-1,0,0,0,0,0,0,0,0,0
9,1,0,0,0,0,0,0,0,0,0,0,9,2,0,0,0,0,0,0,0,0,-1,0,0,0,0,0,0,0,0,0
17,1,0,0,0,0,0,0,0,0,0,0,17,3,0,0,0,0,0,0,0,0,-1,0,0,0,0,0,0,0,0,0
10,1,0,0,0,0,0,0,0,0,0,0,10,2,0,0,0,0,0,0,0,0,-1,0,0,0,0,0,0,0,0,0
13,1,0,0,0,0,0,0,0,0,0,0,13,3,0,0,0,0,0,0,0,0,-1,0,0,0,0,0,0,0,0,0
15,1,0,1,0,0,0,0,0,0,0,0,15,3,0,0,0,0,0,0,0,0,-1,0,0,0,0,0,0,0,0,0
12,1,0,0,0,0,0,0,0,0,0,0,12,3,0,0,0,0,0,0,0,0,-1,0,0,0,0,0,0,0,0,0
11,1,0,0,0,0,0,0,0,0,0,0,11,3,0,0,0,0,0,0,0,0,-1,0,0,0,0,0,0,0,0,0
12,1,0,1,0,0,0,0,0,0,0,0,12,3,0,0,0,0,0,0,0,0,-1,0,0,0,0,0,0,0,0,0
12,1,0,0,0,0,0,0,0,0,0,0,12,3,0,0,0,0,0,0,0,0,-1,0,0,0,0,0,0,0,0,0
14,1,0,0,0,0,0,0,0,0,0,0,14,4,0,0,0,0,0,0,0,0,-1,0,0,0,0,0,0,0,0,0
15,1,0,0,0,0,0,0,0,0,0,0,15,3,0,0,0,0,0,0,0,0,-1,0,0,0,0,0,0,0,0,0
9,1,0,0,0,0,0,0,0,0,0,0,9,2,0,0,0,0,0,0,0,0,-1,0,0,0,0,0,0,0,0,0
8,1,0,0,0,0,0,0,0,0,0,0,8,3,0,0,0,0,0,0,0,0,-1,0,0,0,0,0,0,0,0,0
6,1,0,0,0,0,0,0,0,0,0,0,6,3,0,0,0,0,0,0,0,0,-1,0,0,0,0,0,0,0,0,0
11,1,0,0,0,0,0,0,0,0,0,0,11,3,0,0,0,0,0,0,0,0,-1,0,0,0,0,0,0,0,0,0
11,1,0,0,0,0,0,0,0,0,0,0,11,3,0,0,0,0,0,0,0,0,-1,0,0,0,0,0,0,0,0,0
9,1,0,0,0,0,0,0,0,0,0,0,9,3,0,0,0,0,0,0,0,0,-1,0,0,0,0,0,0,0,0,0
11,1,0,0,0,0,0,0,0,0,0,0,11,3,0,0,0,0,0,0,0,0,-1,0,0,0,0,0,0,0,0,0
12,1,0,0,0,0,0,0,0,0,0,0,12,3,0,0,0,0,0,0,0,0,-1,0,0,0,0,0,0,0,0,0
10,1,0,0,0,0,0,0,0,0,0,0,10,3,0,0,0,0,0,0,0,0,-1,0,0,0,0,0,0,0,0,0
14,1,0,0,0,0,0,0,0,0,0,0,14,2,0,0,0,0,0,0,0,0,-1,0,0,0,0,0,0,0,0,0
8,1,0,0,0,0,0,0,0,0,0,0,8,2,0,0,0,0,0,0,0,0,-1,0,0,0,0,0,0,0,0,0
8,1,0,0,0,0,0,0,0,0,0,0,8,3,0,0,0,0,0,0,0,0,-1,0,0,0,0,0,0,0,0,0
12,1,0,0,0,0,0,0,0,0,0,0,12,2,0,0,0,0,0,0,0,0,-1,0,0,0,0,0,0,0,0,0
14,1,0,0,0,0,0,0,0,0,0,0,14,3,0,0,0,0,0,0,0,0,-1,0,0,0,0,0,0,0,0,0
8,1,0,0,0,0,0,0,0,0,0,0,8,2,0,0,0,0,0,0,0,0,-1,0,0,0,0,0,0,0,0,0
14,1,0,0,0,0,0,0,0,0,0,0,14,3,0,0,0,0,0,0,0,0,-1,0,0,0,0,0,0,0,0,0
10,1,0,0,0,0,0,0,0,0,0,0,10,3,0,0,0,0,0,0,0,0,-1,0,0,0,0,0,0,0,0,0
11,1,0,0,0,0,0,0,0,0,0,0,11,3,0,0,0,0,0,0,0,0,-1,0,0,0,0,0,0,0,0,0
7,1,0,0,0,0,0,0,0,0,0,0,7,3,0,0,0,0,0,0,0,0,-1,0,0,0,0,0,0,0,0,0
14,1,0,0,0,0,0,0,0,0,0,0,14,2,0,0,0,0,0,0,0,0,-1,0,0,0,0,0,0,0,0,0
15,1,0,0,0,0,0,0,0,0,0,0,15,3,0,0,0,0,0,0,0,0,-1,0,0,0,0,0,0,0,0,0
8,1,0,0,0,0,0,0,0,0,0,0,8,3,0,0,0,0,0,0,0,0,-1,0,0,0,0,0,0,0,0,0
8,1,0,0,0,0,0,0,0,0,0,0,8,2,0,0,0,0,0,0,0,0,-1,0,0,0,0,0,0,0,0,0
10,1,0,0,0,0,0,0,0,0,0,0,10,2,0,0,0,0,0,0,0,0,-1,0,0,0,0,0,0,0,0,0
11,1,0,0,0,0,0,0,0,0,0,0,11,2,0,0,0,0,0,0,0,0,-1,0,0,0,0,0,0,0,0,0
7,1,0,0,0,0,0,0,0,0,0,0,7,2,0,0,0,0,0,0,0,0,-1,0,0,0,0,0,0,0,0,0
10,1,0,0,0,0,0,0,0,0,0,0,10,2,0,0,0,0,0,0,0,0,-1,0,0,0,0,0,0,0,0,0
10,1,0,0,0,0,0,0,0,0,0,0,10,3,0,0,0,0,0,0,0,0,-1,0,0,0,0,0,0,0,0,0
12,2,0,0,0,0,0,0,0,0,0,1,12,2,0,0,0,0,0,0,0,0,-1,0,0,0,0,0,0,0,0,0
10,1,0,0,0,0,0,0,0,0,0,0,10,3,0,0,0,0,0,0,0,0,-1,0,0,0,0,0,0,0,0,0
8,1,0,0,0,0,0,0,0,0,0,0,8,2,0,0,0,0,0,0,0,0,-1,0,0,0,0,0,0,0,0,0
15,1,0,0,0,0,0,0,0,0,0,0,15,2,0,0,0,0,0,0,0,0,-1,0,0,0,0,0,0,0,0,0
10,1,0,0,0,0,0,0,0,0,0,0,10,3,0,0,0,0,0,0,0,0,-1,0,0,0,0,0,0,0,0,0
11,2,0,0,0,0,0,0,0,0,0,1,11,2,0,0,0,0,0,0,0,0,-1,0,0,0,0,0,0,0,0,0
12,1,0,0,0,0,0,0,0,0,0,0,12,3,0,0,0,0,0,0,0,0,-1,0,0,0,0,0,0,0,0,0
9,1,0,0,0,0,0,0,0,0,0,0,9,3,0,0,0,0,0,0,0,0,-1,0,0,0,0,0,0,0,0,0
12,2,0,0,0,0,0,0,0,0,0,1,12,2,0,0,0,0,0,0,0,0,-1,0,0,0,0,0,0,0,0,0
12,1,0,0,0,0,0,0,0,0,0,0,12,2,0,0,0,0,0,0,0,0,-1,0,0,0,0,0,0,0,0,0
12,1,0,0,0,0,0,0,0,0,0,0,12,2,0,0,0,0,0,0,0,0,-1,0,0,0,0,0,0,0,0,0
11,1,0,0,0,0,0,0,0,0,0,0,11,3,0,0,0,0,0,0,0,0,-1,0,0,0,0,0,0,0,0,0
9,1,0,0,0,0,0,0,0,0,0,0,9,3,0,0,0,0,0,0,0,0,-1,0,0,0,0,0,0,0,0,0
12,1,0,0,0,0,0,0,0,0,0,0,12,3,0,0,0,0,0,0,0,0,-1,0,0,0,0,0,0,0,0,0
18,1,0,0,0,0,0,0,0,0,0,0,18,3,0,0,0,0,0,0,0,0,-1,0,0,0,0,0,0,0,0,0
16,2,0,0,0,0,0,0,0,0,0,1,16,2,0,0,0,0,0,0,0,0,-1,0,0,0,0,0,0,0,0,0
10,2,0,0,0,0,0,0,0,0,0,1,10,2,0,0,0,0,0,0,0,0,-1,0,0,0,0,0,0,0,0,0
8,1,0,0,0,0,0,0,0,0,0,0,8,2,0,0,0,0,0,0,0,0,-1,0,0,0,0,0,0,0,0,0
15,1,0,0,0,0,0,0,0,0,0,0,15,3,0,0,0,0,0,0,0,0,-1,0,0,0,0,0,0,0,0,0
7,1,0,0,0,0,0,0,0,0,0,0,7,2,0,0,0,0,0,0,0,0,-1,0,0,0,0,0,0,0,0,0
10,1,0,0,0,0,0,0,0,0,0,0,10,2,0,0,0,0,0,0,0,0,-1,0,0,0,0,0,0,0,0,0
9,1,0,0,0,0,0,0,0,0,0,0,9,3,0,0,0,0,0,0,0,0,-1,0,0,0,0,0,0,0,0,0
12,1,0,0,0,0,0,0,0,0,0,0,12,3,0,0,0,0,0,0,0,0,-1,0,0,0,0,0,0,0,0,0
14,2,0,0,0,0,0,0,0,0,0,1,14,2,0,0,0,0,0,0,0,0,-1,0,0,0,0,0,0,0,0,0
12,1,0,0,0,0,0,0,0,0,0,0,12,3,0,0,0,0,0,0,0,0,-1,0,0,0,0,0,0,0,0,0
14,1,0,0,0,0,0,0,0,0,0,0,14,2,0,0,0,0,0,0,0,0,-1,0,0,0,0,0,0,0,0,0
17,1,0,0,0,0,0,0,0,0,0,0,17,3,0,0,0,0,0,0,0,0,-1,0,0,0,0,0,0,0,0,0
11,1,0,0,0,0,0,0,0,0,0,0,11,3,0,0,0,0,0,0,0,0,-1,0,0,0,0,0,0,0,0,0
16,1,0,0,0,0,0,0,0,0,0,0,16,3,0,0,0,0,0,0,0,0,-1,0,0,0,0,0,0,0,0,0
16,1,0,0,0,0,0,0,0,0,0,0,16,3,0,0,0,0,0,0,0,0,-1,0,0,0,0,0,0,0,0,0
10,1,0,0,0,0,0,0,0,0,0,0,10,2,0,0,0,0,0,0,0,0,-1,0,0,0,0,0,0,0,0,0
13,1,0,0,0,0,0,0,0,0,0,0,13,3,0,0,0,0,0,0,0,0,-1,0,0,0,0,0,0,0,0,0
10,1,0,0,0,0,0,0,0,0,0,0,10,2,0,0,0,0,0,0,0,0,-1,0,0,0,0,0,0,0,0,0
12,1,0,0,0,0,0,0,0,0,0,0,12,3,0,0,0,0,0,0,0,0,-1,0,0,0,0,0,0,0,0,0
7,1,0,0,0,0,0,0,0,0,0,0,7,2,0,0,0,0,0,0,0,0,-1,0,0,0,0,0,0,0,0,0
15,1,0,0,0,0,0,0,0,0,0,0,15,2,0,0,0,0,0,0,0,0,-1,0,0,0,0,0,0,0,0,0
12,1,0,0,0,0,0,0,0,0,0,0,12,3,0,0,0,0,0,0,0,0,-1,0,0,0,0,0,0,0,0,0
13,1,0,0,0,0,0,0,0,0,0,0,13,3,0,0,0,0,0,0,0,0,-1,0,0,0,0,0,0,0,0,0
12,1,0,0,0,0,0,0,0,0,0,0,12,3,0,0,0,0,0,0,0,0,-1,0,0,0,0,0,0,0,0,0
6,1,0,0,0,0,0,0,0,0,0,0,6,2,0,0,0,0,0,0,0,0,-1,0,0,0,0,0,0,0,0,0
9,1,0,0,0,0,0,0,0,0,0,0,9,2,0,0,0,0,0,0,0,0,-1,0,0,0,0,0,0,0,0,0
11,1,0,0,0,0,0,0,0,0,0,0,11,3,0,0,0,0,0,0,0,0,-1,0,0,0,0,0,0,0,0,0
11,1,0,0,0,0,0,0,0,0,0,0,11,3,0,0,0,0,0,0,0,0,-1,0,0,0,0,0,0,0,0,0
12,2,0,0,0,0,0,0,0,0,0,1,12,2,0,0,0,0,0,0,0,0,-1,0,0,0,0,0,0,0,0,0
14,1,0,0,0,0,0,0,0,0,0,0,14,3,0,0,0,0,0,0,0,0,-1,0,0,0,0,0,0,0,0,0
11,1,0,0,0,0,0,0,0,0,0,0,11,3,0,0,0,0,0,0,0,0,-1,0,0,0,0,0,0,0,0,0
12,1,0,0,0,0,0,0,0,0,0,0,12,3,0,0,0,0,0,0,0,0,-1,0,0,0,0,0,0,0,0,0
7,1,0,0,0,0,0,0,0,0,0,0,7,2,0,0,0,0,0,0,0,0,-1,0,0,0,0,0,0,0,0,0
10,1,0,0,0,0,0,0,0,0,0,0,10,3,0,0,0,0,0,0,0,0,-1,0,0,0,0,0,0,0,0,0
10,1,0,0,0,0,0,0,0,0,0,0,10,3,0,0,0,0,0,0,0,0,-1,0,0,0,0,0,0,0,0,0
11,1,0,0,0,0,0,0,0,0,0,0,11,2,0,0,0,0,0,0,0,0,-1,0,0,0,0,0,0,0,0,0
9,1,0,0,0,0,0,0,0,0,0,0,9,2,0,0,0,0,0,0,0,0,-1,0,0,0,0,0,0,0,0,0
8,1,0,0,0,0,0,0,0,0,0,0,8,3,0,0,0,0,0,0,0,0,-1,0,0,0,0,0,0,0,0,0
7,1,0,0,0,0,0,0,0,0,0,0,7,3,0,0,0,0,0,0,0,0,-1,0,0,0,0,0,0,0,0,0
14,1,0,0,0,0,0,0,0,0,0,0,14,3,0,0,0,0,0,0,0,0,-1,0,0,0,0,0,0,0,0,0
7,1,0,0,0,0,0,0,0,0,0,0,7,3,0,0,0,0,0,0,0,0,-1,0,0,0,0,0,0,0,0,0
12,1,0,0,0,0,0,0,0,0,0,0,12,3,0,0,0,0,0,0,0,0,-1,0,0,0,0,0,0,0,0,0
18,1,0,0,0,0,0,0,0,0,0,0,18,3,0,0,0,0,0,0,0,0,-1,0,0,0,0,0,0,0,0,0
14,1,0,0,0,0,0,0,0,0,0,0,14,3,0,0,0,0,0,0,0,0,-1,0,0,0,0,0,0,0,0,0
9,1,0,0,0,0,0,0,0,0,0,0,9,3,0,0,0,0,0,0,0,0,-1,0,0,0,0,0,0,0,0,0
13,1,0,0,0,0,0,0,0,0,0,0,13,2,0,0,0,0,0,0,0,0,-1,0,0,0,0,0,0,0,0,0
12,1,0,0,0,0,0,0,0,0,0,0,12,3,0,0,0,0,0,0,0,0,-1,0,0,0,0,0,0,0,0,0
12,1,0,0,0,0,0,0,0,0,0,0,12,3,0,0,0,0,0,0,0,0,-1,0,0,0,0,0,0,0,0,0
13,1,0,0,0,0,0,0,0,0,0,0,13,2,0,0,0,0,0,0,0,0,-1,0,0,0,0,0,0,0,0,0
15,1,0,0,0,0,0,0,0,0,0,0,15,3,0,0,0,0,0,0,0,0,-1,0,0,0,0,0,0,0,0,0
7,1,0,0,0,0,0,0,0,0,0,0,7,3,0,0,0,0,0,0,0,0,-1,0,0,0,0,0,0,0,0,0
15,1,0,0,0,0,0,0,0,0,0,0,15,3,0,0,0,0,0,0,0,0,-1,0,0,0,0,0,0,0,0,0
12,1,0,0,0,0,0,0,0,0,0,0,12,3,0,0,0,0,0,0,0,0,-1,0,0,0,0,0,0,0,0,0
10,1,0,0,0,0,0,0,0,0,0,0,10,2,0,0,0,0,0,0,0,0,-1,0,0,0,0,0,0,0,0,0
11,1,0,0,0,0,0,0,0,0,0,0,11,2,0,0,0,0,0,0,0,0,-1,0,0,0,0,0,0,0,0,0
18,1,0,1,0,0,0,0,0,0,0,0,18,4,0,0,0,0,0,0,0,0,-1,0,0,0,0,0,0,0,0,0
10,1,0,0,0,0,0,0,0,0,0,0,10,3,0,0,0,0,0,0,0,0,-1,0,0,0,0,0,0,0,0,0
11,1,0,0,0,0,0,0,0,0,0,0,11,3,0,0,0,0,0,0,0,0,-1,0,0,0,0,0,0,0,0,0
9,1,0,0,0,0,0,0,0,0,0,0,9,3,0,0,0,0,0,0,0,0,-1,0,0,0,0,0,0,0,0,0
16,1,0,1,0,0,0,0,0,0,0,0,16,3,0,0,0,0,0,0,0,0,-1,0,0,0,0,0,0,0,0,0
11,1,0,0,0,0,0,0,0,0,0,0,11,2,0,0,0,0,0,0,0,0,-1,0,0,0,0,0,0,0,0,0
12,1,0,0,0,0,0,0,0,0,0,0,12,3,0,0,0,0,0,0,0,0,-1,0,0,0,0,0,0,0,0,0
5,1,0,0,0,0,0,0,0,0,0,0,5,2,0,0,0,0,0,0,0,0,-1,0,0,0,0,0,0,0,0,0
9,1,0,0,0,0,0,0,0,0,0,0,9,3,0,0,0,0,0,0,0,0,-1,0,0,0,0,0,0,0,0,0
10,1,0,0,0,0,0,0,0,0,0,0,10,3,0,0,0,0,0,0,0,0,-1,0,0,0,0,0,0,0,0,0
13,1,0,0,0,0,0,0,0,0,0,0,13,3,0,0,0,0,0,0,0,0,-1,0,0,0,0,0,0,0,0,0
7,1,0,0,0,0,0,0,0,0,0,0,7,3,0,0,0,0,0,0,0,0,-1,0,0,0,0,0,0,0,0,0
11,1,0,0,0,0,0,0,0,0,0,0,11,2,0,0,0,0,0,0,0,0,-1,0,0,0,0,0,0,0,0,0
10,2,0,0,0,0,0,0,0,0,0,1,10,2,0,0,0,0,0,0,0,0,-1,0,0,0,0,0,0,0,0,0
11,1,0,0,0,0,0,0,0,0,0,0,11,4,0,0,0,0,0,0,0,0,-1,0,0,0,0,0,0,0,0,0
11,1,0,0,0,0,0,0,0,0,0,0,11,3,0,0,0,0,0,0,0,0,-1,0,0,0,0,0,0,0,0,0
11,1,0,0,0,0,0,0,0,0,0,0,11,4,0,0,0,0,0,0,0,0,-1,0,0,0,0,0,0,0,0,0
11,1,0,0,0,0,0,0,0,0,0,0,11,2,0,0,0,0,0,0,0,0,-1,0,0,0,0,0,0,0,0,0
11,1,0,0,0,0,0,0,0,0,0,0,11,3,0,0,0,0,0,0,0,0,-1,0,0,0,0,0,0,0,0,0
13,1,0,0,0,0,0,0,0,0,0,0,13,3,0,0,0,0,0,0,0,0,-1,0,0,0,0,0,0,0,0,0
11,1,0,0,0,0,0,0,0,0,0,0,11,3,0,0,0,0,0,0,0,0,-1,0,0,0,0,0,0,0,0,0
20,1,0,0,0,0,0,0,0,0,0,0,20,3,0,0,0,0,0,0,0,0,-1,0,0,0,0,0,0,0,0,0
6,1,0,0,0,0,0,0,0,0,0,0,6,2,0,0,0,0,0,0,0,0,-1,0,0,0,0,0,0,0,0,0
12,1,0,0,0,0,0,0,0,0,0,0,12,3,0,0,0,0,0,0,0,0,-1,0,0,0,0,0,0,0,0,0
11,1,0,0,0,0,0,0,0,0,0,0,11,6,0,0,0,0,0,0,0,0,-1,0,0,0,0,0,0,0,0,0
10,1,0,0,0,0,0,0,0,0,0,0,10,3,0,0,0,0,0,0,0,0,-1,0,0,0,0,0,0,0,0,0
9,1,0,0,0,0,0,0,0,0,0,0,9,3,0,0,0,0,0,0,0,0,-1,0,0,0,0,0,0,0,0,0
9,1,0,0,0,0,0,0,0,0,0,0,9,3,0,0,0,0,0,0,0,0,-1,0,0,0,0,0,0,0,0,0
7,1,0,0,0,0,0,0,0,0,0,0,7,3,0,0,0,0,0,0,0,0,-1,0,0,0,0,0,0,0,0,0
6,1,0,0,0,0,0,0,0,0,0,0,6,2,0,0,0,0,0,0,0,0,-1,0,0,0,0,0,0,0,0,0
13,1,0,0,0,0,0,0,0,0,0,0,13,3,0,0,0,0,0,0,0,0,-1,0,0,0,0,0,0,0,0,0
11,1,0,0,0,0,0,0,0,0,0,0,11,3,0,0,0,0,0,0,0,0,-1,0,0,0,0,0,0,0,0,0
12,1,0,0,0,0,0,0,0,0,0,0,12,3,0,0,0,0,0,0,0,0,-1,0,0,0,0,0,0,0,0,0
12,1,0,0,0,0,0,0,0,0,0,0,12,2,0,0,0,0,0,0,0,0,-1,0,0,0,0,0,0,0,0,0
11,1,0,0,0,0,0,0,0,0,0,0,11,3,0,0,0,0,0,0,0,0,-1,0,0,0,0,0,0,0,0,0
16,1,0,0,0,0,0,0,0,0,0,0,16,3,0,0,0,0,0,0,0,0,-1,0,0,0,0,0,0,0,0,0
12,1,0,0,0,0,0,0,0,0,0,0,12,3,0,0,0,0,0,0,0,0,-1,0,0,0,0,0,0,0,0,0
9,1,0,0,0,0,0,0,0,0,0,0,9,3,0,0,0,0,0,0,0,0,-1,0,0,0,0,0,0,0,0,0
12,1,0,0,0,0,0,0,0,0,0,0,12,3,0,0,0,0,0,0,0,0,-1,0,0,0,0,0,0,0,0,0
13,1,0,0,0,0,0,0,0,0,0,0,13,3,0,0,0,0,0,0,0,0,-1,0,0,0,0,0,0,0,0,0
10,1,0,0,0,0,0,0,0,0,0,0,10,3,0,0,0,0,0,0,0,0,-1,0,0,0,0,0,0,0,0,0
24,2,0,0,0,0,0,0,0,0,0,1,24,2,0,0,0,0,0,0,0,0,-1,0,0,0,0,0,0,0,0,0
9,1,0,0,0,0,0,0,0,0,0,0,9,2,0,0,0,0,0,0,0,0,-1,0,0,0,0,0,0,0,0,0
12,1,0,0,0,0,0,0,0,0,0,0,12,3,0,0,0,0,0,0,0,0,-1,0,0,0,0,0,0,0,0,0
7,1,0,0,0,0,0,0,0,0,0,0,7,2,0,0,0,0,0,0,0,0,-1,0,0,0,0,0,0,0,0,0
11,1,0,0,0,0,0,0,0,0,0,0,11,3,0,0,0,0,0,0,0,0,-1,0,0,0,0,0,0,0,0,0
12,1,0,0,0,0,0,0,0,0,0,0,12,3,0,0,0,0,0,0,0,0,-1,0,0,0,0,0,0,0,0,0
15,1,0,1,0,0,0,0,0,0,0,0,15,3,0,0,0,0,0,0,0,0,-1,0,0,0,0,0,0,0,0,0
7,1,0,0,0,0,0,0,0,0,0,0,7,2,0,0,0,0,0,0,0,0,-1,0,0,0,0,0,0,0,0,0
11,1,0,0,0,0,0,0,0,0,0,0,11,3,0,0,0,0,0,0,0,0,-1,0,0,0,0,0,0,0,0,0
9,1,0,0,0,0,0,0,0,0,0,0,9,3,0,0,0,0,0,0,0,0,-1,0,0,0,0,0,0,0,0,0
14,1,0,0,0,0,0,0,0,0,0,0,14,3,0,0,0,0,0,0,0,0,-1,0,0,0,0,0,0,0,0,0
11,1,0,0,0,0,0,0,0,0,0,0,11,2,0,0,0,0,0,0,0,0,-1,0,0,0,0,0,0,0,0,0
13,1,0,0,0,0,0,0,0,0,0,0,13,4,0,0,0,0,0,0,0,0,-1,0,0,0,0,0,0,0,0,0
17,2,0,0,0,0,0,0,0,0,0,1,17,2,0,0,0,0,0,0,0,0,-1,0,0,0,0,0,0,0,0,0
11,1,0,0,0,0,0,0,0,0,0,0,11,3,0,0,0,0,0,0,0,0,-1,0,0,0,0,0,0,0,0,0
19,1,0,0,0,0,0,0,0,0,0,0,19,4,0,0,0,0,0,0,0,0,-1,0,0,0,0,0,0,0,0,0
10,1,0,0,0,0,0,0,0,0,0,0,10,3,0,0,0,0,0,0,0,0,-1,0,0,0,0,0,0,0,0,0
14,1,0,0,0,0,0,0,0,0,0,0,14,2,0,0,0,0,0,0,0,0,-1,0,0,0,0,0,0,0,0,0
13,1,0,0,0,0,0,0,0,0,0,0,13,2,0,0,0,0,0,0,0,0,-1,0,0,0,0,0,0,0,0,0
12,1,0,0,0,0,0,0,0,0,0,0,12,3,0,0,0,0,0,0,0,0,-1,0,0,0,0,0,0,0,0,0
9,1,0,0,0,0,0,0,0,0,0,0,9,3,0,0,0,0,0,0,0,0,-1,0,0,0,0,0,0,0,0,0
14,1,0,0,0,0,0,0,0,0,0,0,14,3,0,0,0,0,0,0,0,0,-1,0,0,0,0,0,0,0,0,0
18,1,0,1,0,0,0,0,0,0,0,0,18,3,0,0,0,0,0,0,0,0,-1,0,0,0,0,0,0,0,0,0
11,1,0,0,0,0,0,0,0,0,0,0,11,2,0,0,0,0,0,0,0,0,-1,0,0,0,0,0,0,0,0,0
10,1,0,0,0,0,0,0,0,0,0,0,10,3,0,0,0,0,0,0,0,0,-1,0,0,0,0,0,0,0,0,0
9,1,0,0,0,0,0,0,0,0,0,0,9,2,0,0,0,0,0,0,0,0,-1,0,0,0,0,0,0,0,0,0
10,1,0,0,0,0,0,0,0,0,0,0,10,2,0,0,0,0,0,0,0,0,-1,0,0,0,0,0,0,0,0,0
14,1,0,0,0,0,0,0,0,0,0,0,14,2,0,0,0,0,0,0,0,0,-1,0,0,0,0,0,0,0,0,0
15,2,0,0,0,0,0,0,0,0,0,1,15,2,0,0,0,0,0,0,0,0,-1,0,0,0,0,0,0,0,0,0
14,1,0,0,0,0,0,0,0,0,0,0,14,3,0,0,0,0,0,0,0,0,-1,0,0,0,0,0,0,0,0,0
11,1,0,0,0,0,0,0,0,0,0,0,11,3,0,0,0,0,0,0,0,0,-1,0,0,0,0,0,0,0,0,0
9,1,0,0,0,0,0,0,0,0,0,0,9,3,0,0,0,0,0,0,0,0,-1,0,0,0,0,0,0,0,0,0
9,1,0,0,0,0,0,0,0,0,0,0,9,3,0,0,0,0,0,0,0,0,-1,0,0,0,0,0,0,0,0,0
9,1,0,0,0,0,0,0,0,0,0,0,9,3,0,0,0,0,0,0,0,0,-1,0,0,0,0,0,0,0,0,0
14,1,0,0,0,0,0,0,0,0,0,0,14,3,0,0,0,0,0,0,0,0,-1,0,0,0,0,0,0,0,0,0
11,1,0,0,0,0,0,0,0,0,0,0,11,3,0,0,0,0,0,0,0,0,-1,0,0,0,0,0,0,0,0,0
10,1,0,0,0,0,0,0,0,0,0,0,10,2,0,0,0,0,0,0,0,0,-1,0,0,0,0,0,0,0,0,0
16,2,0,0,0,0,0,0,0,0,0,1,16,2,0,0,0,0,0,0,0,0,-1,0,0,0,0,0,0,0,0,0
11,1,0,0,0,0,0,0,0,0,0,0,11,2,0,0,0,0,0,0,0,0,-1,0,0,0,0,0,0,0,0,0
12,1,0,0,0,0,0,0,0,0,0,0,12,3,0,0,0,0,0,0,0,0,-1,0,0,0,0,0,0,0,0,0
11,1,0,0,0,0,0,0,0,0,0,0,11,3,0,0,0,0,0,0,0,0,-1,0,0,0,0,0,0,0,0,0
10,1,0,0,0,0,0,0,0,0,0,0,10,3,0,0,0,0,0,0,0,0,-1,0,0,0,0,0,0,0,0,0
8,1,0,0,0,0,0,0,0,0,0,0,8,2,0,0,0,0,0,0,0,0,-1,0,0,0,0,0,0,0,0,0
9,1,0,0,0,0,0,0,0,0,0,0,9,2,0,0,0,0,0,0,0,0,-1,0,0,0,0,0,0,0,0,0
11,1,0,0,0,0,0,0,0,0,0,0,11,2,0,0,0,0,0,0,0,0,-1,0,0,0,0,0,0,0,0,0
9,1,0,0,0,0,0,0,0,0,0,0,9,2,0,0,0,0,0,0,0,0,-1,0,0,0,0,0,0,0,0,0
9,1,0,0,0,0,0,0,0,0,0,0,9,3,0,0,0,0,0,0,0,0,-1,0,0,0,0,0,0,0,0,0
13,2,0,0,0,0,0,0,0,0,0,1,13,2,0,0,0,0,0,0,0,0,-1,0,0,0,0,0,0,0,0,0
15,1,0,0,0,0,0,0,0,0,0,0,15,5,0,0,0,0,0,0,0,0,-1,0,0,0,0,0,0,0,0,0
15,1,0,0,0,0,0,0,0,0,0,0,15,9,0,0,0,0,0,0,0,0,-1,0,0,0,0,0,0,0,0,0
14,1,0,0,0,0,0,0,0,0,0,0,14,3,0,0,0,0,0,0,0,0,-1,0,0,0,0,0,0,0,0,0
7,1,0,0,0,0,0,0,0,0,0,0,7,2,0,0,0,0,0,0,0,0,-1,0,0,0,0,0,0,0,0,0
15,1,0,0,0,0,0,0,0,0,0,0,15,3,0,0,0,0,0,0,0,0,-1,0,0,0,0,0,0,0,0,0
10,1,0,0,0,0,0,0,0,0,0,0,10,3,0,0,0,0,0,0,0,0,-1,0,0,0,0,0,0,0,0,0
9,1,0,0,0,0,0,0,0,0,0,0,9,2,0,0,0,0,0,0,0,0,-1,0,0,0,0,0,0,0,0,0
13,1,0,0,0,0,0,0,0,0,0,0,13,3,0,0,0,0,0,0,0,0,-1,0,0,0,0,0,0,0,0,0
10,1,0,0,0,0,0,0,0,0,0,0,10,2,0,0,0,0,0,0,0,0,-1,0,0,0,0,0,0,0,0,0
9,1,0,0,0,0,0,0,0,0,0,0,9,4,0,0,0,0,0,0,0,0,-1,0,0,0,0,0,0,0,0,0
10,1,0,0,0,0,0,0,0,0,0,0,10,3,0,0,0,0,0,0,0,0,-1,0,0,0,0,0,0,0,0,0
6,1,0,0,0,0,0,0,0,0,0,0,6,2,0,0,0,0,0,0,0,0,-1,0,0,0,0,0,0,0,0,0
13,1,0,0,0,0,0,0,0,0,0,0,13,2,0,0,0,0,0,0,0,0,-1,0,0,0,0,0,0,0,0,0
12,1,0,0,0,0,0,0,0,0,0,0,12,2,0,0,0,0,0,0,0,0,-1,0,0,0,0,0,0,0,0,0
17,2,0,1,0,0,0,0,0,0,0,1,17,2,0,0,0,0,0,0,0,0,-1,0,0,0,0,0,0,0,0,0
11,1,0,0,0,0,0,0,0,0,0,0,11,3,0,0,0,0,0,0,0,0,-1,0,0,0,0,0,0,0,0,0
11,1,0,0,0,0,0,0,0,0,0,0,11,2,0,0,0,0,0,0,0,0,-1,0,0,0,0,0,0,0,0,0
11,1,0,0,0,0,0,0,0,0,0,0,11,2,0,0,0,0,0,0,0,0,-1,0,0,0,0,0,0,0,0,0
13,1,0,0,0,0,0,0,0,0,0,0,13,2,0,0,0,0,0,0,0,0,-1,0,0,0,0,0,0,0,0,0
9,1,0,0,0,0,0,0,0,0,0,0,9,2,0,0,0,0,0,0,0,0,-1,0,0,0,0,0,0,0,0,0
9,1,0,0,0,0,0,0,0,0,0,0,9,3,0,0,0,0,0,0,0,0,-1,0,0,0,0,0,0,0,0,0
8,1,0,0,0,0,0,0,0,0,0,0,8,3,0,0,0,0,0,0,0,0,-1,0,0,0,0,0,0,0,0,0
7,1,0,0,0,0,0,0,0,0,0,0,7,3,0,0,0,0,0,0,0,0,-1,0,0,0,0,0,0,0,0,0
12,1,0,0,0,0,0,0,0,0,0,0,12,3,0,0,0,0,0,0,0,0,-1,0,0,0,0,0,0,0,0,0
10,1,0,0,0,0,0,0,0,0,0,0,10,4,0,0,0,0,0,0,0,0,-1,0,0,0,0,0,0,0,0,0
14,1,0,0,0,0,0,0,0,0,0,0,14,3,0,0,0,0,0,0,0,0,-1,0,0,0,0,0,0,0,0,0
9,1,0,0,0,0,0,0,0,0,0,0,9,3,0,0,0,0,0,0,0,0,-1,0,0,0,0,0,0,0,0,0
13,2,0,0,0,0,0,0,0,0,0,1,13,2,0,0,0,0,0,0,0,0,-1,0,0,0,0,0,0,0,0,0
11,1,0,0,0,0,0,0,0,0,0,0,11,2,0,0,0,0,0,0,0,0,-1,0,0,0,0,0,0,0,0,0
9,1,0,0,0,0,0,0,0,0,0,0,9,2,0,0,0,0,0,0,0,0,-1,0,0,0,0,0,0,0,0,0
10,1,0,0,0,0,0,0,0,0,0,0,10,4,0,0,0,0,0,0,0,0,-1,0,0,0,0,0,0,0,0,0
12,1,0,0,0,0,0,0,0,0,0,0,12,2,0,0,0,0,0,0,0,0,-1,0,0,0,0,0,0,0,0,0
12,1,0,0,0,0,0,0,0,0,0,0,12,3,0,0,0,0,0,0,0,0,-1,0,0,0,0,0,0,0,0,0
9,2,0,0,0,0,0,0,0,0,0,1,9,2,0,0,0,0,0,0,0,0,-1,0,0,0,0,0,0,0,0,0
9,1,0,0,0,0,0,0,0,0,0,0,9,3,0,0,0,0,0,0,0,0,-1,0,0,0,0,0,0,0,0,0
10,1,0,0,0,0,0,0,0,0,0,0,10,3,0,0,0,0,0,0,0,0,-1,0,0,0,0,0,0,0,0,0
15,1,0,0,0,0,0,0,0,0,0,0,15,3,0,0,0,0,0,0,0,0,-1,0,0,0,0,0,0,0,0,0
19,1,0,1,0,0,0,0,0,0,0,0,19,3,0,0,0,0,0,1,0,0,-1,0,0,0,0,0,0,0,0,0
15,1,0,0,0,0,0,0,0,0,0,0,15,2,0,0,0,0,0,0,0,0,-1,0,0,0,0,0,0,0,0,0
12,1,0,0,0,0,0,0,0,0,0,0,12,3,0,0,0,0,0,0,0,0,-1,0,0,0,0,0,0,0,0,0
10,1,0,0,0,0,0,0,0,0,0,0,10,3,0,0,0,0,0,0,0,0,-1,0,0,0,0,0,0,0,0,0
10,1,0,0,0,0,0,0,0,0,0,0,10,3,0,0,0,0,0,0,0,0,-1,0,0,0,0,0,0,0,0,0
10,1,0,0,0,0,0,0,0,0,0,0,10,2,0,0,0,0,0,0,0,0,-1,0,0,0,0,0,0,0,0,0
13,1,0,0,0,0,0,0,0,0,0,0,13,3,0,0,0,0,0,0,0,0,-1,0,0,0,0,0,0,0,0,0
12,1,0,0,0,0,0,0,0,0,0,0,12,2,0,0,0,0,0,0,0,0,-1,0,0,0,0,0,0,0,0,0
11,1,0,0,0,0,0,0,0,0,0,0,11,2,0,0,0,0,0,0,0,0,-1,0,0,0,0,0,0,0,0,0
14,1,0,0,0,0,0,0,0,0,0,0,14,3,0,0,0,0,0,0,0,0,-1,0,0,0,0,0,0,0,0,0
9,1,0,0,0,0,0,0,0,0,0,0,9,3,0,0,0,0,0,0,0,0,-1,0,0,0,0,0,0,0,0,0
11,1,0,0,0,0,0,0,0,0,0,0,11,3,0,0,0,0,0,0,0,0,-1,0,0,0,0,0,0,0,0,0
10,1,0,0,0,0,0,0,0,0,0,0,10,3,0,0,0,0,0,0,0,0,-1,0,0,0,0,0,0,0,0,0
12,1,0,0,0,0,0,0,0,0,0,0,12,3,0,0,0,0,0,0,0,0,-1,0,0,0,0,0,0,0,0,0
15,1,0,0,0,0,0,0,0,0,0,0,15,3,0,0,0,0,0,0,0,0,-1,0,0,0,0,0,0,0,0,0
10,1,0,0,0,0,0,0,0,0,0,0,10,3,0,0,0,0,0,0,0,0,-1,0,0,0,0,0,0,0,0,0
13,1,0,0,0,0,0,0,0,0,0,0,13,3,0,0,0,0,0,0,0,0,-1,0,0,0,0,0,0,0,0,0
10,1,0,0,0,0,0,0,0,0,0,0,10,3,0,0,0,0,0,0,0,0,-1,0,0,0,0,0,0,0,0,0
18,2,0,0,0,0,0,0,0,0,0,1,18,2,0,0,0,0,0,0,0,0,-1,0,0,0,0,0,0,0,0,0
12,1,0,0,0,0,0,0,0,0,0,0,12,3,0,0,0,0,0,0,0,0,-1,0,0,0,0,0,0,0,0,0
9,1,0,0,0,0,0,0,0,0,0,0,9,3,0,0,0,0,0,0,0,0,-1,0,0,0,0,0,0,0,0,0
12,1,0,0,0,0,0,0,0,0,0,0,12,5,0,0,0,0,0,0,0,0,-1,0,0,0,0,0,0,0,0,0
10,1,0,0,0,0,0,0,0,0,0,0,10,3,0,0,0,0,0,0,0,0,-1,0,0,0,0,0,0,0,0,0
8,1,0,0,0,0,0,0,0,0,0,0,8,3,0,0,0,0,0,0,0,0,-1,0,0,0,0,0,0,0,0,0
11,1,0,0,0,0,0,0,0,0,0,0,11,5,0,0,0,0,0,0,0,0,-1,0,0,0,0,0,0,0,0,0
11,1,0,0,0,0,0,0,0,0,0,0,11,3,0,0,0,0,0,0,0,0,-1,0,0,0,0,0,0,0,0,0
8,1,0,0,0,0,0,0,0,0,0,0,8,3,0,0,0,0,0,0,0,0,-1,0,0,0,0,0,0,0,0,0
10,1,0,0,0,0,0,0,0,0,0,0,10,3,0,0,0,0,0,0,0,0,-1,0,0,0,0,0,0,0,0,0
8,1,0,0,0,0,0,0,0,0,0,0,8,2,0,0,0,0,0,0,0,0,-1,0,0,0,0,0,0,0,0,0
14,1,0,0,0,0,0,0,0,0,0,0,14,3,0,0,0,0,0,0,0,0,-1,0,0,0,0,0,0,0,0,0
10,2,0,0,0,0,0,0,0,0,0,1,10,2,0,0,0,0,0,0,0,0,-1,0,0,0,0,0,0,0,0,0
11,1,0,0,0,0,0,0,0,0,0,0,11,3,0,0,0,0,0,0,0,0,-1,0,0,0,0,0,0,0,0,0
16,1,0,0,0,0,0,0,0,0,0,0,16,3,0,0,0,0,0,0,0,0,-1,0,0,0,0,0,0,0,0,0
11,1,0,0,0,0,0,0,0,0,0,0,11,3,0,0,0,0,0,0,0,0,-1,0,0,0,0,0,0,0,0,0
13,1,0,0,0,0,0,0,0,0,0,0,13,3,0,0,0,0,0,0,0,0,-1,0,0,0,0,0,0,0,0,0
8,1,0,0,0,0,0,0,0,0,0,0,8,2,0,0,0,0,0,0,0,0,-1,0,0,0,0,0,0,0,0,0
13,1,0,0,0,0,0,0,0,0,0,0,13,3,0,0,0,0,0,0,0,0,-1,0,0,0,0,0,0,0,0,0
20,1,0,0,0,0,0,0,0,0,0,0,20,3,0,0,0,0,0,0,0,0,-1,0,0,0,0,0,0,0,0,0
10,1,0,0,0,0,0,0,0,0,0,0,10,2,0,0,0,0,0,0,0,0,-1,0,0,0,0,0,0,0,0,0
11,1,0,0,0,0,0,0,0,0,0,0,11,3,0,0,0,0,0,0,0,0,-1,0,0,0,0,0,0,0,0,0
9,1,0,0,0,0,0,0,0,0,0,0,9,3,0,0,0,0,0,0,0,0,-1,0,0,0,0,0,0,0,0,0
13,1,0,0,0,0,0,0,0,0,0,0,13,4,0,0,0,0,0,0,0,0,-1,0,0,0,0,0,0,0,0,0
11,1,0,0,0,0,0,0,0,0,0,0,11,3,0,0,0,0,0,0,0,0,-1,0,0,0,0,0,0,0,0,0
10,1,0,0,0,0,0,0,0,0,0,0,10,3,0,0,0,0,0,0,0,0,-1,0,0,0,0,0,0,0,0,0
9,1,0,0,0,0,0,0,0,0,0,0,9,3,0,0,0,0,0,0,0,0,-1,0,0,0,0,0,0,0,0,0
13,1,0,0,0,0,0,0,0,0,0,0,13,3,0,0,0,0,0,0,0,0,-1,0,0,0,0,0,0,0,0,0
11,1,0,0,0,0,0,0,0,0,0,0,11,3,0,0,0,0,0,0,0,0,-1,0,0,0,0,0,0,0,0,0
10,1,0,0,0,0,0,0,0,0,0,0,10,3,0,0,0,0,0,0,0,0,-1,0,0,0,0,0,0,0,0,0
13,1,0,0,0,0,0,0,0,0,0,0,13,3,0,0,0,0,0,0,0,0,-1,0,0,0,0,0,0,0,0,0
16,1,0,0,0,0,0,0,0,0,0,0,16,3,0,0,0,0,0,0,0,0,-1,0,0,0,0,0,0,0,0,0
7,1,0,0,0,0,0,0,0,0,0,0,7,3,0,0,0,0,0,0,0,0,-1,0,0,0,0,0,0,0,0,0
8,1,0,0,0,0,0,0,0,0,0,0,8,3,0,0,0,0,0,0,0,0,-1,0,0,0,0,0,0,0,0,0
14,1,0,1,0,0,0,0,0,0,0,0,14,3,0,0,0,0,0,0,0,0,-1,0,0,0,0,0,0,0,0,0
19,1,0,0,0,0,0,0,0,0,0,0,19,3,0,0,0,0,0,0,0,0,-1,0,0,0,0,0,0,0,0,0
13,1,0,1,0,0,0,0,0,0,0,0,13,2,0,0,0,0,0,0,0,0,-1,0,0,0,0,0,0,0,0,0
16,1,0,0,0,0,0,0,0,0,0,0,16,3,0,0,0,0,0,0,0,0,-1,0,0,0,0,0,0,0,0,0
11,1,0,0,0,0,0,0,0,0,0,0,11,3,0,0,0,0,0,0,0,0,-1,0,0,0,0,0,0,0,0,0
12,1,0,0,0,0,0,0,0,0,0,0,12,2,0,0,0,0,0,0,0,0,-1,0,0,0,0,0,0,0,0,0
15,1,0,0,0,0,0,0,0,0,0,0,15,3,0,0,0,0,0,0,0,0,-1,0,0,0,0,0,0,0,0,0
12,1,0,1,0,0,0,0,0,0,0,0,12,3,0,0,0,0,0,0,0,0,-1,0,0,0,0,0,0,0,0,0
9,1,0,0,0,0,0,0,0,0,0,0,9,2,0,0,0,0,0,0,0,0,-1,0,0,0,0,0,0,0,0,0
11,1,0,0,0,0,0,0,0,0,0,0,11,3,0,0,0,0,0,0,0,0,-1,0,0,0,0,0,0,0,0,0
6,1,0,0,0,0,0,0,0,0,0,0,6,3,0,0,0,0,0,0,0,0,-1,0,0,0,0,0,0,0,0,0
12,1,0,0,0,0,0,0,0,0,0,0,12,3,0,0,0,0,0,0,0,0,-1,0,0,0,0,0,0,0,0,0
12,1,0,0,0,0,0,0,0,0,0,0,12,3,0,0,0,0,0,0,0,0,-1,0,0,0,0,0,0,0,0,0
11,2,0,0,0,0,0,0,0,0,0,1,11,2,0,0,0,0,0,0,0,0,-1,0,0,0,0,0,0,0,0,0
9,1,0,0,0,0,0,0,0,0,0,0,9,2,0,0,0,0,0,0,0,0,-1,0,0,0,0,0,0,0,0,0
14,1,0,0,0,0,0,0,0,0,0,0,14,3,0,0,0,0,0,0,0,0,-1,0,0,0,0,0,0,0,0,0
16,1,0,0,0,0,0,0,0,0,0,0,16,3,0,0,0,0,0,0,0,0,-1,0,0,0,0,0,0,0,0,0
16,1,0,0,0,0,0,0,0,0,0,0,16,3,0,0,0,0,0,0,0,0,-1,0,0,0,0,0,0,0,0,0
16,1,0,0,0,0,0,0,0,0,0,0,16,2,0,0,0,0,0,0,0,0,-1,0,0,0,0,0,0,0,0,0
11,1,0,0,0,0,0,0,0,0,0,0,11,3,0,0,0,0,0,0,0,0,-1,0,0,0,0,0,0,0,0,0
12,1,0,0,0,0,0,0,0,0,0,0,12,2,0,0,0,0,0,0,0,0,-1,0,0,0,0,0,0,0,0,0
13,1,0,0,0,0,0,0,0,0,0,0,13,3,0,0,0,0,0,0,0,0,-1,0,0,0,0,0,0,0,0,0
18,1,0,0,0,0,0,0,0,0,0,0,18,3,0,0,0,0,0,0,0,0,-1,0,0,0,0,0,0,0,0,0
10,1,0,0,0,0,0,0,0,0,0,0,10,3,0,0,0,0,0,0,0,0,-1,0,0,0,0,0,0,0,0,0
10,1,0,0,0,0,0,0,0,0,0,0,10,2,0,0,0,0,0,0,0,0,-1,0,0,0,0,0,0,0,0,0
9,1,0,0,0,0,0,0,0,0,0,0,9,5,0,0,0,0,0,0,0,0,-1,0,0,0,0,0,0,0,0,0
11,1,0,0,0,0,0,0,0,0,0,0,11,3,0,0,0,0,0,0,0,0,-1,0,0,0,0,0,0,0,0,0
10,1,0,0,0,0,0,0,0,0,0,0,10,2,0,0,0,0,0,0,0,0,-1,0,0,0,0,0,0,0,0,0
9,1,0,0,0,0,0,0,0,0,0,0,9,4,0,0,0,0,0,0,0,0,-1,0,0,0,0,0,0,0,0,0
16,2,0,0,0,0,0,0,0,0,0,1,16,2,0,0,0,0,0,0,0,0,-1,0,0,0,0,0,0,0,0,0
9,2,0,0,0,0,0,0,0,0,0,1,9,2,0,0,0,0,0,0,0,0,-1,0,0,0,0,0,0,0,0,0
9,1,0,0,0,0,0,0,0,0,0,0,9,3,0,0,0,0,0,0,0,0,-1,0,0,0,0,0,0,0,0,0
12,1,0,0,0,0,0,0,0,0,0,0,12,3,0,0,0,0,0,0,0,0,-1,0,0,0,0,0,0,0,0,0
16,1,0,0,0,0,0,0,0,0,0,0,16,3,0,0,0,0,0,0,0,0,-1,0,0,0,0,0,0,0,0,0
11,1,0,0,0,0,0,0,0,0,0,0,11,3,0,0,0,0,0,0,0,0,-1,0,0,0,0,0,0,0,0,0
10,1,0,0,0,0,0,0,0,0,0,0,10,3,0,0,0,0,0,0,0,0,-1,0,0,0,0,0,0,0,0,0
13,1,0,0,0,0,0,0,0,0,0,0,13,2,0,0,0,0,0,0,0,0,-1,0,0,0,0,0,0,0,0,0
14,1,0,0,0,0,0,0,0,0,0,0,14,3,0,0,0,0,0,0,0,0,-1,0,0,0,0,0,0,0,0,0
6,1,0,0,0,0,0,0,0,0,0,0,6,2,0,0,0,0,0,0,0,0,-1,0,0,0,0,0,0,0,0,0
13,1,0,0,0,0,0,0,0,0,0,0,13,3,0,0,0,0,0,0,0,0,-1,0,0,0,0,0,0,0,0,0
8,1,0,0,0,0,0,0,0,0,0,0,8,2,0,0,0,0,0,0,0,0,-1,0,0,0,0,0,0,0,0,0
15,1,0,0,0,0,0,0,0,0,0,0,15,4,0,0,0,0,0,0,0,0,-1,0,0,0,0,0,0,0,0,0
11,1,0,0,0,0,0,0,0,0,0,0,11,4,0,0,0,0,0,0,0,0,-1,0,0,0,0,0,0,0,0,0
14,1,0,0,0,0,0,0,0,0,0,0,14,4,0,0,0,0,0,0,0,0,-1,0,0,0,0,0,0,0,0,0
9,1,0,0,0,0,0,0,0,0,0,0,9,2,0,0,0,0,0,0,0,0,-1,0,0,0,0,0,0,0,0,0
7,1,0,0,0,0,0,0,0,0,0,0,7,2,0,0,0,0,0,0,0,0,-1,0,0,0,0,0,0,0,0,0
10,1,0,0,0,0,0,0,0,0,0,0,10,3,0,0,0,0,0,0,0,0,-1,0,0,0,0,0,0,0,0,0
10,1,0,0,0,0,0,0,0,0,0,0,10,2,0,0,0,0,0,0,0,0,-1,0,0,0,0,0,0,0,0,0
9,1,0,0,0,0,0,0,0,0,0,0,9,2,0,0,0,0,0,0,0,0,-1,0,0,0,0,0,0,0,0,0
12,1,0,0,0,0,0,0,0,0,0,0,12,4,0,0,0,0,0,0,0,0,-1,0,0,0,0,0,0,0,0,0
8,1,0,0,0,0,0,0,0,0,0,0,8,3,0,0,0,0,0,0,0,0,-1,0,0,0,0,0,0,0,0,0
11,1,0,0,0,0,0,0,0,0,0,0,11,4,0,0,0,0,0,0,0,0,-1,0,0,0,0,0,0,0,0,0
10,1,0,0,0,0,0,0,0,0,0,0,10,2,0,0,0,0,0,0,0,0,-1,0,0,0,0,0,0,0,0,0
6,1,0,0,0,0,0,0,0,0,0,0,6,2,0,0,0,0,0,0,0,0,-1,0,0,0,0,0,0,0,0,0
12,1,0,0,0,0,0,0,0,0,0,0,12,3,0,0,0,0,0,0,0,0,-1,0,0,0,0,0,0,0,0,0
17,1,0,0,0,0,0,0,0,0,0,0,17,3,0,0,0,0,0,0,0,0,-1,0,0,0,0,0,0,0,0,0
12,1,0,0,0,0,0,0,0,0,0,0,12,4,0,0,0,0,0,0,0,0,-1,0,0,0,0,0,0,0,0,0
11,1,0,0,0,0,0,0,0,0,0,0,11,3,0,0,0,0,0,0,0,0,-1,0,0,0,0,0,0,0,0,0
12,2,0,0,0,0,0,0,0,0,0,1,12,2,0,0,0,0,0,0,0,0,-1,0,0,0,0,0,0,0,0,0
20,2,0,0,0,0,0,0,0,0,0,1,20,2,0,0,0,0,0,0,0,0,-1,0,0,0,0,0,0,0,0,0
11,1,0,0,0,0,0,0,0,0,0,0,11,3,0,0,0,0,0,0,0,0,-1,0,0,0,0,0,0,0,0,0
14,1,0,0,0,0,0,0,0,0,0,0,14,3,0,0,0,0,0,0,0,0,-1,0,0,0,0,0,0,0,0,0
12,1,0,0,0,0,0,0,0,0,0,0,12,3,0,0,0,0,0,0,0,0,-1,0,0,0,0,0,0,0,0,0
13,1,0,1,0,0,0,0,0,0,0,0,13,3,0,0,0,0,0,0,0,0,-1,0,0,0,0,0,0,0,0,0
12,1,0,0,0,0,0,0,0,0,0,0,12,3,0,0,0,0,0,0,0,0,-1,0,0,0,0,0,0,0,0,0
18,1,0,1,0,0,0,0,0,0,0,0,18,3,0,0,0,0,0,0,0,0,-1,0,0,0,0,0,0,0,0,0
12,1,0,0,0,0,0,0,0,0,0,0,12,4,0,0,0,0,0,0,0,0,-1,0,0,0,0,0,0,0,0,0
12,1,0,0,0,0,0,0,0,0,0,0,12,3,0,0,0,0,0,0,0,0,-1,0,0,0,0,0,0,0,0,0
12,1,0,0,0,0,0,0,0,0,0,0,12,2,0,0,0,0,0,0,0,0,-1,0,0,0,0,0,0,0,0,0
5,1,0,0,0,0,0,0,0,0,0,0,5,2,0,0,0,0,0,0,0,0,-1,0,0,0,0,0,0,0,0,0
14,1,0,1,0,0,0,0,0,0,0,0,14,3,0,0,0,0,0,0,0,0,-1,0,0,0,0,0,0,0,0,0
9,1,0,0,0,0,0,0,0,0,0,0,9,3,0,0,0,0,0,0,0,0,-1,0,0,0,0,0,0,0,0,0
10,1,0,0,0,0,0,0,0,0,0,0,10,3,0,0,0,0,0,0,0,0,-1,0,0,0,0,0,0,0,0,0
8,1,0,0,0,0,0,0,0,0,0,0,8,3,0,0,0,0,0,0,0,0,-1,0,0,0,0,0,0,0,0,0
15,1,0,0,0,0,0,0,0,0,0,0,15,3,0,0,0,0,0,0,0,0,-1,0,0,0,0,0,0,0,0,0
15,1,0,0,0,0,0,0,0,0,0,0,15,4,0,0,0,0,0,0,0,0,-1,0,0,0,0,0,0,0,0,0
11,1,0,0,0,0,0,0,0,0,0,0,11,2,0,0,0,0,0,0,0,0,-1,0,0,0,0,0,0,0,0,0
11,1,0,0,0,0,0,0,0,0,0,0,11,3,0,0,0,0,0,0,0,0,-1,0,0,0,0,0,0,0,0,0
10,1,0,0,0,0,0,0,0,0,0,0,10,3,0,0,0,0,0,0,0,0,-1,0,0,0,0,0,0,0,0,0
16,1,0,0,0,0,0,0,0,0,0,0,16,3,0,0,0,0,0,0,0,0,-1,0,0,0,0,0,0,0,0,0
13,2,0,0,0,0,0,0,0,0,0,1,13,2,0,0,0,0,0,0,0,0,-1,0,0,0,0,0,0,0,0,0
6,1,0,0,0,0,0,0,0,0,0,0,6,2,0,0,0,0,0,0,0,0,-1,0,0,0,0,0,0,0,0,0
7,1,0,0,0,0,0,0,0,0,0,0,7,2,0,0,0,0,0,0,0,0,-1,0,0,0,0,0,0,0,0,0
10,1,0,0,0,0,0,0,0,0,0,0,10,2,0,0,0,0,0,0,0,0,-1,0,0,0,0,0,0,0,0,0
13,1,0,0,0,0,0,0,0,0,0,0,13,6,0,0,0,0,0,0,0,0,-1,0,0,0,0,0,0,0,0,0
11,1,0,0,0,0,0,0,0,0,0,0,11,3,0,0,0,0,0,0,0,0,-1,0,0,0,0,0,0,0,0,0
19,1,0,0,0,0,0,0,0,0,0,0,19,2,0,0,0,0,0,0,0,0,-1,0,0,0,0,0,0,0,0,0
13,1,0,0,0,0,0,0,0,0,0,0,13,5,0,0,0,0,0,0,0,0,-1,0,0,0,0,0,0,0,0,0
11,1,0,0,0,0,0,0,0,0,0,0,11,2,0,0,0,0,0,0,0,0,-1,0,0,0,0,0,0,0,0,0
10,1,0,0,0,0,0,0,0,0,0,0,10,2,0,0,0,0,0,0,0,0,-1,0,0,0,0,0,0,0,0,0
12,1,0,0,0,0,0,0,0,0,0,0,12,2,0,0,0,0,0,0,0,0,-1,0,0,0,0,0,0,0,0,0
12,1,0,0,0,0,0,0,0,0,0,0,12,3,0,0,0,0,0,0,0,0,-1,0,0,0,0,0,0,0,0,0
14,1,0,0,0,0,0,0,0,0,0,0,14,3,0,0,0,0,0,0,0,0,-1,0,0,0,0,0,0,0,0,0
11,1,0,0,0,0,0,0,0,0,0,0,11,4,0,0,0,0,0,0,0,0,-1,0,0,0,0,0,0,0,0,0
17,2,0,0,0,0,0,0,0,0,0,1,17,2,0,0,0,0,0,0,0,0,-1,0,0,0,0,0,0,0,0,0
12,1,0,1,0,0,0,0,0,0,0,0,12,3,0,0,0,0,0,0,0,0,-1,0,0,0,0,0,0,0,0,0
12,1,0,0,0,0,0,0,0,0,0,0,12,2,0,0,0,0,0,0,0,0,-1,0,0,0,0,0,0,0,0,0
13,1,0,0,0,0,0,0,0,0,0,0,13,3,0,0,0,0,0,0,0,0,-1,0,0,0,0,0,0,0,0,0
11,1,0,0,0,0,0,0,0,0,0,0,11,3,0,0,0,0,0,0,0,0,-1,0,0,0,0,0,0,0,0,0
16,1,0,0,0,0,0,0,0,0,0,0,16,4,0,0,0,0,0,0,0,0,-1,0,0,0,0,0,0,0,0,0
19,1,0,2,0,0,0,0,0,0,0,0,19,3,0,0,0,0,0,0,0,0,-1,0,0,0,0,0,0,0,0,0
15,1,0,0,0,0,0,0,0,0,0,0,15,3,0,0,0,0,0,0,0,0,-1,0,0,0,0,0,0,0,0,0
17,1,0,0,0,0,0,0,0,0,0,0,17,3,0,0,0,0,0,0,0,0,-1,0,0,0,0,0,0,0,0,0
20,2,0,0,0,0,0,0,0,0,0,1,20,2,0,0,0,0,0,0,0,0,-1,0,0,0,0,0,0,0,0,0
20,2,0,0,0,0,0,0,0,0,0,1,20,2,0,0,0,0,0,0,0,0,-1,0,0,0,0,0,0,0,0,0
13,1,0,0,0,0,0,0,0,0,0,0,13,3,0,0,0,0,0,0,0,0,-1,0,0,0,0,0,0,0,0,0
15,1,0,0,0,0,0,0,0,0,0,0,15,3,0,0,0,0,0,0,0,0,-1,0,0,0,0,0,0,0,0,0
11,1,0,1,0,0,0,0,0,0,0,0,11,3,0,0,0,0,0,0,0,0,-1,0,0,0,0,0,0,0,0,0
16,1,0,0,0,0,0,0,0,0,0,0,16,3,0,0,0,0,0,0,0,0,-1,0,0,0,0,0,0,0,0,0
12,1,0,0,0,0,0,0,0,0,0,0,12,4,0,0,0,0,0,0,0,0,-1,0,0,0,0,0,0,0,0,0
11,1,0,0,0,0,0,0,0,0,0,0,11,2,0,0,0,0,0,0,0,0,-1,0,0,0,0,0,0,0,0,0
10,1,0,0,0,0,0,0,0,0,0,0,10,3,0,0,0,0,0,0,0,0,-1,0,0,0,0,0,0,0,0,0
7,1,0,0,0,0,0,0,0,0,0,0,7,3,0,0,0,0,0,0,0,0,-1,0,0,0,0,0,0,0,0,0
14,1,0,0,0,0,0,0,0,0,0,0,14,3,0,0,0,0,0,0,0,0,-1,0,0,0,0,0,0,0,0,0
15,1,0,0,0,0,0,0,0,0,0,0,15,3,0,0,0,0,0,0,0,0,-1,0,0,0,0,0,0,0,0,0
12,1,0,0,0,0,0,0,0,0,0,0,12,2,0,0,0,0,0,0,0,0,-1,0,0,0,0,0,0,0,0,0
22,1,0,0,0,0,0,0,0,0,0,0,22,2,0,0,0,0,0,0,0,0,-1,0,0,0,0,0,0,0,0,0
17,1,0,0,0,0,0,0,0,0,0,0,17,6,0,0,0,0,0,0,0,0,-1,0,0,0,0,0,0,0,0,0
12,1,0,0,0,0,0,0,0,0,0,0,12,3,0,0,0,0,0,0,0,0,-1,0,0,1,0,0,0,0,0,0
15,1,0,0,0,0,0,0,0,0,0,0,15,3,0,0,0,0,0,0,0,0,-1,0,0,0,0,0,0,0,0,0
16,1,0,0,0,0,0,0,0,0,0,0,16,3,0,0,0,0,0,0,0,0,-1,0,0,0,0,0,0,0,0,0
11,1,0,0,0,0,0,0,0,0,0,0,11,4,0,0,0,0,0,0,0,0,-1,0,0,0,0,0,0,0,0,0
16,1,0,0,0,0,0,0,0,0,0,0,16,2,0,0,0,0,0,0,0,0,-1,0,0,0,0,0,0,0,0,0
17,1,0,0,0,0,0,0,0,0,0,0,17,3,0,0,0,0,0,0,0,0,-1,0,0,0,0,0,0,0,0,0
17,1,0,0,0,0,0,0,0,0,0,0,17,3,0,0,0,0,0,0,0,0,-1,0,0,0,0,0,0,0,0,0
9,1,0,0,0,0,0,0,0,0,0,0,9,2,0,0,0,0,0,0,0,0,-1,0,0,0,0,0,0,0,0,0
11,1,0,0,0,0,0,0,0,0,0,0,11,3,0,0,0,0,0,0,0,0,-1,0,0,0,0,0,0,0,0,0
13,1,0,1,0,0,0,0,0,0,0,0,13,2,0,0,0,0,0,0,0,0,-1,0,0,0,0,0,0,0,0,0
13,1,0,0,0,0,0,0,0,0,0,0,13,3,0,0,0,0,0,0,0,0,-1,0,0,0,0,0,0,0,0,0
15,1,0,0,0,0,0,0,0,0,0,0,15,3,0,0,0,0,0,0,0,0,-1,0,0,0,0,0,0,0,0,0
13,1,0,0,0,0,0,0,0,0,0,0,13,3,0,0,0,0,0,0,0,0,-1,0,0,0,0,0,0,0,0,0
10,1,0,0,0,0,0,0,0,0,0,0,10,3,0,0,0,0,0,0,0,0,-1,0,0,0,0,0,0,0,0,0
12,1,0,0,0,0,0,0,0,0,0,0,12,2,0,0,0,0,0,0,0,0,-1,0,0,0,0,0,0,0,0,0
12,1,0,0,0,0,0,0,0,0,0,0,12,3,0,0,0,0,0,0,0,0,-1,0,0,0,0,0,0,0,0,0
12,1,0,0,0,0,0,0,0,0,0,0,12,3,0,0,0,0,0,0,0,0,-1,0,0,0,0,0,0,0,0,0
17,2,0,0,0,0,0,0,0,0,0,1,17,2,0,0,0,0,0,0,0,0,-1,0,0,0,0,0,0,0,0,0
26,2,0,0,0,0,0,0,0,0,0,1,26,2,0,0,0,0,0,0,0,0,-1,0,0,0,0,0,0,0,0,0
14,2,0,0,0,0,0,0,0,0,0,1,14,2,0,0,0,0,0,0,0,0,-1,0,0,0,0,0,0,0,0,0
8,1,0,0,0,0,0,0,0,0,0,0,8,2,0,0,0,0,0,0,0,0,-1,0,0,0,0,0,0,0,0,0
7,1,0,0,0,0,0,0,0,0,0,0,7,2,0,0,0,0,0,0,0,0,-1,0,0,0,0,0,0,0,0,0
15,1,0,0,0,0,0,0,0,0,0,0,15,3,0,0,0,0,0,0,0,0,-1,0,0,0,0,0,0,0,0,0
12,1,0,0,0,0,0,0,0,0,0,0,12,3,0,0,0,0,0,0,0,0,-1,0,0,0,0,0,0,0,0,0
11,1,0,0,0,0,0,0,0,0,0,0,11,8,0,0,0,0,0,0,0,0,-1,0,0,0,0,0,0,0,0,0
8,1,0,0,0,0,0,0,0,0,0,0,8,3,0,0,0,0,0,0,0,0,-1,0,0,0,0,0,0,0,0,0
13,1,0,0,0,0,0,0,0,0,0,0,13,6,0,0,0,0,0,0,0,0,-1,0,0,0,0,0,0,0,0,0
7,1,0,0,0,0,0,0,0,0,0,0,7,2,0,0,0,0,0,0,0,0,-1,0,0,0,0,0,0,0,0,0
5,1,0,0,0,0,0,0,0,0,0,0,5,2,0,0,0,0,0,0,0,0,-1,0,0,0,0,0,0,0,0,0
9,1,0,0,0,0,0,0,0,0,0,0,9,2,0,0,0,0,0,0,0,0,-1,0,0,0,0,0,0,0,0,0
6,1,0,0,0,0,0,0,0,0,0,0,6,2,0,0,0,0,0,0,0,0,-1,0,0,0,0,0,0,0,0,0
10,1,0,0,0,0,0,0,0,0,0,0,10,3,0,0,0,0,0,0,0,0,-1,0,0,0,0,0,0,0,0,0
15,1,0,0,0,0,0,0,0,0,0,0,15,3,0,0,0,0,0,0,0,0,-1,0,0,0,0,0,0,0,0,0
11,1,0,0,0,0,0,0,0,0,0,0,11,3,0,0,0,0,0,0,0,0,-1,0,0,0,0,0,0,0,0,0
12,2,0,0,0,0,0,0,0,0,0,1,12,2,0,0,0,0,0,0,0,0,-1,0,0,0,0,0,0,0,0,0
10,1,0,0,0,0,0,0,0,0,0,0,10,3,0,0,0,0,0,0,0,0,-1,0,0,0,0,0,0,0,0,0
9,1,0,0,0,0,0,0,0,0,0,0,9,2,0,0,0,0,0,0,0,0,-1,0,0,0,0,0,0,0,0,0
10,1,0,0,0,0,0,0,0,0,0,0,10,3,0,0,0,0,0,0,0,0,-1,0,0,0,0,0,0,0,0,0
16,1,0,0,0,0,0,0,0,0,0,0,16,3,0,0,0,0,0,0,0,0,-1,0,0,0,0,0,0,0,0,0
13,1,0,0,0,0,0,0,0,0,0,0,13,3,0,0,0,0,0,0,0,0,-1,0,0,0,0,0,0,0,0,0
11,1,0,0,0,0,0,0,0,0,0,0,11,3,0,0,0,0,0,0,0,0,-1,0,0,0,0,0,0,0,0,0
7,1,0,0,0,0,0,0,0,0,0,0,7,2,0,0,0,0,0,0,0,0,-1,0,0,0,0,0,0,0,0,0
22,1,0,0,0,0,0,0,0,0,0,0,22,3,0,0,0,0,0,0,0,0,-1,0,0,0,0,0,0,0,0,0
12,1,0,0,0,0,0,0,0,0,0,0,12,3,0,0,0,0,0,0,0,0,-1,0,0,0,0,0,0,0,0,0
15,1,0,0,0,0,0,0,0,0,0,0,15,3,0,0,0,0,0,0,0,0,-1,0,0,0,0,0,0,0,0,0
12,2,0,0,0,0,0,0,0,0,0,1,12,2,0,0,0,0,0,0,0,0,-1,0,0,0,0,0,0,0,0,0
7,1,0,0,0,0,0,0,0,0,0,0,7,3,0,0,0,0,0,0,0,0,-1,0,0,0,0,0,0,0,0,0
8,1,0,0,0,0,0,0,0,0,0,0,8,3,0,0,0,0,0,0,0,0,-1,0,0,0,0,0,0,0,0,0
7,1,0,0,0,0,0,0,0,0,0,0,7,3,0,0,0,0,0,0,0,0,-1,0,0,0,0,0,0,0,0,0
18,1,0,0,0,0,0,0,0,0,0,0,18,3,0,0,0,0,0,0,0,0,-1,0,0,0,0,0,0,0,0,0
9,1,0,0,0,0,0,0,0,0,0,0,9,3,0,0,0,0,0,0,0,0,-1,0,0,0,0,0,0,0,0,0
9,1,0,0,0,0,0,0,0,0,0,0,9,2,0,0,0,0,0,0,0,0,-1,0,0,0,0,0,0,0,0,0
10,1,0,0,0,0,0,0,0,0,0,0,10,3,0,0,0,0,0,0,0,0,-1,0,0,0,0,0,0,0,0,0
10,2,0,0,0,0,0,0,0,0,0,1,10,2,0,0,0,0,0,0,0,0,-1,0,0,0,0,0,0,0,0,0
7,1,0,0,0,0,0,0,0,0,0,0,7,2,0,0,0,0,0,0,0,0,-1,0,0,0,0,0,0,0,0,0
7,1,0,0,0,0,0,0,0,0,0,0,7,2,0,0,0,0,0,0,0,0,-1,0,0,0,0,0,0,0,0,0
11,1,0,0,0,0,0,0,0,0,0,0,11,3,0,0,0,0,0,0,0,0,-1,0,0,0,0,0,0,0,0,0
11,1,0,0,0,0,0,0,0,0,0,0,11,3,0,0,0,0,0,0,0,0,-1,0,0,0,0,0,0,0,0,0
10,1,0,1,0,0,0,0,0,0,0,0,10,3,0,0,0,0,0,0,0,0,-1,0,0,0,0,0,0,0,0,0
9,1,0,0,0,0,0,0,0,0,0,0,9,3,0,0,0,0,0,0,0,0,-1,0,0,0,0,0,0,0,0,0
15,1,0,0,0,0,0,0,0,0,0,0,15,3,0,0,0,0,0,0,0,0,-1,0,0,0,0,0,0,0,0,0
15,1,0,0,0,0,0,0,0,0,0,0,15,3,0,0,0,0,0,0,0,0,-1,0,0,0,0,0,0,0,0,0
17,1,0,0,0,0,0,0,0,0,0,0,17,3,0,0,0,0,0,0,0,0,-1,0,0,0,0,0,0,0,0,0
10,1,0,0,0,0,0,0,0,0,0,0,10,2,0,0,0,0,0,0,0,0,-1,0,0,0,0,0,0,0,0,0
18,1,0,1,0,0,0,0,0,0,0,0,18,3,0,0,0,0,0,0,0,0,-1,0,0,0,0,0,0,0,0,0
10,1,0,0,0,0,0,0,0,0,0,0,10,3,0,0,0,0,0,0,0,0,-1,0,0,0,0,0,0,0,0,0
8,1,0,0,0,0,0,0,0,0,0,0,8,5,0,0,0,0,0,0,0,0,-1,0,0,0,0,0,0,0,0,0
13,1,0,0,0,0,0,0,0,0,0,0,13,3,0,0,0,0,0,0,0,0,-1,0,0,0,0,0,0,0,0,0
11,1,0,0,0,0,0,0,0,0,0,0,11,3,0,0,0,0,0,0,0,0,-1,0,0,0,0,0,0,0,0,0
13,1,0,0,0,0,0,0,0,0,0,0,13,2,0,0,0,0,0,0,0,0,-1,0,0,0,0,0,0,0,0,0
7,1,0,0,0,0,0,0,0,0,0,0,7,3,0,0,0,0,0,0,0,0,-1,0,0,0,0,0,0,0,0,0
11,1,0,0,0,0,0,0,0,0,0,0,11,3,0,0,0,0,0,0,0,0,-1,0,0,0,0,0,0,0,0,0
11,1,0,0,0,0,0,0,0,0,0,0,11,3,0,0,0,0,0,0,0,0,-1,0,0,0,0,0,0,0,0,0
10,1,0,0,0,0,0,0,0,0,0,0,10,3,0,0,0,0,0,0,0,0,-1,0,0,0,0,0,0,0,0,0
12,1,0,0,0,0,0,0,0,0,0,0,12,3,0,0,0,0,0,0,0,0,-1,0,0,0,0,0,0,0,0,0
10,1,0,0,0,0,0,0,0,0,0,0,10,2,0,0,0,0,0,0,0,0,-1,0,0,0,0,0,0,0,0,0
11,1,0,0,0,0,0,0,0,0,0,0,11,2,0,0,0,0,0,0,0,0,-1,0,0,0,0,0,0,0,0,0
7,1,0,0,0,0,0,0,0,0,0,0,7,3,0,0,0,0,0,0,0,0,-1,0,0,0,0,0,0,0,0,0
8,1,0,0,0,0,0,0,0,0,0,0,8,2,0,0,0,0,0,0,0,0,-1,0,0,0,0,0,0,0,0,0
7,1,0,0,0,0,0,0,0,0,0,0,7,3,0,0,0,0,0,0,0,0,-1,0,0,0,0,0,0,0,0,0
11,1,0,0,0,0,0,0,0,0,0,0,11,3,0,0,0,0,0,0,0,0,-1,0,0,0,0,0,0,0,0,0
18,1,0,1,0,0,0,0,0,0,0,0,18,3,0,0,0,0,0,0,0,0,-1,0,0,0,0,0,0,0,0,0
12,1,0,0,0,0,0,0,0,0,0,0,12,3,0,0,0,0,0,0,0,0,-1,0,0,0,0,0,0,0,0,0
13,1,0,0,0,0,0,0,0,0,0,0,13,3,0,0,0,0,0,0,0,0,-1,0,0,0,0,0,0,0,0,0
10,1,0,0,0,0,0,0,0,0,0,0,10,3,0,0,0,0,0,0,0,0,-1,0,0,0,0,0,0,0,0,0
9,1,0,0,0,0,0,0,0,0,0,0,9,2,0,0,0,0,0,0,0,0,-1,0,0,0,0,0,0,0,0,0
9,1,0,0,0,0,0,0,0,0,0,0,9,3,0,0,0,0,0,0,0,0,-1,0,0,0,0,0,0,0,0,0
11,1,0,0,0,0,0,0,0,0,0,0,11,3,0,0,0,0,0,0,0,0,-1,0,0,0,0,0,0,0,0,0
8,1,0,0,0,0,0,0,0,0,0,0,8,3,0,0,0,0,0,0,0,0,-1,0,0,0,0,0,0,0,0,0
8,1,0,0,0,0,0,0,0,0,0,0,8,3,0,0,0,0,0,0,0,0,-1,0,0,0,0,0,0,0,0,0
8,1,0,0,0,0,0,0,0,0,0,0,8,2,0,0,0,0,0,0,0,0,-1,0,0,0,0,0,0,0,0,0
10,1,0,0,0,0,0,0,0,0,0,0,10,3,0,0,0,0,0,0,0,0,-1,0,0,0,0,0,0,0,0,0
7,1,0,0,0,0,0,0,0,0,0,0,7,3,0,0,0,0,0,0,0,0,-1,0,0,0,0,0,0,0,0,0
13,1,0,0,0,0,0,0,0,0,0,0,13,4,0,0,0,0,0,0,0,0,-1,0,0,0,0,0,0,0,0,0
13,1,0,0,0,0,0,0,0,0,0,0,13,2,0,0,0,0,0,0,0,0,-1,0,0,0,0,0,0,0,0,0
20,1,0,0,0,0,0,0,0,0,0,0,20,3,0,0,0,0,0,0,0,0,-1,0,0,0,0,0,0,0,0,0
8,1,0,0,0,0,0,0,0,0,0,0,8,2,0,0,0,0,0,0,0,0,-1,0,0,0,0,0,0,0,0,0
13,1,0,0,0,0,0,0,0,0,0,0,13,3,0,0,0,0,0,0,0,0,-1,0,0,0,0,0,0,0,0,0
22,1,0,0,0,0,0,0,0,0,0,0,22,3,0,0,0,0,0,0,0,0,-1,0,0,0,0,0,0,0,0,0
9,1,0,0,0,0,0,0,0,0,0,0,9,3,0,0,0,0,0,0,0,0,-1,0,0,0,0,0,0,0,0,0
14,1,0,0,0,0,0,0,0,0,0,0,14,2,0,0,0,0,0,0,0,0,-1,0,0,0,0,0,0,0,0,0
14,1,0,0,0,0,0,0,0,0,0,0,14,2,0,0,0,0,0,0,0,0,-1,0,0,0,0,0,0,0,0,0
18,1,0,0,0,0,0,0,0,0,0,0,18,3,0,0,0,0,0,0,0,0,-1,0,0,0,0,0,0,0,0,0
8,1,0,0,0,0,0,0,0,0,0,0,8,3,0,0,0,0,0,0,0,0,-1,0,0,0,0,0,0,0,0,0
11,1,0,0,0,0,0,0,0,0,0,0,11,2,0,0,0,0,0,0,0,0,-1,0,0,0,0,0,0,0,0,0
9,1,0,0,0,0,0,0,0,0,0,0,9,5,0,0,0,0,0,0,0,0,-1,0,0,0,0,0,0,0,0,0
9,2,0,0,0,0,0,0,0,0,0,1,9,2,0,0,0,0,0,0,0,0,-1,0,0,0,0,0,0,0,0,0
14,1,0,0,0,0,0,0,0,0,0,0,14,3,0,0,0,0,0,0,0,0,-1,0,0,0,0,0,0,0,0,0
6,1,0,0,0,0,0,0,0,0,0,0,6,3,0,0,0,0,0,0,0,0,-1,0,0,0,0,0,0,0,0,0
7,1,0,0,0,0,0,0,0,0,0,0,7,3,0,0,0,0,0,0,0,0,-1,0,0,0,0,0,0,0,0,0
9,2,0,0,0,0,0,0,0,0,0,1,9,2,0,0,0,0,0,0,0,0,-1,0,0,0,0,0,0,0,0,0
10,1,0,0,0,0,0,0,0,0,0,0,10,3,0,0,0,0,0,0,0,0,-1,0,0,0,0,0,0,0,0,0
14,1,0,0,0,0,0,0,0,0,0,0,14,3,0,0,0,0,0,0,0,0,-1,0,0,0,0,0,0,0,0,0
12,1,0,0,0,0,0,0,0,0,0,0,12,3,0,0,0,0,0,0,0,0,-1,0,0,0,0,0,0,0,0,0
9,1,0,0,0,0,0,0,0,0,0,0,9,3,0,0,0,0,0,0,0,0,-1,0,0,0,0,0,0,0,0,0
13,1,0,0,0,0,0,0,0,0,0,0,13,3,0,0,0,0,0,0,0,0,-1,0,0,0,0,0,0,0,0,0
10,1,0,0,0,0,0,0,0,0,0,0,10,2,0,0,0,0,0,0,0,0,-1,0,0,0,0,0,0,0,0,0
14,1,0,0,0,0,0,0,0,0,0,0,14,3,0,0,0,0,0,0,0,0,-1,0,0,0,0,0,0,0,0,0
9,1,0,0,0,0,0,0,0,0,0,0,9,3,0,0,0,0,0,0,0,0,-1,0,0,0,0,0,0,0,0,0
17,1,0,0,0,0,0,0,0,0,0,0,17,3,0,0,0,0,0,0,0,0,-1,0,0,0,0,0,0,0,0,0
10,1,0,0,0,0,0,0,0,0,0,0,10,2,0,0,0,0,0,0,0,0,-1,0,0,0,0,0,0,0,0,0
11,1,0,0,0,0,0,0,0,0,0,0,11,3,0,0,0,0,0,0,0,0,-1,0,0,0,0,0,0,0,0,0
12,1,0,0,0,0,0,0,0,0,0,0,12,3,0,0,0,0,0,0,0,0,-1,0,0,0,0,0,0,0,0,0
13,1,0,0,0,0,0,0,0,0,0,0,13,3,0,0,0,0,0,0,0,0,-1,0,0,0,0,0,0,0,0,0
9,1,0,0,0,0,0,0,0,0,0,0,9,3,0,0,0,0,0,0,0,0,-1,0,0,0,0,0,0,0,0,0
7,1,0,0,0,0,0,0,0,0,0,0,7,3,0,0,0,0,0,0,0,0,-1,0,0,0,0,0,0,0,0,0
6,1,0,0,0,0,0,0,0,0,0,0,6,2,0,0,0,0,0,0,0,0,-1,0,0,0,0,0,0,0,0,0
12,1,0,0,0,0,0,0,0,0,0,0,12,3,0,0,0,0,0,0,0,0,-1,0,0,0,0,0,0,0,0,0
11,1,0,0,0,0,0,0,0,0,0,0,11,3,0,0,0,0,0,0,0,0,-1,0,0,0,0,0,0,0,0,0
16,1,0,0,0,0,0,0,0,1,0,0,16,3,0,0,0,0,0,0,0,0,-1,0,0,0,0,0,0,0,0,0
14,1,0,0,0,0,0,0,0,0,0,0,14,3,0,0,0,0,0,0,0,0,-1,0,0,0,0,0,0,0,0,0
9,1,0,0,0,0,0,0,0,0,0,0,9,3,0,0,0,0,0,0,0,0,-1,0,0,0,0,0,0,0,0,0
11,1,0,0,0,0,0,0,0,0,0,0,11,3,0,0,0,0,0,0,0,0,-1,0,0,0,0,0,0,0,0,0
9,1,0,0,0,0,0,0,0,0,0,0,9,3,0,0,0,0,0,0,0,0,-1,0,0,0,0,0,0,0,0,0
11,1,0,0,0,0,0,0,0,0,0,0,11,3,0,0,0,0,0,0,0,0,-1,0,0,0,0,0,0,0,0,0
6,1,0,0,0,0,0,0,0,0,0,0,6,3,0,0,0,0,0,0,0,0,-1,0,0,0,0,0,0,0,0,0
7,1,0,0,0,0,0,0,0,0,0,0,7,2,0,0,0,0,0,0,0,0,-1,0,0,0,0,0,0,0,0,0
9,1,0,0,0,0,0,0,0,0,0,0,9,3,0,0,0,0,0,0,0,0,-1,0,0,0,0,0,0,0,0,0
16,1,0,0,0,0,0,0,0,0,0,0,16,3,0,0,0,0,0,0,0,0,-1,0,0,0,0,0,0,0,0,0
11,1,0,0,0,0,0,0,0,0,0,0,11,3,0,0,0,0,0,0,0,0,-1,0,0,0,0,0,0,0,0,0
14,1,0,0,0,0,0,0,0,0,0,0,14,3,0,0,0,0,0,0,0,0,-1,0,0,0,0,0,0,0,0,0
15,1,0,0,0,0,0,0,0,0,0,0,15,3,0,0,0,0,0,0,0,0,-1,0,0,0,0,0,0,0,0,0
7,1,0,0,0,0,0,0,0,0,0,0,7,3,0,0,0,0,0,0,0,0,-1,0,0,0,0,0,0,0,0,0
12,1,0,0,0,0,0,0,0,0,0,0,12,3,0,0,0,0,0,0,0,0,-1,0,0,0,0,0,0,0,0,0
15,1,0,0,0,0,0,0,0,0,0,0,15,3,0,0,0,0,0,0,0,0,-1,0,0,0,0,0,0,0,0,0
8,1,0,0,0,0,0,0,0,0,0,0,8,3,0,0,0,0,0,0,0,0,-1,0,0,0,0,0,0,0,0,0
10,1,0,0,0,0,0,0,0,0,0,0,10,3,0,0,0,0,0,0,0,0,-1,0,0,0,0,0,0,0,0,0
16,2,0,0,0,0,0,0,0,0,0,1,16,2,0,0,0,0,0,0,0,0,-1,0,0,0,0,0,0,0,0,0
8,1,0,0,0,0,0,0,0,0,0,0,8,3,0,0,0,0,0,0,0,0,-1,0,0,0,0,0,0,0,0,0
18,1,0,0,0,0,0,0,0,0,0,0,18,3,0,0,0,0,0,0,0,0,-1,0,0,0,0,0,0,0,0,0
10,1,0,0,0,0,0,0,0,0,0,0,10,3,0,0,0,0,0,0,0,0,-1,0,0,0,0,0,0,0,0,0
9,1,0,0,0,0,0,0,0,0,0,0,9,2,0,0,0,0,0,0,0,0,-1,0,0,0,0,0,0,0,0,0
12,1,0,0,0,0,0,0,0,0,0,0,12,3,0,0,0,0,0,0,0,0,-1,0,0,0,0,0,0,0,0,0
14,2,0,0,0,0,0,0,0,0,0,1,14,2,0,0,0,0,0,0,0,0,-1,0,0,0,0,0,0,0,0,0
13,1,0,0,0,0,0,0,0,0,0,0,13,3,0,0,0,0,0,0,0,0,-1,0,0,0,0,0,0,0,0,0
9,1,0,0,0,0,0,0,0,0,0,0,9,4,0,0,1,0,0,0,0,0,-1,0,0,0,0,0,0,0,0,0
10,1,0,0,0,0,0,0,0,0,0,0,10,3,0,0,0,0,0,0,0,0,-1,0,0,0,0,0,0,0,0,0
13,1,0,0,0,0,0,0,0,0,0,0,13,2,0,0,0,0,0,0,0,0,-1,0,0,0,0,0,0,0,0,0
13,1,0,0,0,0,0,0,0,0,0,0,13,3,0,0,0,0,0,0,0,0,-1,0,0,0,0,0,0,0,0,0
14,1,0,0,0,0,0,0,0,0,0,0,14,3,0,0,0,0,0,0,0,0,-1,0,0,0,0,0,0,0,0,0
12,1,0,0,0,0,0,0,0,0,0,0,12,3,0,0,0,0,0,0,0,0,-1,0,0,0,0,0,0,0,0,0
11,2,0,0,0,0,0,0,0,0,0,1,11,2,0,0,0,0,0,0,0,0,-1,0,0,0,0,0,0,0,0,0
11,1,0,0,0,0,0,0,0,0,0,0,11,3,0,0,0,0,0,0,0,0,-1,0,0,0,0,0,0,0,0,0
15,1,0,0,0,0,0,0,0,0,0,0,15,4,0,0,0,0,0,0,0,0,-1,0,0,0,0,0,0,0,0,0
12,1,0,0,0,0,0,0,0,0,0,0,12,4,0,0,0,0,0,0,0,0,-1,0,0,0,0,0,0,0,0,0
23,1,0,0,0,0,0,0,0,0,0,0,23,3,0,0,0,0,0,0,0,0,-1,0,0,0,0,0,0,0,0,0
15,1,0,0,0,0,0,0,0,0,0,0,15,3,0,0,0,0,0,0,0,0,-1,0,0,0,0,0,0,0,0,0
9,1,0,0,0,0,0,0,0,0,0,0,9,3,0,0,0,0,0,0,0,0,-1,0,0,0,0,0,0,0,0,0
12,1,0,0,0,0,0,0,0,0,0,0,12,2,0,0,0,0,0,0,0,0,-1,0,0,0,0,0,0,0,0,0
16,1,0,0,0,0,0,0,0,0,0,0,16,3,0,0,0,0,0,0,0,0,-1,0,0,0,0,0,0,0,0,0
8,1,0,0,0,0,0,0,0,0,0,0,8,2,0,0,0,0,0,0,0,0,-1,0,0,0,0,0,0,0,0,0
13,1,0,1,0,0,0,0,0,0,0,0,13,3,0,0,0,0,0,0,0,0,-1,0,0,0,0,0,0,0,0,0
8,1,0,0,0,0,0,0,0,0,0,0,8,3,0,0,0,0,0,0,0,0,-1,0,0,0,0,0,0,0,0,0
8,1,0,0,0,0,0,0,0,0,0,0,8,2,0,0,0,0,0,0,0,0,-1,0,0,0,0,0,0,0,0,0
12,1,0,0,0,0,0,0,0,0,0,0,12,3,0,0,0,0,0,0,0,0,-1,0,0,0,0,0,0,0,0,0
11,1,0,0,0,0,0,0,0,0,0,0,11,3,0,0,0,0,0,0,0,0,-1,0,0,0,0,0,0,0,0,0
11,1,0,0,0,0,0,0,0,0,0,0,11,3,0,0,0,0,0,0,0,0,-1,0,0,0,0,0,0,0,0,0
15,2,0,0,0,0,0,0,0,0,0,1,15,2,0,0,0,0,0,0,0,0,-1,0,0,0,0,0,0,0,0,0
6,1,0,0,0,0,0,0,0,0,0,0,6,2,0,0,0,0,0,0,0,0,-1,0,0,0,0,0,0,0,0,0
7,1,0,0,0,0,0,0,0,0,0,0,7,3,0,0,0,0,0,0,0,0,-1,0,0,0,0,0,0,0,0,0
12,2,0,0,0,0,0,0,0,0,0,1,12,2,0,0,0,0,0,0,0,0,-1,0,0,0,0,0,0,0,0,0
14,1,0,0,0,0,0,0,0,0,0,0,14,3,0,0,0,0,0,0,0,0,-1,0,0,0,0,0,0,0,0,0
13,1,0,0,0,0,0,0,0,0,0,0,13,3,0,0,0,0,0,0,0,0,-1,0,0,0,0,0,0,0,0,0
14,1,0,0,0,0,0,0,0,0,0,0,14,3,0,0,0,0,0,0,0,0,-1,0,0,0,0,0,0,0,0,0
10,1,0,0,0,0,0,0,0,0,0,0,10,3,0,0,0,0,0,0,0,0,-1,0,0,0,0,0,0,0,0,0
9,1,0,0,0,0,0,0,0,0,0,0,9,3,0,0,0,0,0,0,0,0,-1,0,0,0,0,0,0,0,0,0
19,1,0,0,0,0,0,0,0,0,0,0,19,3,0,0,0,0,0,0,0,0,-1,0,0,0,0,0,0,0,0,0
13,1,0,0,0,0,0,0,0,0,0,0,13,3,0,0,0,0,0,0,0,0,-1,0,0,0,0,0,0,0,0,0
8,1,0,0,0,0,0,0,0,0,0,0,8,2,0,0,0,0,0,0,0,0,-1,0,0,0,0,0,0,0,0,0
12,1,0,0,0,0,0,0,0,0,0,0,12,3,0,0,0,0,0,0,0,0,-1,0,0,0,0,0,0,0,0,0
10,1,0,0,0,0,0,0,0,0,0,0,10,3,0,0,0,0,0,0,0,0,-1,0,0,0,0,0,0,0,0,0
13,1,0,0,0,0,0,0,0,0,0,0,13,4,0,0,0,0,0,0,0,0,-1,0,0,0,0,0,0,0,0,0
12,1,0,0,0,0,0,0,0,0,0,0,12,3,0,0,0,0,0,0,0,0,-1,0,0,0,0,0,0,0,0,0
6,1,0,0,0,0,0,0,0,0,0,0,6,2,0,0,0,0,0,0,0,0,-1,0,0,0,0,0,0,0,0,0
15,1,0,0,0,0,0,0,0,0,0,0,15,3,0,0,0,0,0,0,0,0,-1,0,0,0,0,0,0,0,0,0
9,1,0,0,0,0,0,0,0,0,0,0,9,2,0,0,0,0,0,0,0,0,-1,0,0,0,0,0,0,0,0,0
9,1,0,0,0,0,0,0,0,0,0,0,9,5,0,0,0,0,0,0,0,0,-1,0,0,0,0,0,0,0,0,0
10,1,0,0,0,0,0,0,0,0,0,0,10,5,0,0,0,0,0,0,0,0,-1,0,0,0,0,0,0,0,0,0
15,1,0,0,0,0,0,0,0,0,0,0,15,4,0,0,0,0,0,0,0,0,-1,0,0,0,0,0,0,0,0,0
8,1,0,0,0,0,0,0,0,0,0,0,8,3,0,0,0,0,0,0,0,0,-1,0,0,0,0,0,0,0,0,0
12,1,0,0,0,0,0,0,0,0,0,0,12,3,0,0,0,0,0,0,0,0,-1,0,0,0,0,0,0,0,0,0
19,1,0,1,0,0,0,0,0,0,0,0,19,5,0,0,0,0,0,0,0,0,-1,0,0,0,0,0,0,0,0,0
17,1,0,0,0,0,0,0,0,0,0,0,17,6,0,0,0,0,0,0,0,0,-1,0,0,0,0,0,0,0,0,0
11,1,0,0,0,0,0,0,0,0,0,0,11,3,0,0,0,0,0,0,0,0,-1,0,0,0,0,0,0,0,0,0
11,1,0,0,0,0,0,0,0,0,0,0,11,4,0,0,0,0,0,0,0,0,-1,0,0,0,0,0,0,0,0,0
17,1,0,0,0,0,0,0,0,0,0,0,17,6,0,0,0,0,0,0,0,0,-1,0,0,0,0,0,0,0,0,0
8,1,0,0,0,0,0,0,0,0,0,0,8,3,0,0,0,0,0,0,0,0,-1,0,0,0,0,0,0,0,0,0
13,1,0,0,0,0,0,0,0,0,0,0,13,3,0,0,0,0,0,0,0,0,-1,0,0,0,0,0,0,0,0,0
9,1,0,0,0,0,0,0,0,0,0,0,9,3,0,0,0,0,0,0,0,0,-1,0,0,0,0,0,0,0,0,0
8,1,0,0,0,0,0,0,0,0,0,0,8,3,0,0,0,0,0,0,0,0,-1,0,0,0,0,0,0,0,0,0
16,1,0,0,0,0,0,0,0,0,0,0,16,8,0,0,0,0,0,0,0,0,-1,0,0,0,0,0,0,0,0,0
20,1,0,2,0,0,0,0,0,0,0,0,20,3,0,0,0,0,0,0,0,0,-1,0,0,0,1,0,0,0,0,0
8,1,0,0,0,0,0,0,0,0,0,0,8,2,0,0,0,0,0,0,0,0,-1,0,0,0,0,0,0,0,0,0
14,1,0,0,0,0,0,0,0,0,0,0,14,4,0,0,0,0,0,0,0,0,-1,0,0,0,0,0,0,0,0,0
16,1,0,0,0,0,0,0,0,0,0,0,16,3,0,0,0,0,0,0,0,0,-1,0,0,0,0,0,0,0,0,0
14,1,0,0,0,0,0,0,0,0,0,0,14,3,0,0,0,0,0,0,0,0,-1,0,0,0,0,0,0,0,0,0
13,1,0,0,0,0,0,0,0,0,0,0,13,3,0,0,0,0,0,0,0,0,-1,0,0,0,0,0,0,0,0,0
9,1,0,0,0,0,0,0,0,0,0,0,9,2,0,0,0,0,0,0,0,0,-1,0,0,0,0,0,0,0,0,0
10,1,0,0,0,0,0,0,0,0,0,0,10,3,0,0,0,0,0,0,0,0,-1,0,0,0,0,0,0,0,0,0
17,1,0,0,0,0,0,0,0,0,0,0,17,8,0,0,0,0,0,0,0,0,-1,0,0,0,0,0,0,0,0,0
14,1,0,0,0,0,0,0,0,0,0,0,14,4,0,0,0,0,0,0,0,0,-1,0,0,0,0,0,0,0,0,0
16,1,0,2,0,0,0,0,0,0,0,0,16,3,0,0,0,0,0,0,0,0,-1,0,0,0,1,0,0,0,0,0
12,1,0,0,0,0,0,0,0,0,0,0,12,2,0,0,0,0,0,0,0,0,-1,0,0,0,0,0,0,0,0,0
7,1,0,0,0,0,0,0,0,0,0,0,7,2,0,0,0,0,0,0,0,0,-1,0,0,0,0,0,0,0,0,0
10,1,0,0,0,0,0,0,0,0,0,0,10,3,0,0,0,0,0,0,0,0,-1,0,0,0,0,0,0,0,0,0
9,1,0,0,0,0,0,0,0,0,0,0,9,3,0,0,0,0,0,0,0,0,-1,0,0,0,0,0,0,0,0,0
8,1,0,0,0,0,0,0,0,0,0,0,8,3,0,0,0,0,0,0,0,0,-1,0,0,0,0,0,0,0,0,0
10,1,0,0,0,0,0,0,0,0,0,0,10,3,0,0,0,0,0,0,0,0,-1,0,0,0,0,0,0,0,0,0
11,1,0,0,0,0,0,0,0,0,0,0,11,3,0,0,0,0,0,0,0,0,-1,0,0,0,0,0,0,0,0,0
10,1,0,0,0,0,0,0,0,0,0,0,10,3,0,0,0,0,0,0,0,0,-1,0,0,0,0,0,0,0,0,0
10,1,0,0,0,0,0,0,0,0,0,0,10,3,0,0,0,0,0,0,0,0,-1,0,0,0,0,0,0,0,0,0
13,2,0,0,0,0,0,0,0,0,0,1,13,2,0,0,0,0,0,0,0,0,-1,0,0,0,0,0,0,0,0,0
9,1,0,0,0,0,0,0,0,0,0,0,9,3,0,0,0,0,0,0,0,0,-1,0,0,0,0,0,0,0,0,0
8,1,0,0,0,0,0,0,0,0,0,0,8,3,0,0,0,0,0,0,0,0,-1,0,0,0,0,0,0,0,0,0
11,1,0,0,0,0,0,0,0,0,0,0,11,3,0,0,0,0,0,0,0,0,-1,0,0,0,0,0,0,0,0,0
12,1,0,0,0,0,0,0,0,0,0,0,12,2,0,0,0,0,0,0,0,0,-1,0,0,0,0,0,0,0,0,0
9,1,0,0,0,0,0,0,0,0,0,0,9,2,0,0,0,0,0,0,0,0,-1,0,0,0,0,0,0,0,0,0
8,1,0,0,0,0,0,0,0,0,0,0,8,3,0,0,0,0,0,0,0,0,-1,0,0,0,0,0,0,0,0,0
12,1,0,0,0,0,0,0,0,0,0,0,12,3,0,0,0,0,0,0,0,0,-1,0,0,0,0,0,0,0,0,0
10,1,0,0,0,0,0,0,0,0,0,0,10,3,0,0,0,0,0,0,0,0,-1,0,0,0,0,0,0,0,0,0
10,1,0,0,0,0,0,0,0,0,0,0,10,3,0,0,0,0,0,0,0,0,-1,0,0,0,0,0,0,0,0,0
16,1,0,0,0,0,0,0,0,0,0,0,16,3,0,0,0,0,0,0,0,0,-1,0,0,0,0,0,0,0,0,0
15,1,0,2,0,0,0,0,0,0,0,0,15,3,0,0,0,0,0,0,0,0,-1,0,0,0,0,0,0,0,0,0
12,1,0,0,0,0,0,0,0,0,0,0,12,6,0,0,0,0,0,0,0,0,-1,0,0,0,0,0,0,0,0,0
8,1,0,0,0,0,0,0,0,0,0,0,8,3,0,0,0,0,0,0,0,0,-1,0,0,0,0,0,0,0,0,0
12,1,0,0,0,0,0,0,0,0,0,0,12,3,0,0,0,0,0,0,0,0,-1,0,0,0,0,0,0,0,0,0
13,1,0,0,0,0,0,0,0,0,0,0,13,3,0,0,0,0,0,0,0,0,-1,0,0,0,0,0,0,0,0,0
12,1,0,1,0,0,0,0,0,0,0,0,12,3,0,0,0,0,0,0,0,0,-1,0,0,0,0,0,0,0,0,0
13,1,0,1,0,0,0,0,0,0,0,0,13,3,0,0,0,0,0,0,0,0,-1,0,0,0,0,0,0,0,0,0
12,1,0,0,0,0,0,0,0,0,0,0,12,3,0,0,0,0,0,0,0,0,-1,0,0,0,0,0,0,0,0,0
12,1,0,1,0,0,0,0,0,0,0,0,12,3,0,0,0,0,0,0,0,0,-1,0,0,0,0,0,0,0,0,0
10,1,0,0,0,0,0,0,0,0,0,0,10,3,0,0,0,0,0,0,0,0,-1,0,0,0,0,0,0,0,0,0
20,1,0,0,0,0,0,0,0,0,0,0,20,3,0,0,0,0,0,0,0,0,-1,0,0,0,0,0,0,0,0,0
13,2,0,0,0,0,0,0,0,0,0,1,13,2,0,0,0,0,0,0,0,0,-1,0,0,0,0,0,0,0,0,0
9,1,0,0,0,0,0,0,0,0,0,0,9,3,0,0,0,0,0,0,0,0,-1,0,0,0,0,0,0,0,0,0
8,1,0,0,0,0,0,0,0,0,0,0,8,3,0,0,0,0,0,0,0,0,-1,0,0,0,0,0,0,0,0,0
7,1,0,0,0,0,0,0,0,0,0,0,7,4,0,0,0,0,0,0,0,0,-1,0,0,0,0,0,0,0,0,0
12,1,0,0,0,0,0,0,0,0,0,0,12,3,0,0,0,0,0,0,0,0,-1,0,0,0,0,0,0,0,0,0
17,1,0,0,0,0,0,0,0,0,0,0,17,3,0,0,0,0,0,0,0,0,-1,0,0,0,0,0,0,0,0,0
9,1,0,0,0,0,0,0,0,0,0,0,9,3,0,0,0,0,0,0,0,0,-1,0,0,0,0,0,0,0,0,0
16,1,0,0,0,0,0,0,0,0,0,0,16,3,0,0,0,0,0,0,0,0,-1,0,0,0,0,0,0,0,0,0
15,1,0,0,0,0,0,0,0,0,0,0,15,3,0,0,0,0,0,0,0,0,-1,0,0,0,0,0,0,0,0,0
12,2,0,0,0,0,0,0,0,0,0,1,12,2,0,0,0,0,0,0,0,0,-1,0,0,0,0,0,0,0,0,0
7,1,0,0,0,0,0,0,0,0,0,0,7,3,0,0,0,0,0,0,0,0,-1,0,0,0,0,0,0,0,0,0
8,1,0,0,0,0,0,0,0,0,0,0,8,3,0,0,0,0,0,0,0,0,-1,0,0,0,0,0,0,0,0,0
22,1,0,0,0,0,0,0,0,0,0,0,22,3,0,0,0,0,0,0,0,0,-1,0,0,0,0,0,0,0,0,0
12,1,0,0,0,0,0,0,0,0,0,0,12,3,0,0,0,0,0,0,0,0,-1,0,0,0,0,0,0,0,0,0
10,1,0,0,0,0,0,0,0,0,0,0,10,3,0,0,0,0,0,0,0,0,-1,0,0,0,0,0,0,0,0,0
10,1,0,0,0,0,0,0,0,0,0,0,10,3,0,0,0,0,0,0,0,0,-1,0,0,0,0,0,0,0,0,0
7,1,0,0,0,0,0,0,0,0,0,0,7,2,0,0,0,0,0,0,0,0,-1,0,0,0,0,0,0,0,0,0
8,1,0,0,0,0,0,0,0,0,0,0,8,2,0,0,0,0,0,0,0,0,-1,0,0,0,0,0,0,0,0,0
13,1,0,0,0,0,0,0,0,0,0,0,13,3,0,0,0,0,0,0,0,0,-1,0,0,0,0,0,0,0,0,0
11,1,0,0,0,0,0,0,0,0,0,0,11,3,0,0,0,0,0,0,0,0,-1,0,0,0,0,0,0,0,0,0
10,1,0,0,0,0,0,0,0,0,0,0,10,3,0,0,0,0,0,0,0,0,-1,0,0,0,0,0,0,0,0,0
8,1,0,0,0,0,0,0,0,0,0,0,8,2,0,0,0,0,0,0,0,0,-1,0,0,0,0,0,0,0,0,0
9,1,0,0,0,0,0,0,0,0,0,0,9,2,0,0,1,0,0,0,0,0,-1,0,0,0,0,0,0,0,0,0
12,1,0,0,0,0,0,0,0,0,0,0,12,3,0,0,0,0,0,0,0,0,-1,0,0,0,0,0,0,0,0,0
9,1,0,0,0,0,0,0,0,0,0,0,9,3,0,0,0,0,0,0,0,0,-1,0,0,0,0,0,0,0,0,0
5,1,0,0,0,0,0,0,0,0,0,0,5,2,0,0,0,0,0,0,0,0,-1,0,0,0,0,0,0,0,0,0
12,1,0,0,0,0,0,0,0,0,0,0,12,3,0,0,0,0,0,0,0,0,-1,0,0,0,0,0,0,0,0,0
9,1,0,0,0,0,0,0,0,0,0,0,9,3,0,0,0,0,0,0,0,0,-1,0,0,0,0,0,0,0,0,0
10,1,0,0,0,0,0,0,0,0,0,0,10,3,0,0,0,0,0,0,0,0,-1,0,0,0,0,0,0,0,0,0
8,1,0,0,0,0,0,0,0,0,0,0,8,4,0,0,0,0,0,0,0,0,-1,0,0,0,0,0,0,0,0,0
10,2,0,0,0,0,0,0,0,0,0,1,10,2,0,0,0,0,0,0,0,0,-1,0,0,0,0,0,0,0,0,0
10,1,0,0,0,0,0,0,0,0,0,0,10,2,0,0,0,0,0,0,0,0,-1,0,0,0,0,0,0,0,0,0
10,1,0,0,0,0,0,0,0,0,0,0,10,4,0,0,0,0,0,0,0,0,-1,0,0,0,0,0,0,0,0,0
14,1,0,0,0,0,0,0,0,0,0,0,14,3,0,0,0,0,0,0,0,0,-1,0,0,0,0,0,0,0,0,0
12,1,0,0,0,0,0,0,0,0,0,0,12,3,0,0,0,0,0,0,0,0,-1,0,0,0,0,0,0,0,0,0
16,1,0,0,0,0,0,0,0,0,0,0,16,3,0,0,0,0,0,0,0,0,-1,0,0,0,0,0,0,0,0,0
12,1,0,0,0,0,0,0,0,0,0,0,12,3,0,0,0,0,0,0,0,0,-1,0,0,0,0,0,0,0,0,0
16,1,0,0,0,0,0,0,0,0,0,0,16,2,0,0,0,0,0,0,0,0,-1,0,0,0,0,0,0,0,0,0
11,1,0,1,0,0,0,0,0,0,0,0,11,3,0,0,0,0,0,0,0,0,-1,0,0,0,0,0,0,0,0,0
21,1,0,0,0,0,0,0,0,0,0,0,21,9,0,0,0,0,0,0,0,0,-1,0,0,0,0,0,0,0,0,0
14,1,0,0,0,0,0,0,0,0,0,0,14,3,0,0,0,0,0,0,0,0,-1,0,0,0,0,0,0,0,0,0
8,1,0,0,0,0,0,0,0,0,0,0,8,3,0,0,0,0,0,0,0,0,-1,0,0,0,0,0,0,0,0,0
10,2,0,0,0,0,0,0,0,0,0,1,10,2,0,0,0,0,0,0,0,0,-1,0,0,0,0,0,0,0,0,0
15,1,0,0,0,0,0,0,0,0,0,0,15,3,0,0,0,0,0,0,0,0,-1,0,0,0,0,0,0,0,0,0
16,1,0,0,0,0,0,0,0,0,0,0,16,3,0,0,0,0,0,0,0,0,-1,0,0,0,0,0,0,0,0,0
14,2,0,0,0,0,0,0,0,0,0,1,14,2,0,0,0,0,0,0,0,0,-1,0,0,0,0,0,0,0,0,0
16,1,0,0,0,0,0,0,0,0,0,0,16,10,0,0,0,0,0,0,0,0,-1,0,0,0,0,0,0,0,0,0
17,1,0,0,0,0,0,0,0,0,0,0,17,2,0,0,0,0,0,0,0,0,-1,0,0,0,0,0,0,0,0,0
6,1,0,0,0,0,0,0,0,0,0,0,6,3,0,0,0,0,0,0,0,0,-1,0,0,0,0,0,0,0,0,0
10,1,0,0,0,0,0,0,0,0,0,0,10,3,0,0,0,0,0,0,0,0,-1,0,0,0,0,0,0,0,0,0
10,1,0,0,0,0,0,0,0,0,0,0,10,3,0,0,0,0,0,0,0,0,-1,0,0,0,0,0,0,0,0,0
18,1,0,1,0,0,0,0,0,0,0,0,18,6,0,0,0,0,0,0,0,0,-1,0,0,0,0,0,0,0,0,0
9,1,0,0,0,0,0,0,0,0,0,0,9,2,0,0,0,0,0,0,0,0,-1,0,0,0,0,0,0,0,0,0
9,1,0,0,0,0,0,0,0,0,0,0,9,2,0,0,0,0,0,0,0,0,-1,0,0,0,0,0,0,0,0,0
13,1,0,0,0,0,0,0,0,0,0,0,13,3,0,0,0,0,0,0,0,0,-1,0,0,0,0,0,0,0,0,0
15,1,0,0,0,0,0,0,0,0,0,0,15,3,0,0,0,0,0,0,0,0,-1,0,0,0,0,0,0,0,0,0
6,1,0,0,0,0,0,0,0,0,0,0,6,2,0,0,0,0,0,0,0,0,-1,0,0,0,0,0,0,0,0,0
14,1,0,0,0,0,0,0,0,0,0,0,14,3,0,0,0,0,0,0,0,0,-1,0,0,0,0,0,0,0,0,0
7,1,0,0,0,0,0,0,0,0,0,0,7,3,0,0,0,0,0,0,0,0,-1,0,0,0,0,0,0,0,0,0
7,1,0,0,0,0,0,0,0,0,0,0,7,3,0,0,0,0,0,0,0,0,-1,0,0,0,0,0,0,0,0,0
12,1,0,0,0,0,0,0,0,0,0,0,12,3,0,0,0,0,0,0,0,0,-1,0,0,0,0,0,0,0,0,0
11,1,0,0,0,0,0,0,0,0,0,0,11,3,0,0,0,0,0,0,0,0,-1,0,0,0,0,0,0,0,0,0
16,1,0,2,0,0,0,0,0,0,0,0,16,3,0,0,0,0,0,0,0,0,-1,0,0,0,0,0,0,0,0,0
10,1,0,0,0,0,0,0,0,0,0,0,10,3,0,0,0,0,0,0,0,0,-1,0,0,0,0,0,0,0,0,0
9,1,0,0,0,0,0,0,0,0,0,0,9,3,0,0,0,0,0,0,0,0,-1,0,0,0,0,0,0,0,0,0
18,1,0,0,0,0,0,0,0,0,0,0,18,3,0,0,0,0,0,0,0,0,-1,0,0,0,0,0,0,0,0,0
7,1,0,0,0,0,0,0,0,0,0,0,7,3,0,0,0,0,0,0,0,0,-1,0,0,0,0,0,0,0,0,0
9,1,0,0,0,0,0,0,0,0,0,0,9,3,0,0,0,0,0,0,0,0,-1,0,0,0,0,0,0,0,0,0
13,1,0,0,0,0,0,0,0,0,0,0,13,3,0,0,0,0,0,0,0,0,-1,0,0,0,0,0,0,0,0,0
9,1,0,1,0,0,0,0,0,0,0,0,9,3,0,0,0,0,0,0,0,0,-1,0,0,0,0,0,0,0,0,0
12,2,0,0,0,0,0,0,0,0,0,1,12,2,0,0,0,0,0,0,0,0,-1,0,0,0,0,0,0,0,0,0
19,1,0,0,0,0,0,0,0,0,0,0,19,3,0,0,0,0,0,0,0,0,-1,0,0,0,0,0,0,0,0,0
10,1,0,0,0,0,0,0,0,0,0,0,10,3,0,0,0,0,0,0,0,0,-1,0,0,0,0,0,0,0,0,0
7,1,0,0,0,0,0,0,0,0,0,0,7,3,0,0,0,0,0,0,0,0,-1,0,0,0,0,0,0,0,0,0
8,1,0,0,0,0,0,0,0,0,0,0,8,3,0,0,0,0,0,0,0,0,-1,0,0,0,0,0,0,0,0,0
10,1,0,0,0,0,0,0,0,0,0,0,10,3,0,0,0,0,0,0,0,0,-1,0,0,0,0,0,0,0,0,0
21,1,0,1,0,0,0,0,0,0,0,0,21,3,0,0,0,0,0,0,0,0,-1,0,0,0,0,0,0,0,0,0
6,1,0,0,0,0,0,0,0,0,0,0,6,3,0,0,0,0,0,0,0,0,-1,0,0,0,0,0,0,0,0,0
10,1,0,0,0,0,0,0,0,0,0,0,10,2,0,0,0,0,0,0,0,0,-1,0,0,0,0,0,0,0,0,0
11,1,0,0,0,0,0,0,0,0,0,0,11,3,0,0,0,0,0,0,0,0,-1,0,0,0,0,0,0,0,0,0
12,1,0,0,0,0,0,0,0,0,0,0,12,3,0,0,0,0,0,0,0,0,-1,0,0,0,0,0,0,0,0,0
13,1,0,1,0,0,0,0,0,0,0,0,13,3,0,0,0,0,0,0,0,0,-1,0,0,0,0,0,0,0,0,0
13,1,0,0,0,0,0,0,0,0,0,0,13,3,0,0,0,0,0,0,0,0,-1,0,0,0,0,0,0,0,0,0
11,1,0,0,0,0,0,0,0,0,0,0,11,3,0,0,0,0,0,0,0,0,-1,0,0,0,0,0,0,0,0,0
10,1,0,0,0,0,0,0,0,0,0,0,10,3,0,0,0,0,0,0,0,0,-1,0,0,0,0,0,0,0,0,0
8,1,0,0,0,0,0,0,0,0,0,0,8,3,0,0,0,0,0,0,0,0,-1,0,0,0,0,0,0,0,0,0
8,1,0,0,0,0,0,0,0,0,0,0,8,3,0,0,0,0,0,0,0,0,-1,0,0,0,0,0,0,0,0,0
6,1,0,0,0,0,0,0,0,0,0,0,6,2,0,0,0,0,0,0,0,0,-1,0,0,0,0,0,0,0,0,0
10,1,0,0,0,0,0,0,0,0,0,0,10,3,0,0,0,0,0,0,0,0,-1,0,0,0,0,0,0,0,0,0
13,1,0,0,0,0,0,0,0,0,0,0,13,3,0,0,0,0,0,0,0,0,-1,0,0,0,0,0,0,0,0,0
10,2,0,0,0,0,0,0,0,0,0,1,10,2,0,0,0,0,0,0,0,0,-1,0,0,0,0,0,0,0,0,0
9,1,0,0,0,0,0,0,0,0,0,0,9,3,0,0,0,0,0,0,0,0,-1,0,0,0,0,0,0,0,0,0
16,1,0,1,0,0,0,0,0,0,0,0,16,3,0,0,0,0,0,0,0,0,-1,0,0,0,0,0,0,0,0,0
11,1,0,0,0,0,0,0,0,0,0,0,11,3,0,0,0,0,0,0,0,0,-1,0,0,0,0,0,0,0,0,0
8,1,0,0,0,0,0,0,0,0,0,0,8,3,0,0,0,0,0,0,0,0,-1,0,0,0,0,0,0,0,0,0
10,1,0,0,0,0,0,0,0,0,0,0,10,3,0,0,0,0,0,0,0,0,-1,0,0,0,0,0,0,0,0,0
9,1,0,0,0,0,0,0,0,0,0,0,9,3,0,0,0,0,0,0,0,0,-1,0,0,0,0,0,0,0,0,0
11,1,0,0,0,0,0,0,0,0,0,0,11,2,0,0,0,0,0,0,0,0,-1,0,0,0,0,0,0,0,0,0
9,1,0,0,0,0,0,0,0,0,0,0,9,2,0,0,0,0,0,0,0,0,-1,0,0,0,0,0,0,0,0,0
12,1,0,0,0,0,0,0,0,0,0,0,12,3,0,0,0,0,0,0,0,0,-1,0,0,0,0,0,0,0,0,0
7,1,0,0,0,0,0,0,0,0,0,0,7,2,0,0,0,0,0,0,0,0,-1,0,0,0,0,0,0,0,0,0
11,1,0,0,0,0,0,0,0,0,0,0,11,3,0,0,0,0,0,0,0,0,-1,0,0,0,0,0,0,0,0,0
7,1,0,0,0,0,0,0,0,0,0,0,7,2,0,0,0,0,0,0,0,0,-1,0,0,0,0,0,0,0,0,0
11,1,0,1,0,0,0,0,0,0,0,0,11,3,0,0,0,0,0,0,0,0,-1,0,0,0,0,0,0,0,0,0
11,1,0,0,0,0,0,0,0,0,0,0,11,3,0,0,0,0,0,0,0,0,-1,0,0,0,0,0,0,0,0,0
14,1,0,0,0,0,0,0,0,0,0,0,14,3,0,0,0,0,0,0,0,0,-1,0,0,0,0,0,0,0,0,0
13,1,0,0,0,0,0,0,0,0,0,0,13,3,0,0,0,0,0,0,0,0,-1,0,0,0,0,0,0,0,0,0
10,1,0,0,0,0,0,0,0,0,0,0,10,3,0,0,0,0,0,0,0,0,-1,0,0,0,0,0,0,0,0,0
8,1,0,0,0,0,0,0,0,0,0,0,8,2,0,0,0,0,0,0,0,0,-1,0,0,0,0,0,0,0,0,0
7,1,0,0,0,0,0,0,0,0,0,0,7,3,0,0,0,0,0,0,0,0,-1,0,0,0,0,0,0,0,0,0
13,1,0,0,0,0,0,0,0,0,0,0,13,3,0,0,0,0,0,0,0,0,-1,0,0,0,0,0,0,0,0,0
19,1,0,0,0,0,0,0,0,0,0,0,19,3,0,0,0,0,0,0,0,0,-1,0,0,0,0,0,0,0,0,0
10,1,0,0,0,0,0,0,0,0,0,0,10,3,0,0,0,0,0,0,0,0,-1,0,0,0,0,0,0,0,0,0
10,1,0,0,0,0,0,0,0,0,0,0,10,2,0,0,0,0,0,0,0,0,-1,0,0,0,0,0,0,0,0,0
6,1,0,0,0,0,0,0,0,0,0,0,6,2,0,0,0,0,0,0,0,0,-1,0,0,0,0,0,0,0,0,0
13,1,0,0,0,0,0,0,0,0,0,0,13,3,0,0,0,0,0,0,0,0,-1,0,0,0,0,0,0,0,0,0
8,1,0,0,0,0,0,0,0,0,0,0,8,3,0,0,0,0,0,0,0,0,-1,0,0,0,0,0,0,0,0,0
9,1,0,0,0,0,0,0,0,0,0,0,9,3,0,0,0,0,0,0,0,0,-1,0,0,0,0,0,0,0,0,0
7,1,0,0,0,0,0,0,0,0,0,0,7,3,0,0,0,0,0,0,0,0,-1,0,0,0,0,0,0,0,0,0
7,1,0,0,0,0,0,0,0,0,0,0,7,3,0,0,0,0,0,0,0,0,-1,0,0,0,0,0,0,0,0,0
14,1,0,0,0,0,0,0,0,0,0,0,14,2,0,0,0,0,0,0,0,0,-1,0,0,0,0,0,0,0,0,0
10,1,0,0,0,0,0,0,0,0,0,0,10,3,0,0,0,0,0,0,0,0,-1,0,0,0,0,0,0,0,0,0
12,1,0,0,0,0,0,0,0,0,0,0,12,3,0,0,0,0,0,0,0,0,-1,0,0,0,0,0,0,0,0,0
10,1,0,0,0,0,0,0,0,0,0,0,10,2,0,0,0,0,0,0,0,0,-1,0,0,0,0,0,0,0,0,0
12,1,0,0,0,0,0,0,0,0,0,0,12,3,0,0,0,0,0,0,0,0,-1,0,0,0,0,0,0,0,0,0
15,1,0,0,0,0,0,0,0,0,0,0,15,3,0,0,0,0,0,0,0,0,-1,0,0,0,0,0,0,0,0,0
14,1,0,0,0,0,0,0,0,0,0,0,14,3,0,0,0,0,0,0,0,0,-1,0,0,0,0,0,0,0,0,0
16,1,0,0,0,0,0,0,0,0,0,0,16,3,0,0,0,0,0,0,0,0,-1,0,0,0,0,0,0,0,0,0
13,1,0,0,0,0,0,0,0,0,0,0,13,3,0,0,0,0,0,0,0,0,-1,0,0,0,0,0,0,0,0,0
12,1,0,0,0,0,0,0,0,0,0,0,12,3,0,0,0,0,0,0,0,0,-1,0,0,0,0,0,0,0,0,0
14,1,0,0,0,0,0,0,0,0,0,0,14,3,0,0,0,0,0,0,0,0,-1,0,0,0,0,0,0,0,0,0
9,1,0,0,0,0,0,0,0,0,0,0,9,3,0,0,0,0,0,0,0,0,-1,0,0,0,0,0,0,0,0,0
9,1,0,0,0,0,0,0,0,0,0,0,9,3,0,0,0,0,0,0,0,0,-1,0,0,0,0,0,0,0,0,0
11,1,0,0,0,0,0,0,0,0,0,0,11,3,0,0,0,0,0,0,0,0,-1,0,0,0,0,0,0,0,0,0
12,1,0,0,0,0,0,0,0,0,0,0,12,3,0,0,0,0,0,0,0,0,-1,0,0,0,0,0,0,0,0,0
7,1,0,0,0,0,0,0,0,0,0,0,7,2,0,0,0,0,0,0,0,0,-1,0,0,0,0,0,0,0,0,0
12,1,0,0,0,0,0,0,0,0,0,0,12,3,0,0,0,0,0,0,0,0,-1,0,0,0,0,0,0,0,0,0
9,1,0,0,0,0,0,0,0,0,0,0,9,3,0,0,0,0,0,0,0,0,-1,0,0,0,0,0,0,0,0,0
14,1,0,0,0,0,0,0,0,0,0,0,14,3,0,0,0,0,0,0,0,0,-1,0,0,0,0,0,0,0,0,0
9,1,0,0,0,0,0,0,0,0,0,0,9,3,0,0,0,0,0,0,0,0,-1,0,0,0,0,0,0,0,0,0
9,1,0,0,0,0,0,0,0,0,0,0,9,2,0,0,0,0,0,0,0,0,-1,0,0,0,0,0,0,0,0,0
12,1,0,0,0,0,0,0,0,0,0,0,12,3,0,0,0,0,0,0,0,0,-1,0,0,0,0,0,0,0,0,0
19,1,0,0,0,0,0,0,0,0,0,0,19,3,0,0,0,0,0,0,0,0,-1,0,0,0,0,0,0,0,0,0
14,1,0,0,0,0,0,0,0,0,0,0,14,3,0,0,0,0,0,0,0,0,-1,0,0,0,0,0,0,0,0,0
11,1,0,0,0,0,0,0,0,0,0,0,11,3,0,0,0,0,0,0,0,0,-1,0,0,0,0,0,0,0,0,0
17,1,0,0,0,0,0,0,0,0,0,0,17,3,0,0,0,0,0,0,0,0,-1,0,0,0,0,0,0,0,0,0
14,1,0,1,0,0,0,0,0,0,0,0,14,2,0,0,0,0,0,0,0,0,-1,0,0,0,0,0,0,0,0,0
12,1,0,0,0,0,0,0,0,0,0,0,12,3,0,0,0,0,0,0,0,0,-1,0,0,0,0,0,0,0,0,0
13,1,0,0,0,0,0,0,0,0,0,0,13,3,0,0,0,0,0,0,0,0,-1,0,0,0,0,0,0,0,0,0
7,1,0,0,0,0,0,0,0,0,0,0,7,3,0,0,0,0,0,0,0,0,-1,0,0,0,0,0,0,0,0,0
9,1,0,0,0,0,0,0,0,0,0,0,9,3,0,0,0,0,0,0,0,0,-1,0,0,0,0,0,0,0,0,0
12,1,0,0,0,0,0,0,0,0,0,0,12,3,0,0,0,0,0,0,0,0,-1,0,0,0,0,0,0,0,0,0
13,1,0,0,0,0,0,0,0,0,0,0,13,3,0,0,0,0,0,0,0,0,-1,0,0,0,0,0,0,0,0,0
10,1,0,0,0,0,0,0,0,0,0,0,10,3,0,0,0,0,0,0,0,0,-1,0,0,0,0,0,0,0,0,0
13,1,0,0,0,0,0,0,0,0,0,0,13,3,0,0,0,0,0,0,0,0,-1,0,0,0,0,0,0,0,0,0
13,1,0,0,0,0,0,0,0,0,0,0,13,3,0,0,0,0,0,0,0,0,-1,0,0,0,0,0,0,0,0,0
11,1,0,0,0,0,0,0,0,0,0,0,11,3,0,0,0,0,0,0,0,0,-1,0,0,0,0,0,0,0,0,0
15,1,0,1,0,0,0,0,0,0,0,0,15,3,0,0,0,0,0,0,0,0,-1,0,0,0,0,0,0,0,0,0
11,1,0,0,0,0,0,0,0,0,0,0,11,3,0,0,0,0,0,0,0,0,-1,0,0,0,0,0,0,0,0,0
4,1,0,0,0,0,0,0,0,0,0,0,4,2,0,0,0,0,0,0,0,0,-1,0,0,0,0,0,0,0,0,0
7,1,0,0,0,0,0,0,0,0,0,0,7,3,0,0,0,0,0,0,0,0,-1,0,0,0,0,0,0,0,0,0
10,1,0,0,0,0,0,0,0,0,0,0,10,3,0,0,0,0,0,0,0,0,-1,0,0,0,0,0,0,0,0,0
14,1,0,0,0,0,0,0,0,0,0,0,14,3,0,0,0,0,0,0,0,0,-1,0,0,0,0,0,0,0,0,0
15,1,0,0,0,0,0,0,0,0,0,0,15,3,0,0,0,0,0,0,0,0,-1,0,0,0,0,0,0,0,0,0
7,1,0,0,0,0,0,0,0,0,0,0,7,3,0,0,0,0,0,0,0,0,-1,0,0,0,0,0,0,0,0,0
19,1,0,0,0,0,0,0,0,0,0,0,19,3,0,0,0,0,0,0,0,0,-1,0,0,0,0,0,0,0,0,0
13,1,0,0,0,0,0,0,0,0,0,0,13,3,0,0,0,0,0,0,0,0,-1,0,0,0,0,0,0,0,0,0
8,2,0,0,0,0,0,0,0,0,0,1,8,2,0,0,0,0,0,0,0,0,-1,0,0,0,0,0,0,0,0,0
12,1,0,0,0,0,0,0,0,0,0,0,12,3,0,0,0,0,0,0,0,0,-1,0,0,0,0,0,0,0,0,0
15,1,0,0,0,0,0,0,0,0,0,0,15,3,0,0,0,0,0,0,0,0,-1,0,0,0,0,0,0,0,0,0
7,1,0,0,0,0,0,0,0,0,0,0,7,3,0,0,0,0,0,0,0,0,-1,0,0,0,0,0,0,0,0,0
14,1,0,0,0,0,0,0,0,0,0,0,14,3,0,0,0,0,0,0,0,0,-1,0,0,0,0,0,0,0,0,0
12,1,0,0,0,0,0,0,0,0,0,0,12,3,0,0,0,0,0,0,0,0,-1,0,0,0,0,0,0,0,0,0
7,1,0,0,0,0,0,0,0,0,0,0,7,2,0,0,0,0,0,0,0,0,-1,0,0,0,0,0,0,0,0,0
10,1,0,0,0,0,0,0,0,0,0,0,10,3,0,0,0,0,0,0,0,0,-1,0,0,0,0,0,0,0,0,0
13,2,0,0,0,0,0,0,0,0,0,1,13,2,0,0,0,0,0,0,0,0,-1,0,0,0,0,0,0,0,0,0
9,1,0,0,0,0,0,0,0,0,0,0,9,3,0,0,0,0,0,0,0,0,-1,0,0,0,0,0,0,0,0,0
8,1,0,0,0,0,0,0,0,0,0,0,8,3,0,0,0,0,0,0,0,0,-1,0,0,0,0,0,0,0,0,0
11,1,0,0,0,0,0,0,0,0,0,0,11,3,0,0,0,0,0,0,0,0,-1,0,0,0,0,0,0,0,0,0
11,1,0,0,0,0,0,0,0,0,0,0,11,3,0,0,0,0,0,0,0,0,-1,0,0,0,0,0,0,0,0,0
13,1,0,0,0,0,0,0,0,0,0,0,13,3,0,0,0,0,0,0,0,0,-1,0,0,0,0,0,0,0,0,0
10,1,0,0,0,0,0,0,0,0,0,0,10,3,0,0,0,0,0,0,0,0,-1,0,0,0,0,0,0,0,0,0
14,1,0,0,0,0,0,0,0,0,0,0,14,3,0,0,0,0,0,0,0,0,-1,0,0,0,0,0,0,0,0,0
9,1,0,0,0,0,0,0,0,0,0,0,9,3,0,0,0,0,0,0,0,0,-1,0,0,0,0,0,0,0,0,0
10,1,0,0,0,0,0,0,0,0,0,0,10,3,0,0,0,0,0,0,0,0,-1,0,0,0,0,0,0,0,0,0
7,1,0,0,0,0,0,0,0,0,0,0,7,3,0,0,0,0,0,0,0,0,-1,0,0,0,0,0,0,0,0,0
14,1,0,1,0,0,0,0,0,0,0,0,14,3,0,0,0,0,0,0,0,0,-1,0,0,0,0,0,0,0,0,0
15,1,0,0,0,0,0,0,0,0,0,0,15,3,0,0,0,0,0,0,0,0,-1,0,0,0,0,0,0,0,0,0
12,1,0,0,0,0,0,0,0,0,0,0,12,3,0,0,0,0,0,0,0,0,-1,0,0,0,0,0,0,0,0,0
17,1,0,0,0,0,0,0,0,0,0,0,17,3,0,0,0,0,0,0,0,0,-1,0,0,0,0,0,0,0,0,0
17,1,0,0,0,0,0,0,0,0,0,0,17,3,0,0,0,0,0,0,0,0,-1,0,0,0,0,0,0,0,0,0
12,1,0,0,0,0,0,0,0,0,0,0,12,3,0,0,0,0,0,0,0,0,-1,0,0,0,0,0,0,0,0,0
16,1,0,0,0,0,0,0,0,0,0,0,16,3,0,0,0,0,0,0,0,0,-1,0,0,0,0,0,0,0,0,0
8,1,0,0,0,0,0,0,0,0,0,0,8,3,0,0,0,0,0,0,0,0,-1,0,0,0,0,0,0,0,0,0
15,1,0,1,0,0,0,0,0,0,0,0,15,3,0,0,0,0,0,0,0,0,-1,0,0,0,0,0,0,0,0,0
10,1,0,0,0,0,0,0,0,0,0,0,10,3,0,0,0,0,0,0,0,0,-1,0,0,0,0,0,0,0,0,0
7,1,0,0,0,0,0,0,0,0,0,0,7,2,0,0,0,0,0,0,0,0,-1,0,0,0,0,0,0,0,0,0
11,1,0,0,0,0,0,0,0,0,0,0,11,2,0,0,0,0,0,0,0,0,-1,0,0,0,0,0,0,0,0,0
7,1,0,0,0,0,0,0,0,0,0,0,7,3,0,0,0,0,0,0,0,0,-1,0,0,0,0,0,0,0,0,0
10,1,0,0,0,0,0,0,0,0,0,0,10,3,0,0,0,0,0,0,0,0,-1,0,0,0,0,0,0,0,0,0
15,1,0,0,0,0,0,0,0,0,0,0,15,3,0,0,0,0,0,0,0,0,-1,0,0,0,0,0,0,0,0,0
10,1,0,0,0,0,0,0,0,0,0,0,10,3,0,0,0,0,0,0,0,0,-1,0,0,0,0,0,0,0,0,0
9,1,0,0,0,0,0,0,0,0,0,0,9,3,0,0,0,0,0,0,0,0,-1,0,0,0,0,0,0,0,0,0
7,1,0,0,0,0,0,0,0,0,0,0,7,4,0,0,0,0,0,0,0,0,-1,0,0,0,0,0,0,0,0,0
6,1,0,0,0,0,0,0,0,0,0,0,6,2,0,0,0,0,0,0,0,0,-1,0,0,0,0,0,0,0,0,0
7,1,0,0,0,0,0,0,0,0,0,0,7,3,0,0,0,0,0,0,0,0,-1,0,0,0,0,0,0,0,0,0
15,1,0,1,0,0,0,0,0,0,0,0,15,3,0,0,0,0,0,0,0,0,-1,0,0,0,0,0,0,0,0,0
7,1,0,0,0,0,0,0,0,0,0,0,7,3,0,0,0,0,0,0,0,0,-1,0,0,0,0,0,0,0,0,0
11,1,0,0,0,0,0,0,0,0,0,0,11,4,0,0,0,0,0,0,0,0,-1,0,0,0,0,0,0,0,0,0
14,1,0,0,0,0,0,0,0,0,0,0,14,7,0,0,0,0,0,0,0,0,-1,0,0,0,0,0,0,0,0,0
8,1,0,0,0,0,0,0,0,0,0,0,8,3,0,0,0,0,0,0,0,0,-1,0,0,0,0,0,0,0,0,0
11,1,0,0,0,0,0,0,0,0,0,0,11,3,0,0,0,0,0,0,0,0,-1,0,0,0,0,0,0,0,0,0
9,1,0,0,0,0,0,0,0,0,0,0,9,3,0,0,0,0,0,0,0,0,-1,0,0,0,0,0,0,0,0,0
14,1,0,0,0,0,0,0,0,0,0,0,14,3,0,0,0,0,0,0,0,0,-1,0,0,0,0,0,0,0,0,0
16,1,0,0,0,0,0,0,0,0,0,0,16,3,0,0,0,0,0,0,0,0,-1,0,0,0,0,0,0,0,0,0
9,1,0,0,0,0,0,0,0,0,0,0,9,3,0,0,0,0,0,0,0,0,-1,0,0,0,0,0,0,0,0,0
16,1,0,0,0,0,0,0,0,0,0,0,16,3,0,0,0,0,0,0,0,0,-1,0,0,0,0,0,0,0,0,0
16,1,0,0,0,0,0,0,0,0,0,0,16,3,0,0,0,0,0,0,0,0,-1,0,0,0,0,0,0,0,0,0
10,1,0,0,0,0,0,0,0,0,0,0,10,3,0,0,0,0,0,0,0,0,-1,0,0,0,0,0,0,0,0,0
10,2,0,0,0,0,0,0,0,0,0,1,10,2,0,0,0,0,0,0,0,0,-1,0,0,0,0,0,0,0,0,0
14,1,0,0,0,0,0,0,0,0,0,0,14,3,0,0,0,0,0,0,0,0,-1,0,0,0,0,0,0,0,0,0
11,1,0,1,0,0,0,0,0,0,0,0,11,3,0,0,0,0,0,0,0,0,-1,0,0,0,0,0,0,0,0,0
7,1,0,0,0,0,0,0,0,0,0,0,7,2,0,0,0,0,0,0,0,0,-1,0,0,0,0,0,0,0,0,0
15,1,0,0,0,0,0,0,0,0,0,0,15,3,0,0,0,0,0,0,0,0,-1,0,0,0,0,0,0,0,0,0
12,1,0,0,0,0,0,0,0,0,0,0,12,3,0,0,0,0,0,0,0,0,-1,0,0,0,0,0,0,0,0,0
7,1,0,0,0,0,0,0,0,0,0,0,7,3,0,0,0,0,0,0,0,0,-1,0,0,0,0,0,0,0,0,0
14,1,0,0,0,0,0,0,0,0,0,0,14,3,0,0,0,0,0,0,0,0,-1,0,0,0,0,0,0,0,0,0
14,1,0,0,0,0,0,0,0,0,0,0,14,3,0,0,0,0,0,0,0,0,-1,0,0,0,0,0,0,0,0,0
11,1,0,0,0,0,0,0,0,0,0,0,11,3,0,0,0,0,0,0,0,0,-1,0,0,0,0,0,0,0,0,0
8,1,0,0,0,0,0,0,0,0,0,0,8,3,0,0,0,0,0,0,0,0,-1,0,0,0,0,0,0,0,0,0
10,1,0,1,0,0,0,0,0,0,0,0,10,2,0,0,0,0,0,0,0,0,-1,0,0,0,0,0,0,0,0,0
8,1,0,0,0,0,0,0,0,0,0,0,8,3,0,0,0,0,0,0,0,0,-1,0,0,0,0,0,0,0,0,0
10,1,0,0,0,0,0,0,0,0,0,0,10,2,0,0,0,0,0,0,0,0,-1,0,0,0,0,0,0,0,0,0
14,1,0,0,0,0,0,0,0,0,0,0,14,3,0,0,0,0,0,0,0,0,-1,0,0,0,0,0,0,0,0,0
12,1,0,0,0,0,0,0,0,0,0,0,12,3,0,0,0,0,0,0,0,0,-1,0,0,0,0,0,0,0,0,0
16,2,0,0,0,0,0,0,0,0,0,1,16,2,0,0,0,0,0,0,0,0,-1,0,0,0,0,0,0,0,0,0
13,1,0,0,0,0,0,0,0,0,0,0,13,2,0,0,0,0,0,0,0,0,-1,0,0,0,0,0,0,0,0,0
17,1,0,1,0,0,0,0,0,0,0,0,17,3,0,0,0,0,0,0,0,0,-1,0,0,0,0,0,0,0,0,0
15,1,0,0,0,0,0,0,0,0,0,0,15,3,0,0,0,0,0,0,0,0,-1,0,0,0,0,0,0,0,0,0
6,1,0,0,0,0,0,0,0,0,0,0,6,3,0,0,0,0,0,0,0,0,-1,0,0,0,0,0,0,0,0,0
8,1,0,0,0,0,0,0,0,0,0,0,8,3,0,0,0,0,0,0,0,0,-1,0,0,0,0,0,0,0,0,0
11,1,0,0,0,0,0,0,0,0,0,0,11,3,0,0,0,0,0,0,0,0,-1,0,0,0,0,0,0,0,0,0
14,1,0,0,0,0,1,0,0,0,0,0,14,3,0,0,0,0,0,0,0,0,-1,0,0,0,0,0,0,0,0,0
18,1,0,0,0,0,0,0,0,0,0,0,18,3,0,0,0,0,0,0,0,0,-1,0,0,0,0,0,0,0,0,0
11,1,0,0,0,0,0,0,0,0,0,0,11,3,0,0,0,0,0,0,0,0,-1,0,0,0,0,0,0,0,0,0
12,1,0,0,0,0,0,0,0,0,0,0,12,2,0,0,0,0,0,0,0,0,-1,0,0,0,0,0,0,0,0,0
14,1,0,0,0,0,0,0,0,0,0,0,14,8,0,0,0,0,0,0,0,0,-1,0,0,0,0,0,0,0,0,0
17,1,0,0,0,0,0,0,0,0,0,0,17,3,0,0,0,0,0,0,0,0,-1,0,0,0,0,0,0,0,0,0
7,1,0,0,0,0,0,0,0,0,0,0,7,3,0,0,0,0,0,0,0,0,-1,0,0,0,0,0,0,0,0,0
11,1,0,0,0,0,0,0,0,0,0,0,11,3,0,0,0,0,0,0,0,0,-1,0,0,0,0,0,0,0,0,0
15,1,0,0,0,0,0,0,0,0,0,0,15,3,0,0,0,0,0,0,0,0,-1,0,0,0,0,0,0,0,0,0
15,1,0,2,0,0,0,0,0,0,0,0,15,3,0,0,0,0,0,0,0,0,-1,0,0,0,0,0,0,0,0,0
9,1,0,0,0,0,0,0,0,0,0,0,9,3,0,0,0,0,0,0,0,0,-1,0,0,0,0,0,0,0,0,0
7,1,0,0,0,0,0,0,0,0,0,0,7,4,0,0,0,0,0,0,0,0,-1,0,0,0,0,0,0,0,0,0
9,1,0,0,0,0,0,0,0,0,0,0,9,3,0,0,0,0,0,0,0,0,-1,0,0,0,0,0,0,0,0,0
11,1,0,0,0,0,0,0,0,0,0,0,11,2,0,0,0,0,0,0,0,0,-1,0,0,0,0,0,0,0,0,0
9,1,0,0,0,0,0,0,0,0,0,0,9,2,0,0,0,0,0,0,0,0,-1,0,0,0,0,0,0,0,0,0
10,1,0,0,0,0,0,0,0,0,0,0,10,3,0,0,0,0,0,0,0,0,-1,0,0,0,0,0,0,0,0,0
11,1,0,0,0,0,0,0,0,0,0,0,11,3,0,0,0,0,0,0,0,0,-1,0,0,0,0,0,0,0,0,0
7,1,0,0,0,0,0,0,0,0,0,0,7,3,0,0,0,0,0,0,0,0,-1,0,0,0,0,0,0,0,0,0
22,1,0,0,0,0,0,0,0,0,0,0,22,3,0,0,0,0,0,0,0,0,-1,0,0,0,0,0,0,0,0,0
13,2,0,0,0,0,0,0,0,0,0,1,13,2,0,0,0,0,0,0,0,0,-1,0,0,0,0,0,0,0,0,0
8,1,0,0,0,0,0,0,0,0,0,0,8,3,0,0,0,0,0,0,0,0,-1,0,0,0,0,0,0,0,0,0
7,1,0,0,0,0,0,0,0,0,0,0,7,3,0,0,0,0,0,0,0,0,-1,0,0,0,0,0,0,0,0,0
8,1,0,0,0,0,0,0,0,0,0,0,8,3,0,0,0,0,0,0,0,0,-1,0,0,0,0,0,0,0,0,0
10,1,0,0,0,0,0,0,0,0,0,0,10,3,0,0,0,0,0,0,0,0,-1,0,0,0,0,0,0,0,0,0
11,2,0,0,0,0,0,0,0,0,0,1,11,2,0,0,0,0,0,0,0,0,-1,0,0,0,0,0,0,0,0,0
10,1,0,0,0,0,0,0,0,0,0,0,10,3,0,0,0,0,0,0,0,0,-1,0,0,0,0,0,0,0,0,0
10,1,0,0,0,0,0,0,0,0,0,0,10,3,0,0,0,0,0,0,0,0,-1,0,0,0,0,0,0,0,0,0
8,1,0,0,0,0,0,0,0,0,0,0,8,2,0,0,0,0,0,0,0,0,-1,0,0,0,0,0,0,0,0,0
13,1,0,0,0,0,0,0,0,0,0,0,13,3,0,0,0,0,0,0,0,0,-1,0,0,0,0,0,0,0,0,0
9,1,0,0,0,0,0,0,0,0,0,0,9,3,0,0,0,0,0,0,0,0,-1,0,0,0,0,0,0,0,0,0
10,1,0,0,0,0,0,0,0,0,0,0,10,3,0,0,0,0,0,0,0,0,-1,0,0,0,0,0,0,0,0,0
13,1,0,0,0,0,0,0,0,0,0,0,13,3,0,0,0,0,0,0,0,0,-1,0,0,0,0,0,0,0,0,0
14,1,0,0,0,0,0,0,0,0,0,0,14,3,0,0,0,0,0,0,0,0,-1,0,0,0,0,0,0,0,0,0
10,1,0,0,0,0,0,0,0,0,0,0,10,3,0,0,0,0,0,0,0,0,-1,0,0,0,0,0,0,0,0,0
17,1,0,0,0,0,0,0,0,0,0,0,17,3,0,0,0,0,0,0,0,0,-1,0,0,0,0,0,0,0,0,0
11,1,0,0,0,0,0,0,0,0,0,0,11,3,0,0,0,0,0,0,0,0,-1,0,0,0,0,0,0,0,0,0
13,2,0,0,0,0,0,0,0,0,0,1,13,2,0,0,0,0,0,0,0,0,-1,0,0,0,0,0,0,0,0,0
10,1,0,0,0,0,0,0,0,0,0,0,10,3,0,0,0,0,0,0,0,0,-1,0,0,0,0,0,0,0,0,0
16,1,0,0,0,0,0,0,0,0,0,0,16,3,0,0,0,0,0,0,0,0,-1,0,0,0,0,0,0,0,0,0
11,1,0,0,0,0,0,0,0,0,0,0,11,3,0,0,0,0,0,0,0,0,-1,0,0,0,0,0,0,0,0,0
11,1,0,0,0,0,0,0,0,0,0,0,11,3,0,0,0,0,0,0,0,0,-1,0,0,0,0,0,0,0,0,0
11,1,0,0,0,0,0,0,0,0,0,0,11,3,0,0,0,0,0,0,0,0,-1,0,0,0,0,0,0,0,0,0
16,1,0,0,0,0,0,0,0,0,0,0,16,3,0,0,0,0,0,0,0,0,-1,0,0,0,0,0,0,0,0,0
13,1,0,0,0,0,0,0,0,0,0,0,13,2,0,0,0,0,0,0,0,0,-1,0,0,0,0,0,0,0,0,0
14,1,0,1,0,0,0,0,0,0,0,0,14,3,0,0,0,0,0,0,0,0,-1,0,0,0,0,0,0,0,0,0
10,1,0,0,0,0,0,0,0,0,0,0,10,3,0,0,0,0,0,0,0,0,-1,0,0,0,0,0,0,0,0,0
13,1,0,0,0,0,0,0,0,0,0,0,13,3,0,0,0,0,0,0,0,0,-1,0,0,0,0,0,0,0,0,0
7,1,0,0,0,0,0,0,0,0,0,0,7,2,0,0,0,0,0,0,0,0,-1,0,0,0,0,0,0,0,0,0
10,1,0,0,0,0,0,0,0,0,0,0,10,2,0,0,0,0,0,0,0,0,-1,0,0,0,0,0,0,0,0,0
16,1,0,0,0,0,0,0,0,0,0,0,16,3,0,0,0,0,0,0,0,0,-1,0,0,0,0,0,0,0,0,0
11,1,0,0,0,0,0,0,0,0,0,0,11,4,0,0,0,0,0,0,0,0,-1,0,0,0,0,0,0,0,0,0
14,1,0,0,0,0,0,0,0,0,0,0,14,3,0,0,0,0,0,0,0,0,-1,0,0,0,0,0,0,0,0,0
14,1,0,0,0,0,0,0,0,0,0,0,14,3,0,0,0,0,0,0,0,0,-1,0,0,0,0,0,0,0,0,0
10,1,0,0,0,0,0,0,0,0,0,0,10,2,0,0,0,0,0,0,0,0,-1,0,0,0,0,0,0,0,0,0
13,1,0,1,0,0,0,0,0,0,0,0,13,3,0,0,0,0,0,0,0,0,-1,0,0,0,0,0,0,0,0,0
12,1,0,0,0,0,0,0,0,0,0,0,12,3,0,0,0,0,0,0,0,0,-1,0,0,0,0,0,0,0,0,0
13,1,0,0,0,0,0,0,0,0,0,0,13,3,0,0,0,0,0,0,0,0,-1,0,0,0,0,0,0,0,0,0
8,1,0,0,0,0,0,0,0,0,0,0,8,2,0,0,0,0,0,0,0,0,-1,0,0,0,0,0,0,0,0,0
13,1,0,0,0,0,0,0,0,0,0,0,13,3,0,0,0,0,0,0,0,0,-1,0,0,0,0,0,0,0,0,0
15,1,0,0,0,0,0,0,0,0,0,0,15,3,0,0,0,0,0,0,0,0,-1,0,0,0,0,0,0,0,0,0
12,1,0,0,0,0,0,0,0,0,0,0,12,3,0,0,0,0,0,0,0,0,-1,0,0,0,0,0,0,0,0,0
13,1,0,0,0,0,0,0,0,0,0,0,13,3,0,0,0,0,0,0,0,0,-1,0,0,0,0,0,0,0,0,0
7,1,0,0,0,0,0,0,0,0,0,0,7,3,0,0,0,0,0,0,0,0,-1,0,0,0,0,0,0,0,0,0
13,1,0,0,0,0,0,0,0,0,0,0,13,3,0,0,0,0,0,0,0,0,-1,0,0,0,0,0,0,0,0,0
15,1,0,0,0,0,0,0,0,0,0,0,15,3,0,0,0,0,0,0,0,0,-1,0,0,0,0,0,0,0,0,0
12,1,0,0,0,0,0,0,0,0,0,0,12,3,0,0,0,0,0,0,0,0,-1,0,0,0,0,0,0,0,0,0
11,1,0,0,0,0,0,0,0,0,0,0,11,2,0,0,0,0,0,0,0,0,-1,0,0,0,0,0,0,0,0,0
15,1,0,0,0,0,0,0,0,0,0,0,15,3,0,0,0,0,0,0,0,0,-1,0,0,0,0,0,0,0,0,0
9,1,0,0,0,0,0,0,0,0,0,0,9,3,0,0,0,0,0,0,0,0,-1,0,0,0,0,0,0,0,0,0
10,1,0,0,0,0,0,0,0,0,0,0,10,3,0,0,0,0,0,0,0,0,-1,0,0,0,0,0,0,0,0,0
12,1,0,0,0,0,0,0,0,0,0,0,12,3,0,0,0,0,0,0,0,0,-1,0,0,0,0,0,0,0,0,0
8,1,0,0,0,0,0,0,0,0,0,0,8,3,0,0,0,0,0,0,0,0,-1,0,0,0,0,0,0,0,0,0
8,1,0,0,0,0,0,0,0,0,0,0,8,3,0,0,0,0,0,0,0,0,-1,0,0,0,0,0,0,0,0,0
17,1,0,0,0,0,0,0,0,0,0,0,17,3,0,0,0,0,0,0,0,0,-1,0,0,0,0,0,0,0,0,0
9,1,0,0,0,0,0,0,0,0,0,0,9,3,0,0,0,0,0,0,0,0,-1,0,0,0,0,0,0,0,0,0
14,1,0,1,0,0,0,0,0,0,0,0,14,3,0,0,0,0,0,0,0,0,-1,0,0,0,0,0,0,0,0,0
12,1,0,0,0,0,0,0,0,0,0,0,12,3,0,0,0,0,0,0,0,0,-1,0,0,0,0,0,0,0,0,0
10,1,0,0,0,0,0,0,0,0,0,0,10,5,0,0,0,0,0,0,0,0,-1,0,0,0,0,0,0,0,0,0
12,1,0,0,0,0,0,0,0,0,0,0,12,3,0,0,0,0,0,0,0,0,-1,0,0,0,0,0,0,0,0,0
14,1,0,0,0,0,0,0,0,0,0,0,14,3,0,0,0,0,0,0,0,0,-1,0,0,0,0,0,0,0,0,0
12,1,0,0,0,0,0,0,0,0,0,0,12,3,0,0,0,0,0,0,0,0,-1,0,0,0,0,0,0,0,0,0
10,1,0,0,0,0,0,0,0,0,0,0,10,3,0,0,0,0,0,0,0,0,-1,0,0,0,0,0,0,0,0,0
8,1,0,0,0,0,0,0,0,0,0,0,8,3,0,0,0,0,0,0,0,0,-1,0,0,0,0,0,0,0,0,0
14,1,0,0,0,0,0,0,0,0,0,0,14,3,0,0,0,0,0,0,0,0,-1,0,0,0,0,0,0,0,0,0
13,1,0,0,0,0,0,0,0,0,0,0,13,3,0,0,0,0,0,0,0,0,-1,0,0,0,0,0,0,0,0,0
13,1,0,0,0,0,0,0,0,0,0,0,13,3,0,0,0,0,0,0,0,0,-1,0,0,0,0,0,0,0,0,0
10,1,0,1,0,0,0,0,0,0,0,0,10,3,0,0,0,0,0,0,0,0,-1,0,0,0,0,0,0,0,0,0
10,1,0,0,0,0,0,0,0,0,0,0,10,3,0,0,0,0,0,0,0,0,-1,0,0,0,0,0,0,0,0,0
9,1,0,0,0,0,0,0,0,0,0,0,9,3,0,0,0,0,0,0,0,0,-1,0,0,0,0,0,0,0,0,0
16,1,0,1,0,0,0,0,0,0,0,0,16,3,0,0,0,0,0,0,0,0,-1,0,0,0,0,0,0,0,0,0
15,1,0,0,0,0,0,0,0,0,0,0,15,3,0,0,0,0,0,0,0,0,-1,0,0,0,0,0,0,0,0,0
12,1,0,0,0,0,0,0,0,0,0,0,12,3,0,0,0,0,0,0,0,0,-1,0,0,0,0,0,0,0,0,0
13,1,0,0,0,0,0,0,0,0,0,0,13,3,0,0,0,0,0,0,0,0,-1,0,0,0,0,0,0,0,0,0
12,1,0,0,0,0,0,0,0,0,0,0,12,3,0,0,0,0,0,0,0,0,-1,0,0,0,0,0,0,0,0,0
16,1,0,0,0,0,0,0,0,0,0,0,16,3,0,0,0,0,0,0,0,0,-1,0,0,0,0,0,0,0,0,0
6,1,0,0,0,0,0,0,0,0,0,0,6,3,0,0,0,0,0,0,0,0,-1,0,0,0,0,0,0,0,0,0
7,1,0,0,0,0,0,0,0,0,0,0,7,3,0,0,0,0,0,0,0,0,-1,0,0,0,0,0,0,0,0,0
10,1,0,0,0,0,0,0,0,0,0,0,10,3,0,0,0,0,0,0,0,0,-1,0,0,0,0,0,0,0,0,0
16,1,0,0,0,0,0,0,0,0,0,0,16,3,0,0,0,0,0,0,0,0,-1,0,0,0,0,0,0,0,0,0
10,1,0,1,0,0,0,0,0,0,0,0,10,3,0,0,0,0,0,0,0,0,-1,0,0,0,0,0,0,0,0,0
12,2,0,0,0,0,0,0,0,0,0,1,12,2,0,0,0,0,0,0,0,0,-1,0,0,0,0,0,0,0,0,0
13,1,0,0,0,0,0,0,0,0,0,0,13,3,0,0,0,0,0,0,0,0,-1,0,0,0,0,0,0,0,0,0
11,1,0,0,0,0,0,0,0,0,0,0,11,3,0,0,0,0,0,0,0,0,-1,0,0,0,0,0,0,0,0,0
13,1,0,1,0,0,0,0,0,0,0,0,13,3,0,0,0,0,0,0,0,0,-1,0,0,0,0,0,0,0,0,0
12,1,0,0,0,0,0,0,0,0,0,0,12,3,0,0,0,0,0,0,0,0,-1,0,0,0,0,0,0,0,0,0
14,2,0,0,0,0,0,0,0,0,0,1,14,2,0,0,0,0,0,0,0,0,-1,0,0,0,0,0,0,0,0,0
10,2,0,0,0,0,0,0,0,0,0,1,10,2,0,0,0,0,0,0,0,0,-1,0,0,0,0,0,0,0,0,0
12,1,0,0,0,0,0,0,0,0,0,0,12,3,0,0,0,0,0,0,0,0,-1,0,0,0,0,0,0,0,0,0
11,1,0,0,0,0,0,0,0,0,0,0,11,6,0,0,0,0,0,0,0,0,-1,0,0,0,0,0,0,0,0,0
10,1,0,0,0,0,0,0,0,0,0,0,10,3,0,0,0,0,0,0,0,0,-1,0,0,0,0,0,0,0,0,0
10,1,0,0,0,0,0,0,0,0,0,0,10,3,0,0,0,0,0,0,0,0,-1,0,0,0,0,0,0,0,0,0
7,1,0,0,0,0,0,0,0,0,0,0,7,2,0,0,0,0,0,0,0,0,-1,0,0,0,0,0,0,0,0,0
9,1,0,0,0,0,0,0,0,0,0,0,9,3,0,0,0,0,0,0,0,0,-1,0,0,0,0,0,0,0,0,0
16,1,0,0,0,0,0,0,0,0,0,0,16,3,0,0,0,0,0,0,0,0,-1,0,0,0,0,0,0,0,0,0
10,1,0,0,0,0,0,0,0,0,0,0,10,3,0,0,0,0,0,0,0,0,-1,0,0,0,0,0,0,0,0,0
7,1,0,0,0,0,0,0,0,0,0,0,7,2,0,0,0,0,0,0,0,0,-1,0,0,0,0,0,0,0,0,0
10,1,0,0,0,0,0,0,0,0,0,0,10,3,0,0,0,0,0,0,0,0,-1,0,0,0,0,0,0,0,0,0
11,1,0,0,0,0,0,0,0,0,0,0,11,3,0,0,0,0,0,0,0,0,-1,0,0,0,0,0,0,0,0,0
8,1,0,0,0,0,0,0,0,0,0,0,8,3,0,0,0,0,0,0,0,0,-1,0,0,0,0,0,0,0,0,0
11,1,0,0,0,0,0,0,0,0,0,0,11,3,0,0,0,0,0,0,0,0,-1,0,0,0,0,0,0,0,0,0
18,1,0,0,0,0,0,0,0,0,0,0,18,3,0,0,0,0,0,0,0,0,-1,0,0,0,0,0,0,0,0,0
9,1,0,0,0,0,0,0,0,0,0,0,9,3,0,0,0,0,0,0,0,0,-1,0,0,0,0,0,0,0,0,0
10,1,0,0,0,0,0,0,0,0,0,0,10,2,0,0,0,0,0,0,0,0,-1,0,0,0,0,0,0,0,0,0
14,1,0,0,0,0,0,0,0,0,0,0,14,3,0,0,0,0,0,0,0,0,-1,0,0,0,0,0,0,0,0,0
5,1,0,0,0,0,0,0,0,0,0,0,5,2,0,0,0,0,0,0,0,0,-1,0,0,0,0,0,0,0,0,0
8,1,0,0,0,0,0,0,0,0,0,0,8,3,0,0,0,0,0,0,0,0,-1,0,0,0,0,0,0,0,0,0
8,1,0,0,0,0,0,0,0,0,0,0,8,3,0,0,1,0,0,0,0,0,-1,0,0,0,0,0,0,0,0,0
9,1,0,0,0,0,0,0,0,0,0,0,9,3,0,0,0,0,0,0,0,0,-1,0,0,0,0,0,0,0,0,0
14,1,0,0,0,0,0,0,0,0,0,0,14,3,0,0,0,0,0,0,0,0,-1,0,0,0,0,0,0,0,0,0
10,1,0,0,0,0,0,0,0,0,0,0,10,3,0,0,0,0,0,0,0,0,-1,0,0,0,0,0,0,0,0,0
11,1,0,0,0,0,0,0,0,0,0,0,11,3,0,0,0,0,0,0,0,0,-1,0,0,0,0,0,0,0,0,0
12,1,0,0,0,0,0,0,0,0,0,0,12,3,0,0,0,0,0,0,0,0,-1,0,0,0,0,0,0,0,0,0
21,1,0,0,0,0,0,0,0,0,0,0,21,3,0,0,0,0,0,0,0,0,-1,0,0,0,0,0,0,0,0,0
13,1,0,0,0,0,0,0,0,0,0,0,13,3,0,0,0,0,0,0,0,0,-1,0,0,0,0,0,0,0,0,0
7,1,0,0,0,0,0,0,0,0,0,0,7,3,0,0,0,0,0,0,0,0,-1,0,0,0,0,0,0,0,0,0
11,1,0,0,0,0,0,0,0,0,0,0,11,3,0,0,0,0,0,0,0,0,-1,0,0,0,0,0,0,0,0,0
13,1,0,0,0,0,0,0,0,0,0,0,13,3,0,0,0,0,0,0,0,0,-1,0,0,0,0,0,0,0,0,0
12,1,0,0,0,0,0,0,0,0,0,0,12,3,0,0,0,0,0,0,0,0,-1,0,0,0,0,0,0,0,0,0
8,1,0,0,0,0,0,0,0,0,0,0,8,3,0,0,0,0,0,0,0,0,-1,0,0,0,0,0,0,0,0,0
13,1,0,0,0,0,0,0,0,0,0,0,13,3,0,0,0,0,0,0,0,0,-1,0,0,0,0,0,0,0,0,0
12,1,0,0,0,0,0,0,0,0,0,0,12,3,0,0,0,0,0,0,0,0,-1,0,0,0,0,0,0,0,0,0
11,1,0,0,0,0,0,0,0,0,0,0,11,3,0,0,0,0,0,0,0,0,-1,0,0,0,0,0,0,0,0,0
18,1,0,0,0,0,0,0,0,0,0,0,18,3,0,0,0,0,0,0,0,0,-1,0,0,0,0,0,0,0,0,0
17,1,0,1,0,0,0,0,0,0,0,0,17,3,0,0,0,0,0,0,0,0,-1,0,0,0,0,0,0,0,0,0
16,1,0,0,0,0,0,0,0,0,0,0,16,3,0,0,0,0,0,0,0,0,-1,0,0,0,0,0,0,0,0,0
15,1,0,0,0,0,0,0,0,0,0,0,15,3,0,0,0,0,0,0,0,0,-1,0,0,0,0,0,0,0,0,0
14,1,0,0,0,0,0,0,0,0,0,0,14,3,0,0,0,0,0,0,0,0,-1,0,0,0,0,0,0,0,0,0
11,1,0,0,0,0,0,0,0,0,0,0,11,3,0,0,0,0,0,0,0,0,-1,0,0,0,0,0,0,0,0,0
11,1,0,0,0,0,0,0,0,0,0,0,11,3,0,0,0,0,0,0,0,0,-1,0,0,0,0,0,0,0,0,0
20,1,0,0,0,0,0,0,0,0,0,0,20,3,0,0,0,0,0,0,0,0,-1,0,0,0,0,0,0,0,0,0
12,1,0,1,0,0,0,0,0,0,0,0,12,3,0,0,0,0,0,0,0,0,-1,0,0,0,0,0,0,0,0,0
10,1,0,0,0,0,0,0,0,0,0,0,10,3,0,0,0,0,0,0,0,0,-1,0,0,0,0,0,0,0,0,0
11,1,0,0,0,0,0,0,0,0,0,0,11,3,0,0,0,0,0,0,0,0,-1,0,0,0,0,0,0,0,0,0
8,1,0,0,0,0,0,0,0,0,0,0,8,3,0,0,0,0,0,0,0,0,-1,0,0,0,0,0,0,0,0,0
10,1,0,0,0,0,0,0,0,0,0,0,10,3,0,0,0,0,0,0,0,0,-1,0,0,0,0,0,0,0,0,0
12,1,0,0,0,0,0,0,0,0,0,0,12,3,0,0,0,0,0,0,0,0,-1,0,0,0,0,0,0,0,0,0
12,1,0,0,0,0,0,0,0,0,0,0,12,3,0,0,0,0,0,0,0,0,-1,0,0,0,0,0,0,0,0,0
12,1,0,0,0,0,0,0,0,0,0,0,12,3,0,0,0,0,0,0,0,0,-1,0,0,0,0,0,0,0,0,0
9,1,0,0,0,0,0,0,0,0,0,0,9,3,0,0,0,0,0,0,0,0,-1,0,0,0,0,0,0,0,0,0
6,1,0,0,0,0,0,0,0,0,0,0,6,3,0,0,0,0,0,0,0,0,-1,0,0,0,0,0,0,0,0,0
16,1,0,0,0,0,0,0,0,0,0,0,16,3,0,0,0,0,0,0,0,0,-1,0,0,0,0,0,0,0,0,0
8,1,0,0,0,0,0,0,0,0,0,0,8,2,0,0,0,0,0,0,0,0,-1,0,0,0,0,0,0,0,0,0
12,1,0,0,0,0,0,0,0,0,0,0,12,3,0,0,0,0,0,0,0,0,-1,0,0,0,0,0,0,0,0,0
11,1,0,0,0,0,0,0,0,0,0,0,11,3,0,0,0,0,0,0,0,0,-1,0,0,0,0,0,0,0,0,0
11,1,0,0,0,0,0,0,0,0,0,0,11,2,0,0,0,0,0,0,0,0,-1,0,0,0,0,0,0,0,0,0
10,2,0,0,0,0,0,0,0,0,0,1,10,2,0,0,0,0,0,0,0,0,-1,0,0,0,0,0,0,0,0,0
12,1,0,1,0,0,0,0,0,0,0,0,12,3,0,0,0,0,0,0,0,0,-1,0,0,0,0,0,0,0,0,0
7,1,0,0,0,0,0,0,0,0,0,0,7,3,0,0,0,0,0,0,0,0,-1,0,0,0,0,0,0,0,0,0
22,1,0,1,0,0,0,0,0,0,0,0,22,3,0,0,0,0,0,0,0,0,-1,0,0,0,0,0,0,0,0,0
8,1,0,1,0,0,0,0,0,0,0,0,8,3,0,0,0,0,0,0,0,0,-1,0,0,0,0,0,0,0,0,0
13,1,0,0,0,0,0,0,0,0,0,0,13,3,0,0,0,0,0,0,0,0,-1,0,0,0,0,0,0,0,0,0
9,1,0,0,0,0,0,0,0,0,0,0,9,2,0,0,0,0,0,0,0,0,-1,0,0,0,0,0,0,0,0,0
11,1,0,0,0,0,0,0,0,0,0,0,11,3,0,0,0,0,0,0,0,0,-1,0,0,0,0,0,0,0,0,0
11,1,0,0,0,0,0,0,0,0,0,0,11,2,0,0,0,0,0,0,0,0,-1,0,0,0,0,0,0,0,0,0
17,1,0,0,0,0,0,0,0,0,0,0,17,3,0,0,0,0,0,0,0,0,-1,0,0,0,0,0,0,0,0,0
7,1,0,0,0,0,0,0,0,0,0,0,7,3,0,0,0,0,0,0,0,0,-1,0,0,0,0,0,0,0,0,0
9,1,0,0,0,0,0,0,0,0,0,0,9,3,0,0,0,0,0,0,0,0,-1,0,0,0,0,0,0,0,0,0
6,1,0,0,0,0,0,0,0,0,0,0,6,3,0,0,0,0,0,0,0,0,-1,0,0,0,0,0,0,0,0,0
7,1,0,0,0,0,0,0,0,0,0,0,7,2,0,0,0,0,0,0,0,0,-1,0,0,0,0,0,0,0,0,0
13,1,0,0,0,0,0,0,0,0,0,0,13,3,0,0,0,0,0,0,0,0,-1,0,0,0,0,0,0,0,0,0
13,1,0,0,0,0,0,0,0,0,0,0,13,3,0,0,0,0,0,0,0,0,-1,0,0,0,0,0,0,0,0,0
12,1,0,0,0,0,0,0,0,0,0,0,12,3,0,0,0,0,0,0,0,0,-1,0,0,0,0,0,0,0,0,0
12,2,0,0,0,0,0,0,0,0,0,1,12,2,0,0,0,0,0,0,0,0,-1,0,0,0,0,0,0,0,0,0
15,1,0,0,0,0,0,0,0,0,0,0,15,3,0,0,0,0,0,0,0,0,-1,0,0,0,0,0,0,0,0,0
10,1,0,0,0,0,0,0,0,0,0,0,10,3,0,0,0,0,0,0,0,0,-1,0,0,0,0,0,0,0,0,0
10,1,0,0,0,0,0,0,0,0,0,0,10,3,0,0,0,0,0,0,0,0,-1,0,0,0,0,0,0,0,0,0
14,1,0,0,0,0,0,0,0,0,0,0,14,3,0,0,0,0,0,0,0,0,-1,0,0,0,0,0,0,0,0,0
10,1,0,0,0,0,0,0,0,0,0,0,10,3,0,0,0,0,0,0,0,0,-1,0,0,0,0,0,0,0,0,0
9,1,0,0,0,0,0,0,0,0,0,0,9,3,0,0,0,0,0,0,0,0,-1,0,0,0,0,0,0,0,0,0
5,1,0,0,0,0,0,0,0,0,0,0,5,2,0,0,0,0,0,0,0,0,-1,0,0,0,0,0,0,0,0,0
12,1,0,0,0,0,0,0,0,0,0,0,12,3,0,0,0,0,0,0,0,0,-1,0,0,0,0,0,0,0,0,0
13,1,0,0,0,0,0,0,0,0,0,0,13,3,0,0,0,0,0,0,0,0,-1,0,0,0,0,0,0,0,0,0
7,1,0,0,0,0,0,0,0,0,0,0,7,3,0,0,0,0,0,0,0,0,-1,0,0,0,0,0,0,0,0,0
11,1,0,1,0,0,0,0,0,0,0,0,11,3,0,0,0,0,0,0,0,0,-1,0,0,0,0,0,0,0,0,0
14,1,0,0,0,0,0,0,0,0,0,0,14,3,0,0,0,0,0,0,0,0,-1,0,0,0,0,0,0,0,0,0
17,1,0,0,0,0,0,0,0,0,0,0,17,3,0,0,0,0,0,0,0,0,-1,0,0,0,0,0,0,0,0,0
15,1,0,0,0,0,0,0,0,0,0,0,15,3,0,0,0,0,0,0,0,0,-1,0,0,0,0,0,0,0,0,0
11,1,0,0,0,0,0,0,0,0,0,0,11,3,0,0,0,0,0,0,0,0,-1,0,0,0,0,0,0,0,0,0
11,1,0,0,0,0,0,0,0,0,0,0,11,2,0,0,0,0,0,0,0,0,-1,0,0,0,0,0,0,0,0,0
9,1,0,0,0,0,0,0,0,0,0,0,9,3,0,0,0,0,0,0,0,0,-1,0,0,0,0,0,0,0,0,0
12,1,0,0,0,0,0,0,0,0,0,0,12,2,0,0,0,0,0,0,0,0,-1,0,0,0,0,0,0,0,0,0
14,1,0,1,0,0,0,0,0,0,0,0,14,3,0,0,0,0,0,0,0,0,-1,0,0,0,0,0,0,0,0,0
13,1,0,1,0,0,0,0,0,0,0,0,13,3,0,0,0,0,0,0,0,0,-1,0,0,0,0,0,0,0,0,0
12,1,0,0,0,0,0,0,0,0,0,0,12,3,0,0,0,0,0,0,0,0,-1,0,0,0,0,0,0,0,0,0
15,1,0,1,0,0,0,0,0,0,0,0,15,3,0,0,0,0,0,0,0,0,-1,0,0,0,0,0,0,0,0,0
11,1,0,0,0,0,0,0,0,0,0,0,11,3,0,0,0,0,0,0,0,0,-1,0,0,0,0,0,0,0,0,0
13,1,0,0,0,0,0,0,0,0,0,0,13,3,0,0,0,0,0,0,0,0,-1,0,0,0,0,0,0,0,0,0
17,1,0,1,0,0,0,0,0,0,0,0,17,2,0,0,0,0,0,0,0,0,-1,0,0,0,0,0,0,0,0,0
8,1,0,0,0,0,0,0,0,0,0,0,8,3,0,0,0,0,0,0,0,0,-1,0,0,0,0,0,0,0,0,0
12,1,0,0,0,0,0,0,0,0,0,0,12,3,0,0,0,0,0,0,0,0,-1,0,0,0,0,0,0,0,0,0
13,1,0,0,0,0,0,0,0,0,0,0,13,3,0,0,0,0,0,0,0,0,-1,0,0,0,0,0,0,0,0,0
16,1,0,1,0,0,0,0,0,0,0,0,16,3,0,0,0,0,0,0,0,0,-1,0,0,0,0,0,0,0,0,0
9,1,0,0,0,0,0,0,0,0,0,0,9,3,0,0,0,0,0,0,0,0,-1,0,0,0,0,0,0,0,0,0
11,1,0,0,0,0,0,0,0,0,0,0,11,3,0,0,0,0,0,0,0,0,-1,0,0,0,0,0,0,0,0,0
15,1,0,0,0,0,0,0,0,0,0,0,15,3,0,0,0,0,0,0,0,0,-1,0,0,0,0,0,0,0,0,0
6,1,0,0,0,0,0,0,0,0,0,0,6,2,0,0,0,0,0,0,0,0,-1,0,0,0,0,0,0,0,0,0
12,1,0,0,0,0,0,0,0,0,0,0,12,3,0,0,0,0,0,0,0,0,-1,0,0,0,0,0,0,0,0,0
10,1,0,0,0,0,0,0,0,0,0,0,10,3,0,0,0,0,0,0,0,0,-1,0,0,0,0,0,0,0,0,0
9,1,0,0,0,0,0,0,0,0,0,0,9,3,0,0,0,0,0,0,0,0,-1,0,0,0,0,0,0,0,0,0
24,1,0,1,0,0,0,0,0,0,0,0,24,3,0,0,0,0,0,0,0,0,-1,0,0,0,0,0,0,0,0,0
16,1,0,0,0,0,0,0,0,0,0,0,16,3,0,0,0,0,0,0,0,0,-1,0,0,0,0,0,0,0,0,0
10,1,0,0,0,0,0,0,0,0,0,0,10,3,0,0,0,0,0,0,0,0,-1,0,0,0,0,0,0,0,0,0
13,1,0,1,0,0,0,0,0,0,0,0,13,3,0,0,0,0,0,0,0,0,-1,0,0,0,0,0,0,0,0,0
14,1,0,0,0,0,0,0,0,0,0,0,14,2,0,0,0,0,0,0,0,0,-1,0,0,0,0,0,0,0,0,0
9,1,0,0,0,0,0,0,0,0,0,0,9,3,0,0,0,0,0,0,0,0,-1,0,0,0,0,0,0,0,0,0
9,1,0,0,0,0,0,0,0,0,0,0,9,3,0,0,0,0,0,0,0,0,-1,0,0,0,0,0,0,0,0,0
6,1,0,0,0,0,0,0,0,0,0,0,6,2,0,0,0,0,0,0,0,0,-1,0,0,0,0,0,0,0,0,0
9,1,0,1,0,0,0,0,0,0,0,0,9,3,0,0,0,0,0,0,0,0,-1,0,0,0,0,0,0,0,0,0
7,1,0,0,0,0,0,0,0,0,0,0,7,3,0,0,0,0,0,0,0,0,-1,0,0,0,0,0,0,0,0,0
11,1,0,0,0,0,0,0,0,0,0,0,11,3,0,0,0,0,0,0,0,0,-1,0,0,0,0,0,0,0,0,0
9,1,0,0,0,0,0,0,0,0,0,0,9,3,0,0,0,0,0,0,0,0,-1,0,0,0,0,0,0,0,0,0
10,1,0,1,0,0,0,0,0,0,0,0,10,3,0,0,0,0,0,0,0,0,-1,0,0,0,0,0,0,0,0,0
14,1,0,0,0,0,0,0,0,0,0,0,14,3,0,0,0,0,0,0,0,0,-1,0,0,0,0,0,0,0,0,0
8,1,0,0,0,0,0,0,0,0,0,0,8,3,0,0,0,0,0,0,0,0,-1,0,0,0,0,0,0,0,0,0
12,1,0,0,0,0,0,0,0,0,0,0,12,3,0,0,0,0,0,0,0,0,-1,0,0,0,0,0,0,0,0,0
11,1,0,0,0,0,0,0,0,0,0,0,11,3,0,0,0,0,0,0,0,0,-1,0,0,0,0,0,0,0,0,0
10,2,0,0,0,0,0,0,0,0,0,1,10,2,0,0,0,0,0,0,0,0,-1,0,0,0,0,0,0,0,0,0
12,2,0,0,0,0,0,0,0,0,0,1,12,2,0,0,0,0,0,0,0,0,-1,0,0,0,0,0,0,0,0,0
13,1,0,0,0,0,0,0,0,0,0,0,13,3,0,0,0,0,0,0,0,0,-1,0,0,0,0,0,0,0,0,0
10,1,0,0,0,0,0,0,0,0,0,0,10,3,0,0,0,0,0,0,0,0,-1,0,0,0,0,0,0,0,0,0
21,1,0,0,0,0,0,0,0,0,0,0,21,3,0,0,0,0,0,0,0,0,-1,0,0,0,0,0,0,0,0,0
10,1,0,0,0,0,0,0,0,0,0,0,10,3,0,0,0,0,0,0,0,0,-1,0,0,0,0,0,0,0,0,0
26,1,0,0,0,0,0,0,0,0,0,0,26,3,0,0,0,0,0,0,0,0,-1,0,0,0,0,0,0,0,0,0
26,1,0,0,0,0,0,0,0,0,0,0,26,3,0,0,0,0,0,0,0,0,-1,0,0,0,0,0,0,0,0,0
14,1,0,0,0,0,0,0,0,0,0,0,14,2,0,0,0,0,0,0,0,0,-1,0,0,0,0,0,0,0,0,0
13,1,0,0,0,0,0,0,0,0,0,0,13,3,0,0,0,0,0,0,0,0,-1,0,0,0,0,0,0,0,0,0
11,1,0,0,0,0,0,0,0,0,0,0,11,3,0,0,0,0,0,0,0,0,-1,0,0,0,0,0,0,0,0,0
7,1,0,0,0,0,0,0,0,0,0,0,7,3,0,0,0,0,0,0,0,0,-1,0,0,0,0,0,0,0,0,0
8,1,0,0,0,0,0,0,0,0,0,0,8,2,0,0,0,0,0,0,0,0,-1,0,0,0,0,0,0,0,0,0
9,1,0,0,0,0,0,0,0,0,0,0,9,3,0,0,0,0,0,0,0,0,-1,0,0,0,0,0,0,0,0,0
12,1,0,0,0,0,0,0,0,0,0,0,12,3,0,0,0,0,0,0,0,0,-1,0,0,0,0,0,0,0,0,0
12,1,0,0,0,0,0,0,0,0,0,0,12,3,0,0,0,0,0,0,0,0,-1,0,0,0,0,0,0,0,0,0
11,1,0,0,0,0,0,0,0,0,0,0,11,3,0,0,0,0,0,0,0,0,-1,0,0,0,0,0,0,0,0,0
7,1,0,0,0,0,0,0,0,0,0,0,7,3,0,0,0,0,0,0,0,0,-1,0,0,0,0,0,0,0,0,0
8,1,0,0,0,0,0,0,0,0,0,0,8,2,0,0,0,0,0,0,0,0,-1,0,0,0,0,0,0,0,0,0
11,1,0,0,0,0,0,0,0,0,0,0,11,3,0,0,0,0,0,0,0,0,-1,0,0,0,0,0,0,0,0,0
11,1,0,0,0,0,0,0,0,0,0,0,11,3,0,0,0,0,0,0,0,0,-1,0,0,0,0,0,0,0,0,0
13,1,0,0,0,0,0,0,0,0,0,0,13,3,0,0,0,0,0,0,0,0,-1,0,0,0,0,0,0,0,0,0
11,1,0,0,0,0,0,0,0,0,0,0,11,3,0,0,0,0,0,0,0,0,-1,0,0,0,0,0,0,0,0,0
7,1,0,0,0,0,0,0,0,0,0,0,7,3,0,0,0,0,0,0,0,0,-1,0,0,0,0,0,0,0,0,0
15,1,0,0,0,0,0,0,0,0,0,0,15,3,0,0,0,0,0,0,0,0,-1,0,0,0,0,0,0,0,0,0
10,1,0,0,0,0,0,0,0,0,0,0,10,3,0,0,0,0,0,0,0,0,-1,0,0,0,0,0,0,0,0,0
10,1,0,0,0,0,0,0,0,0,0,0,10,5,0,0,0,0,0,0,0,0,-1,0,0,0,0,0,0,0,0,0
9,1,0,0,0,0,0,0,0,0,0,0,9,3,0,0,0,0,0,0,0,0,-1,0,0,0,0,0,0,0,0,0
7,1,0,0,0,0,0,0,0,0,0,0,7,3,0,0,0,0,0,0,0,0,-1,0,0,0,0,0,0,0,0,0
15,1,0,0,0,0,0,0,0,0,0,0,15,3,0,0,0,0,0,0,0,0,-1,0,0,0,0,0,0,0,0,0
10,1,0,0,0,0,0,0,0,0,0,0,10,3,0,0,0,0,0,0,0,0,-1,0,0,0,0,0,0,0,0,0
9,1,0,0,0,0,0,0,0,0,0,0,9,3,0,0,0,0,0,0,0,0,-1,0,0,0,0,0,0,0,0,0
10,1,0,0,0,0,0,0,0,0,0,0,10,3,0,0,0,0,0,0,0,0,-1,0,0,0,0,0,0,0,0,0
15,1,0,0,0,0,0,0,0,0,0,0,15,3,0,0,0,0,0,1,0,0,-1,0,0,0,0,0,0,0,0,0
9,1,0,0,0,0,0,0,0,0,0,0,9,3,0,0,0,0,0,0,0,0,-1,0,0,0,0,0,0,0,0,0
6,1,0,0,0,0,0,0,0,0,0,0,6,2,0,0,0,0,0,0,0,0,-1,0,0,0,0,0,0,0,0,0
7,1,0,0,0,0,0,0,0,0,0,0,7,2,0,0,0,0,0,0,0,0,-1,0,0,0,0,0,0,0,0,0
7,1,0,0,0,0,0,0,0,0,0,0,7,2,0,0,0,0,0,0,0,0,-1,0,0,0,0,0,0,0,0,0
8,1,0,0,0,0,0,0,0,0,0,0,8,3,0,0,0,0,0,0,0,0,-1,0,0,0,0,0,0,0,0,0
17,1,0,0,0,0,0,0,0,0,0,0,17,3,0,0,0,0,0,0,0,0,-1,0,0,0,0,0,0,0,0,0
12,1,0,0,0,0,0,0,0,0,0,0,12,2,0,0,0,0,0,0,0,0,-1,0,0,0,0,0,0,0,0,0
13,1,0,0,0,0,0,0,0,0,0,0,13,3,0,0,0,0,0,0,0,0,-1,0,0,0,0,0,0,0,0,0
8,1,0,0,0,0,0,0,0,0,0,0,8,3,0,0,0,0,0,0,0,0,-1,0,0,0,0,0,0,0,0,0
6,1,0,0,0,0,0,0,0,0,0,0,6,2,0,0,0,0,0,0,0,0,-1,0,0,0,0,0,0,0,0,0
9,1,0,0,0,0,0,0,0,0,0,0,9,2,0,0,0,0,0,0,0,0,-1,0,0,0,0,0,0,0,0,0
12,1,0,0,0,0,0,0,0,0,0,0,12,3,0,0,0,0,0,0,0,0,-1,0,0,0,0,0,0,0,0,0
13,1,0,0,0,0,0,0,0,0,0,0,13,3,0,0,0,0,0,0,0,0,-1,0,0,0,0,0,0,0,0,0
12,1,0,0,0,0,0,0,0,0,0,0,12,3,0,0,0,0,0,0,0,0,-1,0,0,0,0,0,0,0,0,0
9,1,0,0,0,0,0,0,0,0,0,0,9,2,0,0,0,0,0,0,0,0,-1,0,0,0,0,0,0,0,0,0
9,1,0,0,0,0,0,0,0,0,0,0,9,3,0,0,0,0,0,0,0,0,-1,0,0,0,0,0,0,0,0,0
8,1,0,0,0,0,0,0,0,0,0,0,8,3,0,0,0,0,0,0,0,0,-1,0,0,0,0,0,0,0,0,0
6,1,0,0,0,0,0,0,0,0,0,0,6,3,0,0,0,0,0,0,0,0,-1,0,0,0,0,0,0,0,0,0
7,1,0,0,0,0,0,0,0,0,0,0,7,2,0,0,0,0,0,0,0,0,-1,0,0,0,0,0,0,0,0,0
6,1,0,0,0,0,0,0,0,0,0,0,6,2,0,0,0,0,0,0,0,0,-1,0,0,0,0,0,0,0,0,0
11,1,0,0,0,0,0,0,0,0,0,0,11,2,0,0,0,0,0,0,0,0,-1,0,0,0,0,0,0,0,0,0
15,1,0,0,0,0,0,0,0,0,0,0,15,3,0,0,0,0,0,0,0,0,-1,0,0,0,0,0,0,0,0,0
8,1,0,0,0,0,0,0,0,0,0,0,8,3,0,0,0,0,0,0,0,0,-1,0,0,0,0,0,0,0,0,0
12,1,0,0,0,0,0,0,0,0,0,0,12,3,0,0,0,0,0,0,0,0,-1,0,0,0,0,0,0,0,0,0
20,1,0,0,0,0,0,0,0,0,0,0,20,3,0,0,0,0,0,0,0,0,-1,0,0,0,0,0,0,0,0,0
9,1,0,0,0,0,0,0,0,0,0,0,9,3,0,0,0,0,0,0,0,0,-1,0,0,0,0,0,0,0,0,0
11,1,0,0,0,0,0,0,0,0,0,0,11,3,0,0,0,0,0,0,0,0,-1,0,0,0,0,0,0,0,0,0
6,1,0,0,0,0,0,0,0,0,0,0,6,3,0,0,0,0,0,0,0,0,-1,0,0,0,0,0,0,0,0,0
8,1,0,0,0,0,0,0,0,0,0,0,8,3,0,0,0,0,0,0,0,0,-1,0,0,0,0,0,0,0,0,0
7,1,0,0,0,0,0,0,0,0,0,0,7,3,0,0,0,0,0,0,0,0,-1,0,0,0,0,0,0,0,0,0
10,1,0,0,0,0,0,0,0,0,0,0,10,3,0,0,0,0,0,0,0,0,-1,0,0,0,0,0,0,0,0,0
11,1,0,0,0,0,0,0,0,0,0,0,11,4,0,0,0,0,0,0,0,0,-1,0,0,0,0,0,0,0,0,0
14,1,0,0,0,0,0,0,0,0,0,0,14,3,0,0,0,0,0,0,0,0,-1,0,0,0,0,0,0,0,0,0
11,1,0,0,0,0,0,0,0,0,0,0,11,3,0,0,0,0,0,0,0,0,-1,0,0,0,0,0,0,0,0,0
8,1,0,0,0,0,0,0,0,0,0,0,8,3,0,0,0,0,0,0,0,0,-1,0,0,0,0,0,0,0,0,0
12,1,0,0,0,0,0,0,0,0,0,0,12,3,0,0,0,0,0,0,0,0,-1,0,0,0,0,0,0,0,0,0
11,1,0,0,0,0,0,0,0,0,0,0,11,2,0,0,0,0,0,0,0,0,-1,0,0,0,0,0,0,0,0,0
16,1,0,2,0,0,0,0,0,0,0,0,16,3,0,0,0,0,0,0,0,0,-1,0,0,0,0,0,0,0,0,0
10,1,0,0,0,0,0,0,0,0,0,0,10,3,0,0,0,0,0,0,0,0,-1,0,0,0,0,0,0,0,0,0
16,1,0,0,0,0,0,0,0,0,0,0,16,3,0,0,0,0,0,0,0,0,-1,0,0,0,0,0,0,0,0,0
12,1,0,0,0,0,0,0,0,0,0,0,12,3,0,0,0,0,0,0,0,0,-1,0,0,0,0,0,0,0,0,0
10,1,0,0,0,0,0,0,0,0,0,0,10,2,0,0,0,0,0,0,0,0,-1,0,0,0,0,0,0,0,0,0
6,1,0,0,0,0,0,0,0,0,0,0,6,2,0,0,0,0,0,0,0,0,-1,0,0,0,0,0,0,0,0,0
7,1,0,0,0,0,0,0,0,0,0,0,7,3,0,0,0,0,0,0,0,0,-1,0,0,0,0,0,0,0,0,0
13,1,0,0,0,0,0,0,0,0,0,0,13,2,0,0,0,0,0,0,0,0,-1,0,0,0,0,0,0,0,0,0
9,1,0,0,0,0,0,0,0,0,0,0,9,3,0,0,0,0,0,0,0,0,-1,0,0,0,0,0,0,0,0,0
11,1,0,0,0,0,0,0,0,0,0,0,11,3,0,0,0,0,0,0,0,0,-1,0,0,0,0,0,0,0,0,0
11,1,0,0,0,0,0,0,0,0,0,0,11,3,0,0,0,0,0,0,0,0,-1,0,0,0,0,0,0,0,0,0
18,1,0,2,0,0,0,0,0,0,0,0,18,3,0,0,0,0,0,0,0,0,-1,0,0,0,0,0,0,0,0,0
9,1,0,0,0,0,0,0,0,0,0,0,9,2,0,0,0,0,0,0,0,0,-1,0,0,0,0,0,0,0,0,0
14,1,0,0,0,0,0,0,0,0,0,0,14,3,0,0,0,0,0,0,0,0,-1,0,0,0,0,0,0,0,0,0
17,1,0,0,0,0,0,0,0,0,0,0,17,3,0,0,0,0,0,0,0,0,-1,0,0,0,0,0,0,0,0,0
8,1,0,0,0,0,0,0,0,0,0,0,8,3,0,0,0,0,0,0,0,0,-1,0,0,0,0,0,0,0,0,0
10,1,0,0,0,0,0,0,0,0,0,0,10,3,0,0,0,0,0,0,0,0,-1,0,0,0,0,0,0,0,0,0
9,1,0,0,0,0,0,0,0,0,0,0,9,3,0,0,0,0,0,0,0,0,-1,0,0,0,0,0,0,0,0,0
15,1,0,0,0,0,0,0,0,0,0,0,15,3,0,0,0,0,0,0,0,0,-1,0,0,0,0,0,0,0,0,0
10,1,0,0,0,0,0,0,0,0,0,0,10,3,0,0,0,0,0,0,0,0,-1,0,0,0,0,0,0,0,0,0
10,1,0,0,0,0,0,0,0,0,0,0,10,2,0,0,0,0,0,0,0,0,-1,0,0,0,0,0,0,0,0,0
11,1,0,0,0,0,0,0,0,0,0,0,11,3,0,0,0,0,0,0,0,0,-1,0,0,0,0,0,0,0,0,0
12,1,0,0,0,0,0,0,0,0,0,0,12,3,0,0,0,0,0,0,0,0,-1,0,0,0,0,0,0,0,0,0
7,1,0,0,0,0,0,0,0,0,0,0,7,3,0,0,0,0,0,0,0,0,-1,0,0,0,0,0,0,0,0,0
11,1,0,0,0,0,0,0,0,0,0,0,11,3,0,0,0,0,0,0,0,0,-1,0,0,0,0,0,0,0,0,0
12,1,0,0,0,0,0,0,0,0,0,0,12,3,0,0,0,0,0,0,0,0,-1,0,0,0,0,0,0,0,0,0
12,1,0,0,0,0,0,0,0,0,0,0,12,3,0,0,0,0,0,0,0,0,-1,0,0,0,0,0,0,0,0,0
9,1,0,0,0,0,0,0,0,0,0,0,9,3,0,0,0,0,0,0,0,0,-1,0,0,0,0,0,0,0,0,0
14,2,0,0,0,0,0,0,0,0,0,1,14,2,0,0,0,0,0,0,0,0,-1,0,0,0,0,0,0,0,0,0
19,1,0,0,0,0,0,0,0,0,0,0,19,3,0,0,0,0,0,0,0,0,-1,0,0,0,0,0,0,0,0,0
12,1,0,0,0,0,0,0,0,0,0,0,12,3,0,0,0,0,0,0,0,0,-1,0,0,0,0,0,0,0,0,0
7,1,0,0,0,0,0,0,0,0,0,0,7,3,0,0,0,0,0,0,0,0,-1,0,0,0,0,0,0,0,0,0
12,1,0,0,0,0,0,0,0,0,0,0,12,3,0,0,0,0,0,0,0,0,-1,0,0,0,0,0,0,0,0,0
9,1,0,0,0,0,0,0,0,0,0,0,9,2,0,0,0,0,0,0,0,0,-1,0,0,0,0,0,0,0,0,0
6,1,0,0,0,0,0,0,0,0,0,0,6,2,0,0,0,0,0,0,0,0,-1,0,0,0,0,0,0,0,0,0
14,1,0,0,0,0,0,0,0,0,0,0,14,3,0,0,0,0,0,0,0,0,-1,0,0,0,0,0,0,0,0,0
11,1,0,0,0,0,0,0,0,0,0,0,11,3,0,0,0,0,0,0,0,0,-1,0,0,0,0,0,0,0,0,0
7,1,0,0,0,0,0,0,0,0,0,0,7,3,0,0,0,0,0,0,0,0,-1,0,0,0,0,0,0,0,0,0
13,1,0,0,0,0,0,0,0,0,0,0,13,3,0,0,0,0,0,0,0,0,-1,0,0,0,0,0,0,0,0,0
11,1,0,0,0,0,0,0,0,0,0,0,11,3,0,0,0,0,0,0,0,0,-1,0,0,0,0,0,0,0,0,0
11,1,0,0,0,0,0,0,0,0,0,0,11,3,0,0,0,0,0,0,0,0,-1,0,0,0,0,0,0,0,0,0
19,1,0,1,0,0,0,0,0,0,0,0,19,3,0,0,0,0,0,0,0,0,-1,0,0,0,0,0,0,0,0,0
12,1,0,0,0,0,0,0,0,0,0,0,12,2,0,0,0,0,0,0,0,0,-1,0,0,0,0,0,0,0,0,0
10,1,0,0,0,0,0,0,0,0,0,0,10,3,0,0,0,0,0,0,0,0,-1,0,0,0,0,0,0,0,0,0
16,1,0,0,0,0,0,0,0,0,0,0,16,3,0,0,0,0,0,0,0,0,-1,0,0,0,0,0,0,0,0,0
10,1,0,0,0,0,0,0,0,0,0,0,10,3,0,0,0,0,0,0,0,0,-1,0,0,0,0,0,0,0,0,0
15,1,0,0,0,0,0,0,0,0,0,0,15,3,0,0,0,0,0,0,0,0,-1,0,0,0,0,0,0,0,0,0
16,1,0,0,0,0,0,0,0,0,0,0,16,3,0,0,0,0,0,0,0,0,-1,0,0,0,0,0,0,0,0,0
15,1,0,0,0,0,0,0,0,0,0,0,15,3,0,0,0,0,0,0,0,0,-1,0,0,0,0,0,0,0,0,0
12,1,0,0,0,0,0,0,0,0,0,0,12,2,0,0,0,0,0,0,0,0,-1,0,0,0,0,0,0,0,0,0
15,1,0,0,0,0,0,0,0,0,0,0,15,3,0,0,0,0,0,0,0,0,-1,0,0,0,0,0,0,0,0,0
13,1,0,0,0,0,0,0,0,0,0,0,13,3,0,0,0,0,0,0,0,0,-1,0,0,0,0,0,0,0,0,0
13,1,0,0,0,0,0,0,0,0,0,0,13,3,0,0,0,0,0,0,0,0,-1,0,0,0,0,0,0,0,0,0
14,1,0,0,0,0,0,0,0,0,0,0,14,3,0,0,0,0,0,0,0,0,-1,0,0,0,0,0,0,0,0,0
7,1,0,0,0,0,0,0,0,0,0,0,7,2,0,0,0,0,0,0,0,0,-1,0,0,0,0,0,0,0,0,0
13,1,0,1,0,0,0,0,0,0,0,0,13,3,0,0,0,0,0,0,0,0,-1,0,0,0,0,0,0,0,0,0
15,1,0,0,0,0,0,0,0,0,0,0,15,3,0,0,0,0,0,0,0,0,-1,0,0,0,0,0,0,0,0,0
18,1,0,1,0,0,0,0,0,0,0,0,18,3,0,0,0,0,0,0,0,0,-1,0,0,0,0,0,0,0,0,0
20,1,0,1,0,0,0,0,0,0,0,0,20,3,0,0,0,0,0,0,0,0,-1,0,0,0,0,0,0,0,0,0
12,1,0,0,0,0,0,0,0,0,0,0,12,3,0,0,0,0,0,0,0,0,-1,0,0,0,0,0,0,0,0,0
13,1,0,0,0,0,0,0,0,0,0,0,13,2,0,0,0,0,0,0,0,0,-1,0,0,0,0,0,0,0,0,0
10,1,0,0,0,0,0,0,0,0,0,0,10,3,0,0,0,0,0,0,0,0,-1,0,0,0,0,0,0,0,0,0
10,1,0,0,0,0,0,0,0,0,0,0,10,3,0,0,0,0,0,0,0,0,-1,0,0,0,0,0,0,0,0,0
14,1,0,0,0,0,0,0,0,0,0,0,14,3,0,0,0,0,0,0,0,0,-1,0,0,0,0,0,0,0,0,0
14,1,0,1,0,0,0,0,0,0,0,0,14,2,0,0,0,0,0,0,0,0,-1,0,0,0,0,0,0,0,0,0
9,1,0,0,0,0,0,0,0,0,0,0,9,2,0,0,0,0,0,0,0,0,-1,0,0,0,0,0,0,0,0,0
7,1,0,0,0,0,0,0,0,0,0,0,7,3,0,0,0,0,0,0,0,0,-1,0,0,0,0,0,0,0,0,0
13,1,0,0,0,0,0,0,0,0,0,0,13,3,0,0,0,0,0,0,0,0,-1,0,0,0,0,0,0,0,0,0
12,1,0,1,0,0,0,0,0,0,0,0,12,3,0,0,0,0,0,0,0,0,-1,0,0,0,0,0,0,0,0,0
10,1,0,0,0,0,0,0,0,0,0,0,10,3,0,0,0,0,0,0,0,0,-1,0,0,0,0,0,0,0,0,0
12,1,0,0,0,0,0,0,0,0,0,0,12,3,0,0,0,0,0,0,0,0,-1,0,0,0,0,0,0,0,0,0
9,1,0,0,0,0,0,0,0,0,0,0,9,3,0,0,0,0,0,0,0,0,-1,0,0,0,0,0,0,0,0,0
11,1,0,0,0,0,0,0,0,0,0,0,11,3,0,0,0,0,0,0,0,0,-1,0,0,0,0,0,0,0,0,0
13,1,0,0,0,0,0,0,0,0,0,0,13,3,0,0,0,0,0,0,0,0,-1,0,0,0,0,0,0,0,0,0
14,1,0,1,0,0,0,0,0,0,0,0,14,3,0,0,0,0,0,0,0,0,-1,0,0,0,0,0,0,0,0,0
10,1,0,0,0,0,0,0,0,0,0,0,10,3,0,0,0,0,0,0,0,0,-1,0,0,0,0,0,0,0,0,0
10,1,0,0,0,0,0,0,0,0,0,0,10,2,0,0,0,0,0,0,0,0,-1,0,0,0,0,0,0,0,0,0
14,1,0,1,0,0,0,0,0,0,0,0,14,3,0,0,0,0,0,0,0,0,-1,0,0,0,0,0,0,0,0,0
18,1,0,0,0,0,0,0,0,0,0,0,18,3,0,0,0,0,0,0,0,0,-1,0,0,0,0,0,0,0,0,0
10,1,0,0,0,0,0,0,0,0,0,0,10,3,0,0,0,0,0,0,0,0,-1,0,0,0,0,0,0,0,0,0
9,1,0,0,0,0,0,0,0,0,0,0,9,3,0,0,0,0,0,0,0,0,-1,0,0,0,0,0,0,0,0,0
18,1,0,0,0,0,0,0,0,0,0,0,18,3,0,0,0,0,0,0,0,0,-1,0,0,0,0,0,0,0,0,0
11,1,0,0,0,0,0,0,0,0,0,0,11,3,0,0,0,0,0,0,0,0,-1,0,0,0,0,0,0,0,0,0
10,1,0,0,0,0,0,0,0,0,0,0,10,3,0,0,0,0,0,0,0,0,-1,0,0,0,0,0,0,0,0,0
9,1,0,0,0,0,0,0,0,0,0,0,9,3,0,0,0,0,0,0,0,0,-1,0,0,0,0,0,0,0,0,0
13,1,0,0,0,0,0,0,0,0,0,0,13,3,0,0,0,0,0,0,0,0,-1,0,0,0,0,0,0,0,0,0
10,1,0,0,0,0,0,0,0,0,0,0,10,3,0,0,0,0,0,0,0,0,-1,0,0,0,0,0,0,0,0,0
10,1,0,0,0,0,0,0,0,0,0,0,10,3,0,0,0,0,0,0,0,0,-1,0,0,0,0,0,0,0,0,0
18,1,0,0,0,0,0,0,0,0,0,0,18,3,0,0,0,0,0,0,0,0,-1,0,0,0,0,0,0,0,0,0
11,2,0,0,0,0,0,0,0,0,0,1,11,2,0,0,0,0,0,0,0,0,-1,0,0,0,0,0,0,0,0,0
11,1,0,0,0,0,0,0,0,0,0,0,11,3,0,0,0,0,0,0,0,0,-1,0,0,0,0,0,0,0,0,0
20,1,0,0,0,0,0,0,0,0,0,0,20,3,0,0,0,0,0,0,0,0,-1,0,0,0,0,0,0,0,0,0
9,1,0,0,0,0,0,0,0,0,0,0,9,3,0,0,0,0,0,0,0,0,-1,0,0,0,0,0,0,0,0,0
13,1,0,0,0,0,0,0,0,0,0,0,13,3,0,0,0,0,0,0,0,0,-1,0,0,0,0,0,0,0,0,0
12,1,0,0,0,0,0,0,0,0,0,0,12,3,0,0,0,0,0,0,0,0,-1,0,0,0,0,0,0,0,0,0
15,1,0,1,0,0,0,0,0,0,0,0,15,3,0,0,0,0,0,0,0,0,-1,0,0,0,0,0,0,0,0,0
17,2,0,0,0,0,0,0,0,0,0,1,17,2,0,0,0,0,0,0,0,0,-1,0,0,0,0,0,0,0,0,0
14,1,0,0,0,0,0,0,0,0,0,0,14,3,0,0,0,0,0,0,0,0,-1,0,0,0,0,0,0,0,0,0
13,1,0,0,0,0,0,0,0,0,0,0,13,3,0,0,0,0,0,0,0,0,-1,0,0,0,0,0,0,0,0,0
9,1,0,0,0,0,0,0,0,0,0,0,9,3,0,0,0,0,0,0,0,0,-1,0,0,0,0,0,0,0,0,0
13,1,0,0,0,0,0,0,0,0,0,0,13,3,0,0,0,0,0,0,0,0,-1,0,0,0,0,0,0,0,0,0
9,1,0,0,0,0,0,0,0,0,0,0,9,2,0,0,0,0,0,0,0,0,-1,0,0,0,0,0,0,0,0,0
13,1,0,0,0,0,0,0,0,0,0,0,13,3,0,0,0,0,0,0,0,0,-1,0,0,0,0,0,0,0,0,0
10,1,0,0,0,0,0,0,0,0,0,0,10,3,0,0,0,0,0,0,0,0,-1,0,0,0,0,0,0,0,0,0
15,2,0,0,0,0,0,0,0,0,0,1,15,2,0,0,0,0,0,0,0,0,-1,0,0,0,0,0,0,0,0,0
21,1,0,0,0,0,0,0,0,0,0,0,21,4,0,0,0,0,0,0,0,0,-1,0,0,0,0,0,0,0,0,0
8,1,0,0,0,0,0,0,0,0,0,0,8,3,0,0,0,0,0,0,0,0,-1,0,0,0,0,0,0,0,0,0
11,1,0,0,0,0,0,0,0,0,0,0,11,2,0,0,0,0,0,0,0,0,-1,0,0,0,0,0,0,0,0,0
17,1,0,0,0,0,0,0,0,0,0,0,17,3,0,0,0,0,0,0,0,0,-1,0,0,0,0,0,0,0,0,0
11,1,0,0,0,0,0,0,0,0,0,0,11,3,0,0,0,0,0,0,0,0,-1,0,0,0,0,0,0,0,0,0
14,1,0,1,0,0,0,0,0,0,0,0,14,3,0,0,0,0,0,0,0,0,-1,0,0,0,0,0,0,0,0,0
14,1,0,0,0,0,0,0,0,0,0,0,14,3,0,0,0,0,0,0,0,0,-1,0,0,0,0,0,0,0,0,0
10,1,0,0,0,0,0,0,0,0,0,0,10,3,0,0,0,0,0,0,0,0,-1,0,0,0,0,0,0,0,0,0
10,1,0,0,0,0,0,0,0,0,0,0,10,3,0,0,0,0,0,0,0,0,-1,0,0,0,0,0,0,0,0,0
16,1,0,0,0,0,0,0,0,0,0,0,16,3,0,0,0,0,0,0,0,0,-1,0,0,0,0,0,0,0,0,0
9,1,0,0,0,0,0,0,0,0,0,0,9,3,0,0,0,0,0,0,0,0,-1,0,0,0,0,0,0,0,0,0
10,1,0,0,0,0,0,0,0,0,0,0,10,2,0,0,0,0,0,0,0,0,-1,0,0,0,0,0,0,0,0,0
12,1,0,0,0,0,0,0,0,0,0,0,12,3,0,0,0,0,0,0,0,0,-1,0,0,0,0,0,0,0,0,0
13,2,0,0,0,0,0,0,0,0,0,1,13,2,0,0,0,0,0,0,0,0,-1,0,0,0,0,0,0,0,0,0
11,1,0,0,0,0,0,0,0,0,0,0,11,3,0,0,0,0,0,0,0,0,-1,0,0,0,0,0,0,0,0,0
16,1,0,0,0,0,0,0,0,0,0,0,16,3,0,0,0,0,0,0,0,0,-1,0,0,0,0,0,0,0,0,0
11,1,0,0,0,0,0,0,0,0,0,0,11,3,0,0,0,0,0,0,0,0,-1,0,0,0,0,0,0,0,0,0
13,1,0,0,0,0,0,0,0,0,0,0,13,3,0,0,0,0,0,0,0,0,-1,0,0,0,0,0,0,0,0,0
13,1,0,0,0,0,0,0,0,0,0,0,13,3,0,0,0,0,0,0,0,0,-1,0,0,0,0,0,0,0,0,0
13,1,0,0,0,0,0,0,0,0,0,0,13,3,0,0,0,0,0,0,0,0,-1,0,0,0,0,0,0,0,0,0
17,1,0,0,0,0,0,0,0,0,0,0,17,3,0,0,0,0,0,0,0,0,-1,0,0,0,0,0,0,0,0,0
10,1,0,0,0,0,0,0,0,0,0,0,10,2,0,0,0,0,0,0,0,0,-1,0,0,0,0,0,0,0,0,0
7,1,0,0,0,0,0,0,0,0,0,0,7,3,0,0,0,0,0,0,0,0,-1,0,0,0,0,0,0,0,0,0
8,1,0,0,0,0,0,0,0,0,0,0,8,3,0,0,0,0,0,0,0,0,-1,0,0,0,0,0,0,0,0,0
7,1,0,0,0,0,0,0,0,0,0,0,7,2,0,0,0,0,0,0,0,0,-1,0,0,0,0,0,0,0,0,0
12,1,0,0,0,0,0,0,0,0,0,0,12,3,0,0,0,0,0,0,0,0,-1,0,0,0,0,0,0,0,0,0
11,1,0,0,0,0,0,0,0,0,0,0,11,2,0,0,0,0,0,0,0,0,-1,0,0,0,0,0,0,0,0,0
10,1,0,0,0,0,0,0,0,0,0,0,10,3,0,0,0,0,0,0,0,0,-1,0,0,0,0,0,0,0,0,0
10,1,0,0,0,0,0,0,0,0,0,0,10,3,0,0,0,0,0,0,0,0,-1,0,0,0,0,0,0,0,0,0
11,1,0,0,0,0,0,0,0,0,0,0,11,3,0,0,0,0,0,0,0,0,-1,0,0,0,0,0,0,0,0,0
15,1,0,0,0,0,0,0,0,0,0,0,15,3,0,0,0,0,0,0,0,0,-1,0,0,0,0,0,0,0,0,0
10,1,0,0,0,0,0,0,0,0,0,0,10,3,0,0,0,0,0,0,0,0,-1,0,0,0,0,0,0,0,0,0
10,1,0,0,0,0,0,0,0,0,0,0,10,3,0,0,0,0,0,0,0,0,-1,0,0,0,0,0,0,0,0,0
9,1,0,0,0,0,0,0,0,0,0,0,9,3,0,0,0,0,0,0,0,0,-1,0,0,0,0,0,0,0,0,0
27,1,0,2,0,0,0,0,0,0,0,0,27,3,0,0,0,0,0,0,0,0,-1,0,0,0,0,0,0,0,0,0
6,1,0,0,0,0,0,0,0,0,0,0,6,2,0,0,0,0,0,0,0,0,-1,0,0,0,0,0,0,0,0,0
11,1,0,0,0,0,0,0,0,0,0,0,11,3,0,0,0,0,0,0,0,0,-1,0,0,0,0,0,0,0,0,0
13,1,0,0,0,0,0,0,0,0,0,0,13,3,0,0,0,0,0,0,0,0,-1,0,0,0,0,0,0,0,0,0
9,2,0,0,0,0,0,0,0,0,0,1,9,2,0,0,0,0,0,0,0,0,-1,0,0,0,0,0,0,0,0,0
8,1,0,0,0,0,0,0,0,0,0,0,8,3,0,0,0,0,0,0,0,0,-1,0,0,0,0,0,0,0,0,0
11,1,0,0,0,0,0,0,0,0,0,0,11,3,0,0,0,0,0,0,0,0,-1,0,0,0,0,0,0,0,0,0
5,1,0,0,0,0,0,0,0,0,0,0,5,2,0,0,0,0,0,0,0,0,-1,0,0,0,0,0,0,0,0,0
17,1,0,0,0,0,0,0,0,0,0,0,17,3,0,0,0,0,0,0,0,0,-1,0,0,0,0,0,0,0,0,0
13,1,0,0,0,0,0,0,0,0,0,0,13,3,0,0,0,0,0,0,0,0,-1,0,0,0,0,0,0,0,0,0
19,1,0,0,0,0,0,0,0,0,0,0,19,3,0,0,0,0,0,0,0,0,-1,0,0,0,0,0,0,0,0,0
14,1,0,0,0,0,0,0,0,0,0,0,14,3,0,0,0,0,0,0,0,0,-1,0,0,0,0,0,0,0,0,0
12,1,0,0,0,0,0,0,0,0,0,0,12,3,0,0,0,0,0,0,0,0,-1,0,0,0,0,0,0,0,0,0
11,1,0,0,0,0,0,0,0,0,0,0,11,3,0,0,0,0,0,0,0,0,-1,0,0,0,0,0,0,0,0,0
11,1,0,0,0,0,0,0,0,0,0,0,11,3,0,0,0,0,0,0,0,0,-1,0,0,0,0,0,0,0,0,0
9,1,0,0,0,0,0,0,0,0,0,0,9,2,0,0,0,0,0,0,0,0,-1,0,0,0,0,0,0,0,0,0
13,1,0,0,0,0,0,0,0,0,0,0,13,3,0,0,0,0,0,0,0,0,-1,0,0,0,0,0,0,0,0,0
13,1,0,0,0,0,0,0,0,0,0,0,13,3,0,0,0,0,0,0,0,0,-1,0,0,0,0,0,0,0,0,0
10,1,0,0,0,0,0,0,0,0,0,0,10,2,0,0,0,0,0,0,0,0,-1,0,0,0,0,0,0,0,0,0
8,1,0,0,0,0,0,0,0,0,0,0,8,3,0,0,0,0,0,0,0,0,-1,0,0,0,0,0,0,0,0,0
10,1,0,0,0,0,0,0,0,0,0,0,10,3,0,0,0,0,0,0,0,0,-1,0,0,0,0,0,0,0,0,0
13,1,0,0,0,0,0,0,0,0,0,0,13,3,0,0,0,0,0,0,0,0,-1,0,0,0,0,0,0,0,0,0
6,1,0,0,0,0,0,0,0,0,0,0,6,2,0,0,0,0,0,0,0,0,-1,0,0,0,0,0,0,0,0,0
10,1,0,0,0,0,0,0,0,0,0,0,10,3,0,0,0,0,0,0,0,0,-1,0,0,0,0,0,0,0,0,0
14,1,0,0,0,0,0,0,0,0,0,0,14,3,0,0,0,0,0,0,0,0,-1,0,0,0,0,0,0,0,0,0
17,1,0,0,0,0,0,0,0,0,0,0,17,3,0,0,0,0,0,0,0,0,-1,0,0,0,0,0,0,0,0,0
12,1,0,0,0,0,0,0,0,0,0,0,12,2,0,0,0,0,0,0,0,0,-1,0,0,0,0,0,0,0,0,0
12,1,0,0,0,0,0,0,0,0,0,0,12,3,0,0,0,0,0,0,0,0,-1,0,0,0,0,0,0,0,0,0
21,1,0,0,0,0,0,0,0,0,0,0,21,3,0,0,0,0,0,0,0,0,-1,0,0,0,0,0,0,0,0,0
8,1,0,0,0,0,0,0,0,0,0,0,8,3,0,0,0,0,0,0,0,0,-1,0,0,0,0,0,0,0,0,0
12,1,0,0,0,0,0,0,0,0,0,0,12,3,0,0,0,0,0,0,0,0,-1,0,0,0,0,0,0,0,0,0
10,1,0,0,0,0,0,0,0,0,0,0,10,3,0,0,0,0,0,0,0,0,-1,0,0,0,0,0,0,0,0,0
15,1,0,0,0,0,0,0,0,0,0,0,15,3,0,0,0,0,0,0,0,0,-1,0,0,0,0,0,0,0,0,0
14,1,0,0,0,0,0,0,0,0,0,0,14,3,0,0,0,0,0,0,0,0,-1,0,0,0,0,0,0,0,0,0
13,1,0,0,0,0,0,0,0,0,0,0,13,3,0,0,0,0,0,0,0,0,-1,0,0,0,0,0,0,0,0,0
14,1,0,0,0,0,0,0,0,0,0,0,14,3,0,0,0,0,0,0,0,0,-1,0,0,0,0,0,0,0,0,0
10,1,0,0,0,0,0,0,0,0,0,0,10,3,0,0,0,0,0,0,0,0,-1,0,0,0,0,0,0,0,0,0
16,1,0,0,0,0,0,0,0,0,0,0,16,3,0,0,0,0,0,0,0,0,-1,0,0,0,0,0,0,0,0,0
15,1,0,0,0,0,0,0,0,0,0,0,15,3,0,0,0,0,0,0,0,0,-1,0,0,0,0,0,0,0,0,0
12,1,0,0,0,0,0,0,0,0,0,0,12,2,0,0,0,0,0,0,0,0,-1,0,0,0,0,0,0,0,0,0
9,1,0,0,0,0,0,0,0,0,0,0,9,3,0,0,0,0,0,0,0,0,-1,0,0,0,0,0,0,0,0,0
9,2,0,0,0,0,0,0,0,0,0,1,9,2,0,0,0,0,0,0,0,0,-1,0,0,0,0,0,0,0,0,0
13,1,0,0,0,0,0,0,0,0,0,0,13,3,0,0,0,0,0,0,0,0,-1,0,0,0,0,0,0,0,0,0
10,1,0,0,0,0,0,0,0,0,0,0,10,3,0,0,0,0,0,0,0,0,-1,0,0,0,0,0,0,0,0,0
17,1,0,2,0,0,0,0,0,0,0,0,17,3,0,0,0,0,0,0,0,0,-1,0,0,0,0,0,0,0,0,0
14,1,0,0,0,0,0,0,0,0,0,0,14,3,0,0,0,0,0,0,0,0,-1,0,0,0,0,0,0,0,0,0
9,2,0,0,0,0,0,0,0,0,0,1,9,2,0,0,0,0,0,0,0,0,-1,0,0,0,0,0,0,0,0,0
9,1,0,0,0,0,0,0,0,0,0,0,9,3,0,0,0,0,0,0,0,0,-1,0,0,0,0,0,0,0,0,0
9,1,0,0,0,0,0,0,0,0,0,0,9,2,0,0,0,0,0,0,0,0,-1,0,0,0,0,0,0,0,0,0
14,1,0,0,0,0,0,0,0,0,0,0,14,8,0,0,0,0,0,0,0,0,-1,0,0,0,0,0,0,0,0,0
5,1,0,0,0,0,0,0,0,0,0,0,5,2,0,0,0,0,0,0,0,0,-1,0,0,0,0,0,0,0,0,0
13,1,0,0,0,0,0,0,0,0,0,0,13,3,0,0,0,0,0,0,0,0,-1,0,0,0,0,0,0,0,0,0
16,1,0,0,0,0,0,0,0,0,0,0,16,3,0,0,0,0,0,0,0,0,-1,0,0,0,0,0,0,0,0,0
20,1,0,0,0,0,0,0,0,0,0,0,20,3,0,0,0,0,0,0,0,0,-1,0,0,0,0,0,0,0,0,0
10,1,0,0,0,0,0,0,0,0,0,0,10,3,0,0,0,0,0,0,0,0,-1,0,0,0,0,0,0,0,0,0
12,1,0,0,0,0,0,0,0,0,0,0,12,2,0,0,0,0,0,0,0,0,-1,0,0,0,0,0,0,0,0,0
11,1,0,0,0,0,0,0,0,0,0,0,11,3,0,0,0,0,0,0,0,0,-1,0,0,0,0,0,0,0,0,0
6,1,0,0,0,0,0,0,0,0,0,0,6,3,0,0,0,0,0,0,0,0,-1,0,0,0,0,0,0,0,0,0
19,1,0,0,0,0,0,0,0,0,0,0,19,3,0,0,0,0,0,0,0,0,-1,0,0,0,0,0,0,0,0,0
15,1,0,0,0,0,0,0,0,0,0,0,15,3,0,0,0,0,0,0,0,0,-1,0,0,0,0,0,0,0,0,0
13,1,0,0,0,0,0,0,0,0,0,0,13,3,0,0,0,0,0,0,0,0,-1,0,0,0,0,0,0,0,0,0
12,1,0,0,0,0,0,0,0,0,0,0,12,5,0,0,0,0,0,0,0,0,-1,0,0,0,0,0,0,0,0,0
11,1,0,0,0,0,0,0,0,0,0,0,11,2,0,0,0,0,0,0,0,0,-1,0,0,0,0,0,0,0,0,0
10,1,0,0,0,0,0,0,0,0,0,0,10,3,0,0,0,0,0,0,0,0,-1,0,0,0,0,0,0,0,0,0
13,1,0,0,0,0,0,0,0,0,0,0,13,3,0,0,0,0,0,0,0,0,-1,0,0,0,0,0,0,0,0,0
7,1,0,0,0,0,0,0,0,0,0,0,7,2,0,0,0,0,0,0,0,0,-1,0,0,0,0,0,0,0,0,0
11,1,0,0,0,0,0,0,0,0,0,0,11,3,0,0,0,0,0,0,0,0,-1,0,0,0,0,0,0,0,0,0
8,1,0,0,0,0,0,0,0,0,0,0,8,2,0,0,0,0,0,0,0,0,-1,0,0,0,0,0,0,0,0,0
9,1,0,0,0,0,0,0,0,0,0,0,9,2,0,0,0,0,0,0,0,0,-1,0,0,0,0,0,0,0,0,0
10,1,0,0,0,0,0,0,0,0,0,0,10,3,0,0,0,0,0,0,0,0,-1,0,0,0,0,0,0,0,0,0
14,1,0,0,0,0,0,0,0,0,0,0,14,3,0,0,0,0,0,0,0,0,-1,0,0,0,0,0,0,0,0,0
11,1,0,0,0,0,0,0,0,0,0,0,11,3,0,0,0,0,0,0,0,0,-1,0,0,0,0,0,0,0,0,0
7,1,0,0,0,0,0,0,0,0,0,0,7,2,0,0,0,0,0,0,0,0,-1,0,0,0,0,0,0,0,0,0
17,1,0,0,0,0,0,0,0,0,0,0,17,3,0,0,0,0,0,0,0,0,-1,0,0,0,0,0,0,0,0,0
10,1,0,0,0,0,0,0,0,0,0,0,10,3,0,0,0,0,0,0,0,0,-1,0,0,0,0,0,0,0,0,0
9,1,0,0,0,0,0,0,0,0,0,0,9,3,0,0,0,0,0,0,0,0,-1,0,0,0,0,0,0,0,0,0
12,2,0,0,0,0,0,0,0,0,0,1,12,2,0,0,0,0,0,0,0,0,-1,0,0,0,0,0,0,0,0,0
15,1,0,0,0,0,0,0,0,0,0,0,15,3,0,0,0,0,0,0,0,0,-1,0,0,0,0,0,0,0,0,0
12,1,0,0,0,0,0,0,0,0,0,0,12,2,0,0,0,0,0,0,0,0,-1,0,0,0,0,0,0,0,0,0
13,1,0,0,0,0,0,0,0,0,0,0,13,3,0,0,0,0,0,0,0,0,-1,0,0,0,0,0,0,0,0,0
9,1,0,0,0,0,0,0,0,0,0,0,9,3,0,0,0,0,0,0,0,0,-1,0,0,0,0,0,0,0,0,0
11,1,0,0,0,0,0,0,0,0,0,0,11,2,0,0,0,0,0,0,0,0,-1,0,0,0,0,0,0,0,0,0
13,1,0,0,0,0,0,0,0,0,0,0,13,3,0,0,0,0,0,0,0,0,-1,0,0,0,0,0,0,0,0,0
10,1,0,0,0,0,0,0,0,0,0,0,10,3,0,0,0,0,0,0,0,0,-1,0,0,0,0,0,0,0,0,0
7,1,0,0,0,0,0,0,0,0,0,0,7,3,0,0,0,0,0,0,0,0,-1,0,0,0,0,0,0,0,0,0
16,1,0,0,0,0,0,0,0,0,0,0,16,3,0,0,0,0,0,0,0,0,-1,0,0,0,0,0,0,0,0,0
20,1,0,1,0,0,0,0,0,0,0,0,20,3,0,0,0,0,0,0,0,0,-1,0,0,0,0,0,0,0,0,0
11,1,0,0,0,0,0,0,0,0,0,0,11,3,0,0,0,0,0,0,0,0,-1,0,0,0,0,0,0,0,0,0
9,1,0,0,0,0,0,0,0,0,0,0,9,2,0,0,0,0,0,0,0,0,-1,0,0,0,0,0,0,0,0,0
11,1,0,0,0,0,0,0,0,0,0,0,11,3,0,0,0,0,0,0,0,0,-1,0,0,0,0,0,0,0,0,0
7,1,0,0,0,0,0,0,0,0,0,0,7,3,0,0,0,0,0,0,0,0,-1,0,0,0,0,0,0,0,0,0
18,1,0,0,0,0,0,0,0,0,0,0,18,3,0,0,0,0,0,0,0,0,-1,0,0,0,0,0,0,0,0,0
10,1,0,0,0,0,0,0,0,0,0,0,10,2,0,0,0,0,0,0,0,0,-1,0,0,0,0,0,0,0,0,0
11,1,0,0,0,0,0,0,0,0,0,0,11,3,0,0,0,0,0,0,0,0,-1,0,0,0,0,0,0,0,0,0
11,2,0,0,0,0,0,0,0,0,0,1,11,2,0,0,0,0,0,0,0,0,-1,0,0,0,0,0,0,0,0,0
13,1,0,0,0,0,0,0,0,0,0,0,13,2,0,0,0,0,0,0,0,0,-1,0,0,0,0,0,0,0,0,0
10,1,0,0,0,0,0,0,0,0,0,0,10,4,0,0,0,0,0,0,0,0,-1,0,0,0,0,0,0,0,0,0
12,1,0,0,0,0,0,0,0,0,0,0,12,3,0,0,0,0,0,0,0,0,-1,0,0,0,0,0,0,0,0,0
10,1,0,0,0,0,0,0,0,0,0,0,10,3,0,0,0,0,0,0,0,0,-1,0,0,0,0,0,0,0,0,0
10,1,0,0,0,0,0,0,0,0,0,0,10,3,0,0,0,0,0,0,0,0,-1,0,0,0,0,0,0,0,0,0
7,1,0,0,0,0,0,0,0,0,0,0,7,2,0,0,0,0,0,0,0,0,-1,0,0,0,0,0,0,0,0,0
12,1,0,0,0,0,0,0,0,0,0,0,12,3,0,0,0,0,0,0,0,0,-1,0,0,0,0,0,0,0,0,0
15,1,0,0,0,0,0,0,0,0,0,0,15,3,0,0,0,0,0,0,0,0,-1,0,0,0,0,0,0,0,0,0
10,1,0,0,0,0,0,0,0,0,0,0,10,3,0,0,0,0,0,0,0,0,-1,0,0,0,0,0,0,0,0,0
14,2,0,0,0,0,0,0,0,0,0,1,14,2,0,0,0,0,0,0,0,0,-1,0,0,0,0,0,0,0,0,0
16,1,0,0,0,0,0,0,0,0,0,0,16,3,0,0,0,0,0,0,0,0,-1,0,0,0,0,0,0,0,0,0
7,1,0,0,0,0,0,0,0,0,0,0,7,3,0,0,0,0,0,0,0,0,-1,0,0,0,0,0,0,0,0,0
10,1,0,0,0,0,0,0,0,0,0,0,10,3,0,0,0,0,0,0,0,0,-1,0,0,0,0,0,0,0,0,0
14,1,0,0,0,0,0,0,0,0,0,0,14,3,0,0,0,0,0,0,0,0,-1,0,0,0,0,0,0,0,0,0
18,1,0,0,0,0,0,0,0,0,0,0,18,3,0,0,0,0,0,0,0,0,-1,0,0,0,0,0,0,0,0,0
11,1,0,0,0,0,0,0,0,0,0,0,11,3,0,0,0,0,0,0,0,0,-1,0,0,0,0,0,0,0,0,0
16,1,0,0,0,0,0,0,0,0,0,0,16,3,0,0,0,0,0,0,0,0,-1,0,0,0,0,0,0,0,0,0
15,1,0,0,0,0,0,0,0,0,0,0,15,3,0,0,0,0,0,0,0,0,-1,0,0,0,0,0,0,0,0,0
10,1,0,0,0,0,0,0,0,0,0,0,10,3,0,0,0,0,0,0,0,0,-1,0,0,0,0,0,0,0,0,0
8,1,0,0,0,0,0,0,0,0,0,0,8,3,0,0,0,0,0,0,0,0,-1,0,0,0,0,0,0,0,0,0
13,1,0,0,0,0,0,0,0,0,0,0,13,3,0,0,0,0,0,0,0,0,-1,0,0,0,0,0,0,0,0,0
9,1,0,0,0,0,0,0,0,0,0,0,9,2,0,0,0,0,0,0,0,0,-1,0,0,0,0,0,0,0,0,0
9,1,0,0,0,0,0,0,0,0,0,0,9,3,0,0,0,0,0,0,0,0,-1,0,0,0,0,0,0,0,0,0
9,1,0,0,0,0,0,0,0,0,0,0,9,2,0,0,0,0,0,0,0,0,-1,0,0,0,0,0,0,0,0,0
7,1,0,0,0,0,0,0,0,0,0,0,7,3,0,0,0,0,0,0,0,0,-1,0,0,0,0,0,0,0,0,0
7,1,0,0,0,0,0,0,0,0,0,0,7,3,0,0,0,0,0,0,0,0,-1,0,0,0,0,0,0,0,0,0
11,1,0,0,0,0,0,0,0,0,0,0,11,3,0,0,0,0,0,0,0,0,-1,0,0,0,0,0,0,0,0,0
8,1,0,0,0,0,0,0,0,0,0,0,8,2,0,0,0,0,0,0,0,0,-1,0,0,0,0,0,0,0,0,0
11,1,0,0,0,0,0,0,0,0,0,0,11,3,0,0,0,0,0,0,0,0,-1,0,0,0,0,0,0,0,0,0
11,1,0,0,0,0,0,0,0,0,0,0,11,3,0,0,0,0,0,0,0,0,-1,0,0,0,0,0,0,0,0,0
12,1,0,0,0,0,0,0,0,0,0,0,12,3,0,0,0,0,0,0,0,0,-1,0,0,0,0,0,0,0,0,0
12,1,0,1,0,0,0,0,0,0,0,0,12,3,0,0,0,0,0,0,0,0,-1,0,0,0,0,0,0,0,0,0
9,1,0,0,0,0,0,0,0,0,0,0,9,3,0,0,0,0,0,0,0,0,-1,0,0,0,0,0,0,0,0,0
11,1,0,0,0,0,0,0,0,0,0,0,11,3,0,0,0,0,0,0,0,0,-1,0,0,0,0,0,0,0,0,0
16,1,0,0,0,0,0,0,0,0,0,0,16,3,0,0,0,0,0,0,0,0,-1,0,0,0,0,0,0,0,0,0
8,1,0,0,0,0,0,0,0,0,0,0,8,3,0,0,0,0,0,0,0,0,-1,0,0,0,0,0,0,0,0,0
7,1,0,0,0,0,0,0,0,0,0,0,7,3,0,0,0,0,0,0,0,0,-1,0,0,0,0,0,0,0,0,0
10,1,0,0,0,0,0,0,0,0,0,0,10,3,0,0,0,0,0,0,0,0,-1,0,0,0,0,0,0,0,0,0
7,1,0,0,0,0,0,0,0,0,0,0,7,3,0,0,0,0,0,0,0,0,-1,0,0,0,0,0,0,0,0,0
14,1,0,0,0,0,0,0,0,0,0,0,14,3,0,0,0,0,0,0,0,0,-1,0,0,0,0,0,0,0,0,0
10,1,0,0,0,0,0,0,0,0,0,0,10,3,0,0,0,0,0,0,0,0,-1,0,0,0,0,0,0,0,0,0
13,1,0,0,0,0,0,0,0,0,0,0,13,2,0,0,0,0,0,0,0,0,-1,0,0,0,0,0,0,0,0,0
11,1,0,0,0,0,0,0,0,0,0,0,11,3,0,0,0,0,0,0,0,0,-1,0,0,0,0,0,0,0,0,0
12,1,0,0,0,0,0,0,0,0,0,0,12,3,0,0,0,0,0,0,0,0,-1,0,0,0,0,0,0,0,0,0
11,2,0,0,0,0,0,0,0,0,0,1,11,2,0,0,0,0,0,0,0,0,-1,0,0,0,0,0,0,0,0,0
15,1,0,1,0,0,0,0,0,0,0,0,15,3,0,0,0,0,0,0,0,0,-1,0,0,0,0,0,0,0,0,0
6,1,0,0,0,0,0,0,0,0,0,0,6,3,0,0,0,0,0,0,0,0,-1,0,0,0,0,0,0,0,0,0
6,1,0,0,0,0,0,0,0,0,0,0,6,2,0,0,0,0,0,0,0,0,-1,0,0,0,0,0,0,0,0,0
17,1,0,0,0,0,0,0,0,0,0,0,17,3,0,0,0,0,0,0,0,0,-1,0,0,0,0,0,0,0,0,0
14,1,0,0,0,0,0,0,0,0,0,0,14,3,0,0,0,0,0,0,0,0,-1,0,0,0,0,0,0,0,0,0
7,1,0,0,0,0,0,0,0,0,0,0,7,3,0,0,0,0,0,0,0,0,-1,0,0,0,0,0,0,0,0,0
11,1,0,0,0,0,0,0,0,0,0,0,11,3,0,0,0,0,0,0,0,0,-1,0,0,0,0,0,0,0,0,0
13,1,0,0,0,0,0,0,0,0,0,0,13,2,0,0,0,0,0,0,0,0,-1,0,0,0,0,0,0,0,0,0
7,1,0,0,0,0,0,0,0,0,0,0,7,2,0,0,0,0,0,0,0,0,-1,0,0,0,0,0,0,0,0,0
9,1,0,0,0,0,0,0,0,0,0,0,9,2,0,0,0,0,0,0,0,0,-1,0,0,0,0,0,0,0,0,0
8,1,0,0,0,0,0,0,0,0,0,0,8,3,0,0,0,0,0,0,0,0,-1,0,0,0,0,0,0,0,0,0
14,1,0,0,0,0,0,0,0,0,0,0,14,3,0,0,0,0,0,0,0,0,-1,0,0,0,0,0,0,0,0,0
18,1,0,1,0,0,0,0,0,0,0,0,18,3,0,0,0,0,0,0,0,0,-1,0,0,0,0,0,0,0,0,0
9,1,0,0,0,0,0,0,0,0,0,0,9,2,0,0,0,0,0,0,0,0,-1,0,0,0,0,0,0,0,0,0
12,1,0,0,0,0,0,0,0,0,0,0,12,3,0,0,0,0,0,0,0,0,-1,0,0,0,0,0,0,0,0,0
9,1,0,0,0,0,0,0,0,0,0,0,9,3,0,0,0,0,0,0,0,0,-1,0,0,0,0,0,0,0,0,0
10,1,0,0,0,0,0,0,0,0,0,0,10,3,0,0,0,0,0,0,0,0,-1,0,0,0,0,0,0,0,0,0
8,1,0,0,0,0,0,0,0,0,0,0,8,3,0,0,0,0,0,0,0,0,-1,0,0,0,0,0,0,0,0,0
7,1,0,0,0,0,0,0,0,0,0,0,7,3,0,0,0,0,0,0,0,0,-1,0,0,0,0,0,0,0,0,0
9,1,0,0,0,0,0,0,0,0,0,0,9,2,0,0,0,0,0,0,0,0,-1,0,0,0,0,0,0,0,0,0
8,1,0,0,0,0,0,0,0,0,0,0,8,3,0,0,0,0,0,0,0,0,-1,0,0,0,0,0,0,0,0,0
8,1,0,0,0,0,0,0,0,0,0,0,8,3,0,0,0,0,0,0,0,0,-1,0,0,0,0,0,0,0,0,0
7,1,0,0,0,0,0,0,0,0,0,0,7,3,0,0,0,0,0,0,0,0,-1,0,0,0,0,0,0,0,0,0
11,1,0,0,0,0,0,0,0,0,0,0,11,3,0,0,0,0,0,0,0,0,-1,0,0,0,0,0,0,0,0,0
11,1,0,0,0,0,0,0,0,0,0,0,11,3,0,0,0,0,0,0,0,0,-1,0,0,0,0,0,0,0,0,0
8,1,0,0,0,0,0,0,0,0,0,0,8,3,0,0,0,0,0,0,0,0,-1,0,0,0,0,0,0,0,0,0
12,1,0,0,0,0,0,0,0,0,0,0,12,3,0,0,0,0,0,0,0,0,-1,0,0,0,0,0,0,0,0,0
8,1,0,0,0,0,0,0,0,0,0,0,8,2,0,0,0,0,0,0,0,0,-1,0,0,0,0,0,0,0,0,0
8,1,0,0,0,0,0,0,0,0,0,0,8,2,0,0,0,0,0,0,0,0,-1,0,0,0,0,0,0,0,0,0
11,1,0,0,0,0,0,0,0,0,0,0,11,3,0,0,0,0,0,0,0,0,-1,0,0,0,0,0,0,0,0,0
13,2,0,0,0,0,0,0,0,0,0,1,13,2,0,0,0,0,0,0,0,0,-1,0,0,0,0,0,0,0,0,0
9,1,0,0,0,0,0,0,0,0,0,0,9,3,0,0,0,0,0,0,0,0,-1,0,0,0,0,0,0,0,0,0
13,2,0,0,0,0,0,0,0,0,0,1,13,2,0,0,0,0,0,0,0,0,-1,0,0,0,0,0,0,0,0,0
7,1,0,0,0,0,0,0,0,0,0,0,7,3,0,0,0,0,0,0,0,0,-1,0,0,0,0,0,0,0,0,0
6,1,0,0,0,0,0,0,0,0,0,0,6,3,0,0,0,0,0,0,0,0,-1,0,0,0,0,0,0,0,0,0
14,1,0,0,0,0,0,0,0,0,0,0,14,3,0,0,0,0,0,0,0,0,-1,0,0,0,0,0,0,0,0,0
12,1,0,0,0,0,0,0,0,0,0,0,12,3,0,0,0,0,0,0,0,0,-1,0,0,0,0,0,0,0,0,0
10,1,0,0,0,0,0,0,0,0,0,0,10,3,0,0,0,0,0,0,0,0,-1,0,0,0,0,0,0,0,0,0
10,1,0,0,0,0,0,0,0,0,0,0,10,3,0,0,0,0,0,0,0,0,-1,0,0,0,0,0,0,0,0,0
10,1,0,0,0,0,0,0,0,0,0,0,10,2,0,0,0,0,0,0,0,0,-1,0,0,0,0,0,0,0,0,0
8,1,0,0,0,0,0,0,0,0,0,0,8,2,0,0,0,0,0,0,0,0,-1,0,0,0,0,0,0,0,0,0
7,1,0,0,0,0,0,0,0,0,0,0,7,2,0,0,0,0,0,0,0,0,-1,0,0,0,0,0,0,0,0,0
13,1,0,0,0,0,0,0,0,0,0,0,13,3,0,0,0,0,0,0,0,0,-1,0,0,0,0,0,0,0,0,0
10,1,0,0,0,0,0,0,0,0,0,0,10,3,0,0,0,0,0,0,0,0,-1,0,0,0,0,0,0,0,0,0
13,1,0,0,0,0,0,0,0,0,0,0,13,3,0,0,0,0,0,0,0,0,-1,0,0,0,0,0,0,0,0,0
7,1,0,0,0,0,0,0,0,0,0,0,7,3,0,0,0,0,0,0,0,0,-1,0,0,0,0,0,0,0,0,0
7,1,0,0,0,0,0,0,0,0,0,0,7,2,0,0,0,0,0,0,0,0,-1,0,0,0,0,0,0,0,0,0
9,1,0,0,0,0,0,0,0,0,0,0,9,2,0,0,0,0,0,0,0,0,-1,0,0,0,0,0,0,0,0,0
13,1,0,0,0,0,0,0,0,0,0,0,13,3,0,0,0,0,0,0,0,0,-1,0,0,0,0,0,0,0,0,0
19,1,0,0,0,0,0,0,0,0,0,0,19,3,0,0,0,0,0,0,0,0,-1,0,0,0,0,0,0,0,0,0
14,1,0,0,0,0,0,0,0,0,0,0,14,3,0,0,0,0,0,0,0,0,-1,0,0,0,0,0,0,0,0,0
9,1,0,0,0,0,0,0,0,0,0,0,9,3,0,0,0,0,0,0,0,0,-1,0,0,0,0,0,0,0,0,0
9,1,0,0,0,0,0,0,0,0,0,0,9,2,0,0,0,0,0,0,0,0,-1,0,0,0,0,0,0,0,0,0
16,1,0,0,0,0,0,0,0,0,0,0,16,2,0,0,0,0,0,0,0,0,-1,0,0,0,0,0,0,0,0,0
11,1,0,0,0,0,0,0,0,0,0,0,11,2,0,0,0,0,0,0,0,0,-1,0,0,0,0,0,0,0,0,0
12,1,0,1,0,0,0,0,0,0,0,0,12,3,0,0,0,0,0,0,0,0,-1,0,0,0,0,0,0,0,0,0
10,2,0,0,0,0,0,0,0,0,0,1,10,2,0,0,0,0,0,0,0,0,-1,0,0,0,0,0,0,0,0,0
9,1,0,0,0,0,0,0,0,0,0,0,9,2,0,0,0,0,0,0,0,0,-1,0,0,0,0,0,0,0,0,0
10,1,0,0,0,0,0,0,0,0,0,0,10,3,0,0,0,0,0,0,0,0,-1,0,0,0,0,0,0,0,0,0
11,1,0,0,0,0,0,0,0,0,0,0,11,2,0,0,0,0,0,0,0,0,-1,0,0,0,0,0,0,0,0,0
12,1,0,0,0,0,0,0,0,0,0,0,12,3,0,0,0,0,0,0,0,0,-1,0,0,0,0,0,0,0,0,0
9,1,0,0,0,0,0,0,0,0,0,0,9,2,0,0,0,0,0,0,0,0,-1,0,0,0,0,0,0,0,0,0
13,1,0,0,0,0,0,0,0,0,0,0,13,3,0,0,0,0,0,0,0,0,-1,0,0,0,0,0,0,0,0,0
12,1,0,0,0,0,0,0,0,0,0,0,12,3,0,0,0,0,0,0,0,0,-1,0,0,0,0,0,0,0,0,0
11,1,0,0,0,0,0,0,0,0,0,0,11,2,0,0,0,0,0,0,0,0,-1,0,0,0,0,0,0,0,0,0
9,1,0,0,0,0,0,0,0,0,0,0,9,3,0,0,0,0,0,0,0,0,-1,0,0,0,0,0,0,0,0,0
6,1,0,0,0,0,0,0,0,0,0,0,6,2,0,0,0,0,0,0,0,0,-1,0,0,0,0,0,0,0,0,0
7,1,0,0,0,0,0,0,0,0,0,0,7,2,0,0,0,0,0,0,0,0,-1,0,0,0,0,0,0,0,0,0
11,1,0,0,0,0,0,0,0,0,0,0,11,3,0,0,0,0,0,0,0,0,-1,0,0,0,0,0,0,0,0,0
9,1,0,0,0,0,0,0,0,0,0,0,9,3,0,0,0,0,0,0,0,0,-1,0,0,0,0,0,0,0,0,0
10,1,0,0,0,0,0,0,0,0,0,0,10,3,0,0,0,0,0,0,0,0,-1,0,0,0,0,0,0,0,0,0
15,1,0,0,0,0,0,0,0,0,0,0,15,3,0,0,0,0,0,0,0,0,-1,0,0,0,0,0,0,0,0,0
7,1,0,0,0,0,0,0,0,0,0,0,7,3,0,0,0,0,0,0,0,0,-1,0,0,0,0,0,0,0,0,0
14,1,0,0,0,0,0,0,0,0,0,0,14,3,0,0,0,0,0,0,0,0,-1,0,0,0,0,0,0,0,0,0
9,1,0,0,0,0,0,0,0,0,0,0,9,3,0,0,0,0,0,0,0,0,-1,0,0,0,0,0,0,0,0,0
11,1,0,0,0,0,0,0,0,0,0,0,11,3,0,0,0,0,0,0,0,0,-1,0,0,0,0,0,0,0,0,0
7,1,0,0,0,0,0,0,0,0,0,0,7,3,0,0,0,0,0,0,0,0,-1,0,0,0,0,0,0,0,0,0
8,1,0,0,0,0,0,0,0,0,0,0,8,3,0,0,0,0,0,0,0,0,-1,0,0,0,0,0,0,0,0,0
20,1,0,0,0,0,0,0,0,0,0,0,20,3,0,0,0,0,0,0,0,0,-1,0,0,0,0,0,0,0,0,0
7,1,0,0,0,0,0,0,0,0,0,0,7,3,0,0,0,0,0,0,0,0,-1,0,0,0,0,0,0,0,0,0
5,1,0,0,0,0,0,0,0,0,0,0,5,2,0,0,0,0,0,0,0,0,-1,0,0,0,0,0,0,0,0,0
6,1,0,0,0,0,0,0,0,0,0,0,6,3,0,0,0,0,0,0,0,0,-1,0,0,0,0,0,0,0,0,0
10,1,0,0,0,0,0,0,0,0,0,0,10,3,0,0,0,0,0,0,0,0,-1,0,0,0,0,0,0,0,0,0
6,1,0,0,0,0,0,0,0,0,0,0,6,3,0,0,0,0,0,0,0,0,-1,0,0,0,0,0,0,0,0,0
12,2,0,0,0,0,0,0,0,0,0,1,12,2,0,0,0,0,0,0,0,0,-1,0,0,0,0,0,0,0,0,0
11,1,0,0,0,0,0,0,0,0,0,0,11,3,0,0,0,0,0,0,0,0,-1,0,0,0,0,0,0,0,0,0
11,1,0,0,0,0,0,0,0,0,0,0,11,3,0,0,0,0,0,0,0,0,-1,0,0,0,0,0,0,0,0,0
10,1,0,0,0,0,0,0,0,0,0,0,10,2,0,0,0,0,0,0,0,0,-1,0,0,0,0,0,0,0,0,0
22,1,0,0,0,0,0,0,0,0,0,0,22,3,0,0,0,0,0,0,0,0,-1,0,0,0,0,0,0,0,0,0
17,1,0,0,0,0,0,0,0,0,0,0,17,3,0,0,0,0,0,0,0,0,-1,0,0,0,0,0,0,0,0,0
12,1,0,0,0,0,0,0,0,0,0,0,12,3,0,0,0,0,0,0,0,0,-1,0,0,0,0,0,0,0,0,0
12,1,0,0,0,0,0,0,0,0,0,0,12,3,0,0,0,0,0,0,0,0,-1,0,0,0,0,0,0,0,0,0
11,1,0,0,0,0,0,0,0,0,0,0,11,3,0,0,0,0,0,0,0,0,-1,0,0,0,0,0,0,0,0,0
13,1,0,0,0,0,0,0,0,0,0,0,13,3,0,0,0,0,0,0,0,0,-1,0,0,0,0,0,0,0,0,0
16,1,0,1,0,0,0,0,0,0,0,0,16,3,0,0,0,0,0,0,0,0,-1,0,0,0,0,0,0,0,0,0
11,1,0,0,0,0,0,0,0,0,0,0,11,3,0,0,0,0,0,0,0,0,-1,0,0,0,0,0,0,0,0,0
15,1,0,0,0,0,0,0,0,0,0,0,15,3,0,0,0,0,0,0,0,0,-1,0,0,0,0,0,0,0,0,0
11,1,0,0,0,0,0,0,0,0,0,0,11,2,0,0,0,0,0,0,0,0,-1,0,0,0,0,0,0,0,0,0
12,1,0,0,0,0,0,0,0,0,0,0,12,3,0,0,0,0,0,0,0,0,-1,0,0,0,0,0,0,0,0,0
7,1,0,0,0,0,0,0,0,0,0,0,7,3,0,0,0,0,0,0,0,0,-1,0,0,0,0,0,0,0,0,0
7,1,0,0,0,0,0,0,0,0,0,0,7,2,0,0,0,0,0,0,0,0,-1,0,0,0,0,0,0,0,0,0
10,1,0,0,0,0,0,0,0,0,0,0,10,3,0,0,0,0,0,0,0,0,-1,0,0,0,0,0,0,0,0,0
8,1,0,0,0,0,0,0,0,0,0,0,8,3,0,0,0,0,0,0,0,0,-1,0,0,0,0,0,0,0,0,0
11,1,0,0,0,0,0,0,0,0,0,0,11,3,0,0,0,0,0,0,0,0,-1,0,0,0,0,0,0,0,0,0
14,1,0,0,0,0,0,0,0,0,0,0,14,3,0,0,0,0,0,0,0,0,-1,0,0,0,0,0,0,0,0,0
17,1,0,1,0,0,0,0,0,0,0,0,17,3,0,0,0,0,0,0,0,0,-1,0,0,0,0,0,0,0,0,0
7,1,0,0,0,0,0,0,0,0,0,0,7,2,0,0,0,0,0,0,0,0,-1,0,0,0,0,0,0,0,0,0
9,1,0,0,0,0,0,0,0,0,0,0,9,2,0,0,0,0,0,0,0,0,-1,0,0,0,0,0,0,0,0,0
9,1,0,0,0,0,0,0,0,0,0,0,9,3,0,0,0,0,0,0,0,0,-1,0,0,0,0,0,0,0,0,0
15,1,0,0,0,0,0,0,0,0,0,0,15,3,0,0,0,0,0,0,0,0,-1,0,0,0,0,0,0,0,0,0
12,1,0,1,0,0,0,0,0,0,0,0,12,3,0,0,0,0,0,0,0,0,-1,0,0,0,0,0,0,0,0,0
9,1,0,0,0,0,0,0,0,0,0,0,9,3,0,0,0,0,0,0,0,0,-1,0,0,0,0,0,0,0,0,0
13,1,0,0,0,0,0,0,0,0,0,0,13,3,0,0,0,0,0,0,0,0,-1,0,0,0,0,0,0,0,0,0
12,1,0,0,0,0,0,0,0,0,0,0,12,2,0,0,0,0,0,0,0,0,-1,0,0,0,0,0,0,0,0,0
9,1,0,0,0,0,0,0,0,0,0,0,9,2,0,0,0,0,0,0,0,0,-1,0,0,0,0,0,0,0,0,0
13,1,0,0,0,0,0,0,0,0,0,0,13,3,0,0,0,0,0,0,0,0,-1,0,0,0,0,0,0,0,0,0
18,1,0,0,0,0,0,0,0,0,0,0,18,3,0,0,0,0,0,0,0,0,-1,0,0,0,0,0,0,0,0,0
18,1,0,0,0,0,0,0,0,0,0,0,18,3,0,0,0,0,0,0,0,0,-1,0,0,0,0,0,0,0,0,0
15,1,0,0,0,0,0,0,0,0,0,0,15,3,0,0,0,0,0,0,0,0,-1,0,0,0,0,0,0,0,0,0
11,1,0,0,0,0,0,0,0,0,0,0,11,2,0,0,0,0,0,0,0,0,-1,0,0,0,0,0,0,0,0,0
12,1,0,0,0,0,0,0,0,0,0,0,12,3,0,0,0,0,0,0,0,0,-1,0,0,0,0,0,0,0,0,0
7,1,0,0,0,0,0,0,0,0,0,0,7,3,0,0,0,0,0,0,0,0,-1,0,0,0,0,0,0,0,0,0
10,1,0,0,0,0,0,0,0,0,0,0,10,3,0,0,0,0,0,0,0,0,-1,0,0,0,0,0,0,0,0,0
12,1,0,0,0,0,0,0,0,0,0,0,12,3,0,0,0,0,0,0,0,0,-1,0,0,0,0,0,0,0,0,0
7,1,0,0,0,0,0,0,0,0,0,0,7,2,0,0,0,0,0,0,0,0,-1,0,0,0,0,0,0,0,0,0
14,1,0,0,0,0,0,0,0,0,0,0,14,3,0,0,0,0,0,0,0,0,-1,0,0,0,0,0,0,0,0,0
8,1,0,0,0,0,0,0,0,0,0,0,8,2,0,0,0,0,0,0,0,0,-1,0,0,0,0,0,0,0,0,0
14,1,0,1,0,0,0,0,0,0,0,0,14,3,0,0,0,0,0,0,0,0,-1,0,0,0,0,0,0,0,0,0
13,2,0,0,0,0,0,0,0,0,0,1,13,2,0,0,0,0,0,0,0,0,-1,0,0,0,0,0,0,0,0,0
8,1,0,0,0,0,0,0,0,0,0,0,8,3,0,0,0,0,0,0,0,0,-1,0,0,0,0,0,0,0,0,0
9,1,0,0,0,0,0,0,0,0,0,0,9,3,0,0,0,0,0,0,0,0,-1,0,0,0,0,0,0,0,0,0
9,1,0,0,0,0,0,0,0,0,0,0,9,3,0,0,0,0,0,0,0,0,-1,0,0,0,0,0,0,0,0,0
14,1,0,0,0,0,0,0,0,0,0,0,14,3,0,0,0,0,0,0,0,0,-1,0,0,0,0,0,0,0,0,0
8,1,0,0,0,0,0,0,0,0,0,0,8,2,0,0,0,0,0,0,0,0,-1,0,0,0,0,0,0,0,0,0
18,1,0,0,0,0,0,0,0,0,0,0,18,3,0,0,0,0,0,0,0,0,-1,0,0,0,0,0,0,0,0,0
11,1,0,0,0,0,0,0,0,0,0,0,11,3,0,0,0,0,0,0,0,0,-1,0,0,0,0,0,0,0,0,0
12,2,0,0,0,0,0,0,0,0,0,1,12,2,0,0,0,0,0,0,0,0,-1,0,0,0,0,0,0,0,0,0
13,1,0,0,0,0,0,0,0,0,0,0,13,6,0,0,0,0,0,0,0,0,-1,0,0,0,0,0,0,0,0,0
10,1,0,0,0,0,0,0,0,0,0,0,10,3,0,0,0,0,0,0,0,0,-1,0,0,0,0,0,0,0,0,0
8,1,0,0,0,0,0,0,0,0,0,0,8,3,0,0,0,0,0,0,0,0,-1,0,0,0,0,0,0,0,0,0
15,1,0,0,0,0,0,0,0,0,0,0,15,3,0,0,0,0,0,0,0,0,-1,0,0,0,0,0,0,0,0,0
13,1,0,0,0,0,0,0,0,0,0,0,13,3,0,0,0,0,0,0,0,0,-1,0,0,0,0,0,0,0,0,0
6,1,0,0,0,0,0,0,0,0,0,0,6,2,0,0,0,0,0,0,0,0,-1,0,0,0,0,0,0,0,0,0
11,1,0,0,0,0,0,0,0,0,0,0,11,7,0,0,0,0,0,0,0,0,-1,0,0,0,0,0,0,0,0,0
17,1,0,0,0,0,0,0,0,0,0,0,17,3,0,0,0,0,0,0,0,0,-1,0,0,0,0,0,0,0,0,0
10,1,0,0,0,0,0,0,0,0,0,0,10,3,0,0,0,0,0,0,0,0,-1,0,0,0,0,0,0,0,0,0
16,1,0,1,0,0,0,0,0,0,0,0,16,3,0,0,0,0,0,0,0,0,-1,0,0,0,0,0,0,0,0,0
8,1,0,0,0,0,0,0,0,0,0,0,8,3,0,0,0,0,0,0,0,0,-1,0,0,0,0,0,0,0,0,0
13,1,0,1,0,0,0,0,0,0,0,0,13,3,0,0,0,0,0,0,0,0,-1,0,0,0,0,0,0,0,0,0
13,1,0,0,0,0,0,0,0,0,0,0,13,3,0,0,0,0,0,0,0,0,-1,0,0,0,0,0,0,0,0,0
14,1,0,0,0,0,0,0,0,0,0,0,14,3,0,0,0,0,0,0,0,0,-1,0,0,0,0,0,0,0,0,0
9,1,0,0,0,0,0,0,0,0,0,0,9,3,0,0,0,0,0,0,0,0,-1,0,0,0,0,0,0,0,0,0
17,1,0,0,0,0,0,0,0,0,0,0,17,3,0,0,0,0,0,0,0,0,-1,0,0,0,0,0,0,0,0,0
11,1,0,0,0,0,0,0,0,0,0,0,11,3,0,0,0,0,0,0,0,0,-1,0,0,0,0,0,0,0,0,0
9,1,0,0,0,0,0,0,0,0,0,0,9,3,0,0,0,0,0,0,0,0,-1,0,0,0,0,0,0,0,0,0
7,1,0,0,0,0,0,0,0,0,0,0,7,3,0,0,0,0,0,0,0,0,-1,0,0,0,0,0,0,0,0,0
10,1,0,0,0,0,0,0,0,0,0,0,10,3,0,0,0,0,0,0,0,0,-1,0,0,0,0,0,0,0,0,0
17,1,0,0,0,0,0,0,0,0,0,0,17,3,0,0,0,0,0,0,0,0,-1,0,0,0,0,0,0,0,0,0
14,1,0,0,0,0,0,0,0,0,0,0,14,3,0,0,0,0,0,0,0,0,-1,0,0,0,0,0,0,0,0,0
12,2,0,0,0,0,0,0,0,0,0,1,12,2,0,0,0,0,0,0,0,0,-1,0,0,0,0,0,0,0,0,0
10,1,0,0,0,0,0,0,0,0,0,0,10,2,0,0,0,0,0,0,0,0,-1,0,0,0,0,0,0,0,0,0
10,1,0,0,0,0,0,0,0,0,0,0,10,3,0,0,0,0,0,0,0,0,-1,0,0,0,0,0,0,0,0,0
10,1,0,0,0,0,0,0,0,0,0,0,10,3,0,0,0,0,0,0,0,0,-1,0,0,0,0,0,0,0,0,0
12,1,0,0,0,0,0,0,0,0,0,0,12,3,0,0,0,0,0,0,0,0,-1,0,0,0,0,0,0,0,0,0
12,1,0,0,0,0,0,0,0,0,0,0,12,3,0,0,0,0,0,0,0,0,-1,0,0,0,0,0,0,0,0,0
11,1,0,0,0,0,0,0,0,0,0,0,11,3,0,0,0,0,0,0,0,0,-1,0,0,0,0,0,0,0,0,0
8,1,0,0,0,0,0,0,0,0,0,0,8,3,0,0,0,0,0,0,0,0,-1,0,0,0,0,0,0,0,0,0
13,1,0,0,0,0,0,0,0,0,0,0,13,3,0,0,0,0,0,0,0,0,-1,0,0,0,0,0,0,0,0,0
8,1,0,0,0,0,0,0,0,0,0,0,8,3,0,0,0,0,0,0,0,0,-1,0,0,0,0,0,0,0,0,0
13,1,0,0,0,0,0,0,0,0,0,0,13,3,0,0,0,0,0,0,0,0,-1,0,0,0,0,0,0,0,0,0
14,1,0,0,0,0,0,0,0,0,0,0,14,3,0,0,0,0,0,0,0,0,-1,0,0,0,0,0,0,0,0,0
8,1,0,0,0,0,0,0,0,0,0,0,8,3,0,0,0,0,0,0,0,0,-1,0,0,0,0,0,0,0,0,0
15,1,0,0,0,0,0,0,0,0,0,0,15,3,0,0,0,0,0,0,0,0,-1,0,0,0,0,0,0,0,0,0
12,1,0,0,0,0,0,0,0,0,0,0,12,3,0,0,0,0,0,0,0,0,-1,0,0,0,0,0,0,0,0,0
14,1,0,0,0,0,0,0,0,0,0,0,14,3,0,0,0,0,0,0,0,0,-1,0,0,0,0,0,0,0,0,0
14,1,0,0,0,0,0,0,0,0,0,0,14,3,0,0,0,0,0,0,0,0,-1,0,0,0,0,0,0,0,0,0
12,1,0,0,0,0,0,0,0,0,0,0,12,3,0,0,0,0,0,0,0,0,-1,0,0,0,0,0,0,0,0,0
8,1,0,0,0,0,0,0,0,0,0,0,8,3,0,0,0,0,0,0,0,0,-1,0,0,0,0,0,0,0,0,0
9,1,0,0,0,0,0,0,0,0,0,0,9,3,0,0,0,0,0,0,0,0,-1,0,0,0,0,0,0,0,0,0
7,1,0,0,0,0,0,0,0,0,0,0,7,2,0,0,0,0,0,0,0,0,-1,0,0,0,0,0,0,0,0,0
12,1,0,0,0,0,0,0,0,0,0,0,12,3,0,0,0,0,0,0,0,0,-1,0,0,0,0,0,0,0,0,0
9,1,0,0,0,0,0,0,0,0,0,0,9,3,0,0,0,0,0,0,0,0,-1,0,0,0,0,0,0,0,0,0
9,1,0,0,0,0,0,0,0,0,0,0,9,3,0,0,0,0,0,0,0,0,-1,0,0,0,0,0,0,0,0,0
13,1,0,0,0,0,0,0,0,0,0,0,13,3,0,0,0,0,0,0,0,0,-1,0,0,0,0,0,0,0,0,0
12,1,0,0,0,0,0,0,0,0,0,0,12,3,0,0,0,0,0,0,0,0,-1,0,0,0,0,0,0,0,0,0
8,1,0,0,0,0,0,0,0,0,0,0,8,3,0,0,0,0,0,0,0,0,-1,0,0,0,0,0,0,0,0,0
9,1,0,0,0,0,0,0,0,0,0,0,9,3,0,0,0,0,0,0,0,0,-1,0,0,0,0,0,0,0,0,0
8,1,0,0,0,0,0,0,0,0,0,0,8,3,0,0,0,0,0,0,0,0,-1,0,0,0,0,0,0,0,0,0
10,1,0,0,0,0,0,0,0,0,0,0,10,3,0,0,0,0,0,0,0,0,-1,0,0,0,0,0,0,0,0,0
12,1,0,0,0,0,0,0,0,0,0,0,12,3,0,0,0,0,0,0,0,0,-1,0,0,0,0,0,0,0,0,0
12,1,0,0,0,0,0,0,0,0,0,0,12,3,0,0,0,0,0,0,0,0,-1,0,0,0,0,0,0,0,0,0
7,1,0,0,0,0,0,0,0,0,0,0,7,2,0,0,0,0,0,0,0,0,-1,0,0,0,0,0,0,0,0,0
7,1,0,0,0,0,0,0,0,0,0,0,7,3,0,0,0,0,0,0,0,0,-1,0,0,0,0,0,0,0,0,0
14,1,0,0,0,0,0,0,0,0,0,0,14,3,0,0,0,0,0,0,0,0,-1,0,0,0,0,0,0,0,0,0
10,1,0,0,0,0,0,0,0,0,0,0,10,3,0,0,0,0,0,0,0,0,-1,0,0,0,0,0,0,0,0,0
11,1,0,0,0,0,0,0,0,0,0,0,11,4,0,0,0,0,0,0,0,0,-1,0,0,0,0,0,0,0,0,0
15,1,0,0,0,0,0,0,0,0,0,0,15,3,0,0,0,0,0,0,0,0,-1,0,0,0,0,0,0,0,0,0
12,1,0,0,0,0,0,0,0,0,0,0,12,3,0,0,0,0,0,0,0,0,-1,0,0,0,0,0,0,0,0,0
12,1,0,0,0,0,0,0,0,0,0,0,12,3,0,0,0,0,0,0,0,0,-1,0,0,0,0,0,0,0,0,0
9,1,0,0,0,0,0,0,0,0,0,0,9,3,0,0,0,0,0,0,0,0,-1,0,0,0,0,0,0,0,0,0
7,1,0,0,0,0,0,0,0,0,0,0,7,3,0,0,0,0,0,0,0,0,-1,0,0,0,0,0,0,0,0,0
17,1,0,0,0,0,0,0,0,0,0,0,17,3,0,0,0,0,0,0,0,0,-1,0,0,0,0,0,0,0,0,0
12,1,0,0,0,0,0,0,0,0,0,0,12,3,0,0,0,0,0,0,0,0,-1,0,0,0,0,0,0,0,0,0
9,1,0,0,0,0,0,0,0,0,0,0,9,4,0,0,0,0,0,0,0,0,-1,0,0,0,0,0,0,0,0,0
10,1,0,0,0,0,0,0,0,0,0,0,10,3,0,0,0,0,0,0,0,0,-1,0,0,0,0,0,0,0,0,0
10,1,0,0,0,0,0,0,0,0,0,0,10,3,0,0,0,0,0,0,0,0,-1,0,0,0,0,0,0,0,0,0
9,1,0,0,0,0,0,0,0,0,0,0,9,2,0,0,0,0,0,0,0,0,-1,0,0,0,0,0,0,0,0,0
12,1,0,0,0,0,0,0,0,0,0,0,12,3,0,0,0,0,0,0,0,0,-1,0,0,0,0,0,0,0,0,0
16,2,0,0,0,0,0,0,0,0,0,1,16,2,0,0,0,0,0,0,0,0,-1,0,0,0,0,0,0,0,0,0
9,1,0,0,0,0,0,0,0,0,0,0,9,3,0,0,0,0,0,0,0,0,-1,0,0,0,0,0,0,0,0,0
14,1,0,0,0,0,0,0,0,0,0,0,14,2,0,0,0,0,0,0,0,0,-1,0,0,0,0,0,0,0,0,0
9,1,0,0,0,0,0,0,0,0,0,0,9,2,0,0,0,0,0,0,0,0,-1,0,0,0,0,0,0,0,0,0
10,1,0,0,0,0,0,0,0,0,0,0,10,3,0,0,0,0,0,0,0,0,-1,0,0,0,0,0,0,0,0,0
9,1,0,0,0,0,0,0,0,0,0,0,9,2,0,0,0,0,0,0,0,0,-1,0,0,0,0,0,0,0,0,0
21,1,0,1,0,0,0,0,0,0,0,0,21,3,0,0,0,0,0,0,0,0,-1,0,0,0,0,0,0,0,0,0
11,1,0,0,0,0,0,0,0,0,0,0,11,3,0,0,0,0,0,0,0,0,-1,0,0,0,0,0,0,0,0,0
15,1,0,0,0,0,0,0,0,0,0,0,15,3,0,0,0,0,0,0,0,0,-1,0,0,0,0,0,0,0,0,0
14,1,0,0,0,0,0,0,0,0,0,0,14,3,0,0,0,0,0,0,0,0,-1,0,0,0,0,0,0,0,0,0
16,1,0,0,0,0,0,0,0,0,0,0,16,3,0,0,0,0,0,0,0,0,-1,0,0,0,0,0,0,0,0,0
8,1,0,0,0,0,0,0,0,0,0,0,8,3,0,0,0,0,0,0,0,0,-1,0,0,0,0,0,0,0,0,0
9,1,0,0,0,0,0,0,0,0,0,0,9,2,0,0,0,0,0,0,0,0,-1,0,0,0,0,0,0,0,0,0
9,1,0,0,0,0,0,0,0,0,0,0,9,3,0,0,0,0,0,0,0,0,-1,0,0,0,0,0,0,0,0,0
14,1,0,0,0,0,0,0,0,0,0,0,14,3,0,0,0,0,0,0,0,0,-1,0,0,0,0,0,0,0,0,0
16,1,0,0,0,0,0,0,0,0,0,0,16,3,0,0,1,0,0,0,0,0,-1,0,0,0,0,0,0,0,0,0
5,1,0,0,0,0,0,0,0,0,0,0,5,2,0,0,0,0,0,0,0,0,-1,0,0,0,0,0,0,0,0,0
11,1,0,0,0,0,0,0,0,0,0,0,11,3,0,0,0,0,0,0,0,0,-1,0,0,0,0,0,0,0,0,0
9,1,0,0,0,0,0,0,0,0,0,0,9,3,0,0,0,0,0,0,0,0,-1,0,0,0,0,0,0,0,0,0
16,1,0,0,0,0,0,0,0,0,0,0,16,3,0,0,0,0,0,0,0,0,-1,0,0,0,0,0,0,0,0,0
12,1,0,0,0,0,0,0,0,0,0,0,12,3,0,0,0,0,0,0,0,0,-1,0,0,0,0,0,0,0,0,0
12,1,0,0,0,0,0,0,0,0,0,0,12,3,0,0,0,0,0,0,0,0,-1,0,0,0,0,0,0,0,0,0
16,2,0,0,0,0,0,0,0,0,0,1,16,2,0,0,0,0,0,0,0,0,-1,0,0,0,0,0,0,0,0,0
14,1,0,0,0,0,0,0,0,0,0,0,14,3,0,0,0,0,0,0,0,0,-1,0,0,0,0,0,0,0,0,0
13,1,0,0,0,0,0,0,0,0,0,0,13,3,0,0,0,0,0,0,0,0,-1,0,0,0,0,0,0,0,0,0
13,1,0,0,0,0,0,0,0,0,0,0,13,3,0,0,0,0,0,0,0,0,-1,0,0,0,0,0,0,0,0,0
10,1,0,0,0,0,0,0,0,0,0,0,10,3,0,0,0,0,0,0,0,0,-1,0,0,0,0,0,0,0,0,0
10,1,0,0,0,0,0,0,0,0,0,0,10,3,0,0,0,0,0,0,0,0,-1,0,0,0,0,0,0,0,0,0
9,1,0,0,0,0,0,0,0,0,0,0,9,2,0,0,0,0,0,0,0,0,-1,0,0,0,0,0,0,0,0,0
10,1,0,0,0,0,0,0,0,0,0,0,10,3,0,0,0,0,0,0,0,0,-1,0,0,0,0,0,0,0,0,0
6,1,0,0,0,0,0,0,0,0,0,0,6,3,0,0,0,0,0,0,0,0,-1,0,0,0,0,0,0,0,0,0
15,1,0,0,0,0,0,0,0,0,0,0,15,3,0,0,0,0,0,0,0,0,-1,0,0,0,0,0,0,0,0,0
15,1,0,0,0,0,0,0,0,0,0,0,15,2,0,0,0,0,0,0,0,0,-1,0,0,0,0,0,0,0,0,0
15,1,0,0,0,0,0,0,0,0,0,0,15,3,0,0,0,0,0,0,0,0,-1,0,0,0,0,0,0,0,0,0
15,1,0,0,0,0,0,0,0,0,0,0,15,3,0,0,0,0,0,0,0,0,-1,0,0,0,0,0,0,0,0,0
8,1,0,0,0,0,0,0,0,0,0,0,8,2,0,0,0,0,0,0,0,0,-1,0,0,0,0,0,0,0,0,0
12,1,0,0,0,0,0,0,0,0,0,0,12,3,0,0,0,0,0,0,0,0,-1,0,0,0,0,0,0,0,0,0
8,1,0,0,0,0,0,0,0,0,0,0,8,2,0,0,0,0,0,0,0,0,-1,0,0,0,0,0,0,0,0,0
10,1,0,0,0,0,0,0,0,0,0,0,10,3,0,0,0,0,0,0,0,0,-1,0,0,0,0,0,0,0,0,0
12,1,0,0,0,0,0,0,0,0,0,0,12,3,0,0,0,0,0,0,0,0,-1,0,0,0,0,0,0,0,0,0
10,1,0,0,0,0,0,0,0,0,0,0,10,2,0,0,0,0,0,0,0,0,-1,0,0,0,0,0,0,0,0,0
13,1,0,1,0,0,0,0,0,0,0,0,13,3,0,0,0,0,0,0,0,0,-1,0,0,0,0,0,0,0,0,0
13,1,0,0,0,0,0,0,0,0,0,0,13,3,0,0,0,0,0,0,0,0,-1,0,0,0,0,0,0,0,0,0
8,1,0,0,0,0,0,0,0,0,0,0,8,3,0,0,0,0,0,0,0,0,-1,0,0,0,0,0,0,0,0,0
9,1,0,0,0,0,0,0,0,0,0,0,9,2,0,0,0,0,0,0,0,0,-1,0,0,0,0,0,0,0,0,0
12,1,0,0,0,0,0,0,0,0,0,0,12,4,0,0,0,0,0,0,0,0,-1,0,0,0,0,0,0,0,0,0
14,1,0,0,0,0,0,0,0,0,0,0,14,3,0,0,0,0,0,0,0,0,-1,0,0,0,0,0,0,0,0,0
13,1,0,0,0,0,0,0,0,0,0,0,13,3,0,0,0,0,0,0,0,0,-1,0,0,0,0,0,0,0,0,0
11,1,0,0,0,0,0,0,0,0,0,0,11,3,0,0,0,0,0,0,0,0,-1,0,0,0,0,0,0,0,0,0
6,1,0,0,0,0,0,0,0,0,0,0,6,2,0,0,0,0,0,0,0,0,-1,0,0,0,0,0,0,0,0,0
9,1,0,0,0,0,0,0,0,0,0,0,9,3,0,0,0,0,0,0,0,0,-1,0,0,0,0,0,0,0,0,0
17,1,0,0,0,0,0,0,0,0,0,0,17,3,0,0,0,0,0,0,0,0,-1,0,0,0,0,0,0,0,0,0
11,1,0,0,0,0,0,0,0,0,0,0,11,3,0,0,0,0,0,0,0,0,-1,0,0,0,0,0,0,0,0,0
16,1,0,0,0,0,0,0,0,0,0,0,16,3,0,0,0,0,0,0,0,0,-1,0,0,0,0,0,0,0,0,0
13,2,0,0,0,0,0,0,0,0,0,1,13,2,0,0,0,0,0,0,0,0,-1,0,0,0,0,0,0,0,0,0
14,1,0,0,0,0,0,0,0,0,0,0,14,3,0,0,0,0,0,0,0,0,-1,0,0,0,0,0,0,0,0,0
10,1,0,0,0,0,0,0,0,0,0,0,10,3,0,0,0,0,0,0,0,0,-1,0,0,0,0,0,0,0,0,0
8,1,0,0,0,0,0,0,0,0,0,0,8,2,0,0,0,0,0,0,0,0,-1,0,0,0,0,0,0,0,0,0
20,1,0,0,0,0,0,0,0,0,0,0,20,3,0,0,0,0,0,0,0,0,-1,0,0,0,0,0,0,0,0,0
12,1,0,0,0,0,0,0,0,0,0,0,12,3,0,0,0,0,0,0,0,0,-1,0,0,0,0,0,0,0,0,0
13,1,0,0,0,0,0,0,0,0,0,0,13,2,0,0,0,0,0,0,0,0,-1,0,0,0,0,0,0,0,0,0
9,1,0,0,0,0,0,0,0,0,0,0,9,3,0,0,0,0,0,0,0,0,-1,0,0,0,0,0,0,0,0,0
10,1,0,0,0,0,0,0,0,0,0,0,10,2,0,0,0,0,0,0,0,0,-1,0,0,0,0,0,0,0,0,0
8,1,0,0,0,0,0,0,0,0,0,0,8,3,0,0,0,0,0,0,0,0,-1,0,0,0,0,0,0,0,0,0
13,1,0,0,0,0,0,0,0,0,0,0,13,3,0,0,0,0,0,0,0,0,-1,0,0,0,0,0,0,0,0,0
11,1,0,0,0,0,0,0,0,0,0,0,11,3,0,0,0,0,0,0,0,0,-1,0,0,0,0,0,0,0,0,0
5,1,0,0,0,0,0,0,0,0,0,0,5,2,0,0,0,0,0,0,0,0,-1,0,0,0,0,0,0,0,0,0
10,1,0,0,0,0,0,0,0,0,0,0,10,3,0,0,0,0,0,0,0,0,-1,0,0,0,0,0,0,0,0,0
18,1,0,0,0,0,0,0,0,0,0,0,18,3,0,0,0,0,0,0,0,0,-1,0,0,0,0,0,0,0,0,0
7,1,0,0,0,0,0,0,0,0,0,0,7,2,0,0,0,0,0,0,0,0,-1,0,0,0,0,0,0,0,0,0
12,1,0,0,0,0,0,0,0,0,0,0,12,3,0,0,0,0,0,0,0,0,-1,0,0,0,0,0,0,0,0,0
10,1,0,0,0,0,0,0,0,0,0,0,10,3,0,0,0,0,0,0,0,0,-1,0,0,0,0,0,0,0,0,0
16,1,0,0,0,0,0,0,0,0,0,0,16,3,0,0,0,0,0,0,0,0,-1,0,0,0,0,0,0,0,0,0
13,1,0,0,0,0,0,0,0,0,0,0,13,3,0,0,0,0,0,0,0,0,-1,0,0,0,0,0,0,0,0,0
13,1,0,0,0,0,0,0,0,0,0,0,13,3,0,0,0,0,0,0,0,0,-1,0,0,0,0,0,0,0,0,0
11,1,0,0,0,0,0,0,0,0,0,0,11,3,0,0,0,0,0,0,0,0,-1,0,0,0,0,0,0,0,0,0
10,1,0,0,0,0,0,0,0,0,0,0,10,3,0,0,0,0,0,0,0,0,-1,0,0,0,0,0,0,0,0,0
7,1,0,0,0,0,0,0,0,0,0,0,7,3,0,0,0,0,0,0,0,0,-1,0,0,0,0,0,0,0,0,0
11,1,0,0,0,0,0,0,0,0,0,0,11,3,0,0,0,0,0,0,0,0,-1,0,0,0,0,0,0,0,0,0
9,1,0,0,0,0,0,0,0,0,0,0,9,3,0,0,0,0,0,0,0,0,-1,0,0,0,0,0,0,0,0,0
14,1,0,0,0,0,0,0,0,0,0,0,14,3,0,0,0,0,0,0,0,0,-1,0,0,0,0,0,0,0,0,0
10,1,0,0,0,0,0,0,0,0,0,0,10,3,0,0,0,0,0,0,0,0,-1,0,0,0,0,0,0,0,0,0
9,1,0,0,0,0,0,0,0,0,0,0,9,3,0,0,0,0,0,0,0,0,-1,0,0,0,0,0,0,0,0,0
15,1,0,0,0,0,0,0,0,0,0,0,15,3,0,0,0,0,0,0,0,0,-1,0,0,0,0,0,0,0,0,0
9,1,0,0,0,0,0,0,0,0,0,0,9,3,0,0,0,0,0,0,0,0,-1,0,0,0,0,0,0,0,0,0
12,1,0,0,0,0,0,0,0,0,0,0,12,3,0,0,0,0,0,0,0,0,-1,0,0,0,0,0,0,0,0,0
13,1,0,0,0,0,0,0,0,0,0,0,13,3,0,0,0,0,0,0,0,0,-1,0,0,0,0,0,0,0,0,0
10,1,0,0,0,0,0,0,0,0,0,0,10,3,0,0,0,0,0,0,0,0,-1,0,0,0,0,0,0,0,0,0
13,1,0,0,0,0,0,0,0,0,0,0,13,3,0,0,0,0,0,0,0,0,-1,0,0,0,0,0,0,0,0,0
6,1,0,0,0,0,0,0,0,0,0,0,6,2,0,0,0,0,0,0,0,0,-1,0,0,0,0,0,0,0,0,0
14,1,0,0,0,0,0,0,0,0,0,0,14,3,0,0,0,0,0,0,0,0,-1,0,0,0,0,0,0,0,0,0
12,1,0,0,0,0,0,0,0,0,0,0,12,3,0,0,0,0,0,0,0,0,-1,0,0,0,0,0,0,0,0,0
18,1,0,0,0,0,0,0,0,0,0,0,18,3,0,0,0,0,0,0,0,0,-1,0,0,0,0,0,0,0,0,0
13,1,0,0,0,0,0,0,0,0,0,0,13,3,0,0,0,0,0,0,0,0,-1,0,0,0,0,0,0,0,0,0
8,1,0,0,0,0,0,0,0,0,0,0,8,3,0,0,0,0,0,0,0,0,-1,0,0,0,0,0,0,0,0,0
6,1,0,0,0,0,0,0,0,0,0,0,6,3,0,0,0,0,0,0,0,0,-1,0,0,0,0,0,0,0,0,0
9,1,0,0,0,0,0,0,0,0,0,0,9,3,0,0,0,0,0,0,0,0,-1,0,0,0,0,0,0,0,0,0
9,1,0,0,0,0,0,0,0,0,0,0,9,3,0,0,0,0,0,0,0,0,-1,0,0,0,0,0,0,0,0,0
12,1,0,0,0,0,0,0,0,0,0,0,12,3,0,0,0,0,0,0,0,0,-1,0,0,0,0,0,0,0,0,0
10,1,0,0,0,0,0,0,0,0,0,0,10,3,0,0,0,0,0,0,0,0,-1,0,0,0,0,0,0,0,0,0
7,1,0,0,0,0,0,0,0,0,0,0,7,3,0,0,0,0,0,0,0,0,-1,0,0,0,0,0,0,0,0,0
6,1,0,0,0,0,0,0,0,0,0,0,6,2,0,0,0,0,0,0,0,0,-1,0,0,0,0,0,0,0,0,0
11,1,0,0,0,0,0,0,0,0,0,0,11,3,0,0,0,0,0,0,0,0,-1,0,0,0,0,0,0,0,0,0
15,1,0,0,0,0,0,0,0,0,0,0,15,6,0,0,0,0,0,0,0,0,-1,0,0,0,0,0,0,0,0,0
10,1,0,0,0,0,0,0,0,0,0,0,10,3,0,0,0,0,0,0,0,0,-1,0,0,0,0,0,0,0,0,0
11,1,0,0,0,0,0,0,0,0,0,0,11,3,0,0,0,0,0,0,0,0,-1,0,0,0,0,0,0,0,0,0
7,1,0,0,0,0,0,0,0,0,0,0,7,2,0,0,0,0,0,0,0,0,-1,0,0,0,0,0,0,0,0,0
15,1,0,0,0,0,0,0,0,0,0,0,15,3,0,0,0,0,0,0,0,0,-1,0,0,0,0,0,0,0,0,0
14,1,0,0,0,0,0,0,0,0,0,0,14,3,0,0,0,0,0,0,0,0,-1,0,0,0,0,0,0,0,0,0
12,1,0,0,0,0,0,0,0,0,0,0,12,3,0,0,0,0,0,0,0,0,-1,0,0,0,0,0,0,0,0,0
10,1,0,0,0,0,0,0,0,0,0,0,10,3,0,0,0,0,0,0,0,0,-1,0,0,0,0,0,0,0,0,0
17,1,0,1,0,0,0,0,0,0,0,0,17,3,0,0,0,0,0,0,0,0,-1,0,0,0,0,0,0,0,0,0
14,2,0,0,0,0,0,0,0,0,0,1,14,2,0,0,0,0,0,0,0,0,-1,0,0,0,0,0,0,0,0,0
11,2,0,0,0,0,0,0,0,0,0,1,11,2,0,0,0,0,0,0,0,0,-1,0,0,0,0,0,0,0,0,0
13,1,0,0,0,0,0,0,0,0,0,0,13,3,0,0,0,0,0,0,0,0,-1,0,0,0,0,0,0,0,0,0
13,1,0,0,0,0,0,0,0,0,0,0,13,3,0,0,0,0,0,0,0,0,-1,0,0,0,0,0,0,0,0,0
7,1,0,0,0,0,0,0,0,0,0,0,7,2,0,0,0,0,0,0,0,0,-1,0,0,0,0,0,0,0,0,0
20,1,0,0,0,0,0,0,0,0,0,0,20,3,0,0,0,0,0,0,0,0,-1,0,0,0,0,0,0,0,0,0
9,1,0,0,0,0,0,0,0,0,0,0,9,3,0,0,0,0,0,0,0,0,-1,0,0,0,0,0,0,0,0,0
9,1,0,0,0,0,0,0,0,0,0,0,9,3,0,0,0,0,0,0,0,0,-1,0,0,0,0,0,0,0,0,0
9,1,0,0,0,0,0,0,0,0,0,0,9,3,0,0,0,0,0,0,0,0,-1,0,0,0,0,0,0,0,0,0
12,1,0,0,0,0,0,0,0,0,0,0,12,3,0,0,0,0,0,0,0,0,-1,0,0,0,0,0,0,0,0,0
13,1,0,0,0,0,0,0,0,0,0,0,13,3,0,0,0,0,0,0,0,0,-1,0,0,0,0,0,0,0,0,0
6,1,0,0,0,0,0,0,0,0,0,0,6,3,0,0,0,0,0,0,0,0,-1,0,0,0,0,0,0,0,0,0
10,1,0,0,0,0,0,0,0,0,0,0,10,3,0,0,0,0,0,0,0,0,-1,0,0,0,0,0,0,0,0,0
10,1,0,0,0,0,0,0,0,0,0,0,10,2,0,0,0,0,0,0,0,0,-1,0,0,0,0,0,0,0,0,0
14,1,0,1,0,0,0,0,0,0,0,0,14,3,0,0,0,0,0,0,0,0,-1,0,0,0,0,0,0,0,0,0
9,1,0,0,0,0,0,0,0,0,0,0,9,2,0,0,0,0,0,0,0,0,-1,0,0,0,0,0,0,0,0,0
10,1,0,0,0,0,0,0,0,0,0,0,10,3,0,0,0,0,0,0,0,0,-1,0,0,0,0,0,0,0,0,0
12,1,0,0,0,0,0,0,0,0,0,0,12,3,0,0,0,0,0,0,0,0,-1,0,0,0,0,0,0,0,0,0
15,2,0,0,0,0,0,0,0,0,0,1,15,2,0,0,0,0,0,0,0,0,-1,0,0,0,0,0,0,0,0,0
6,1,0,0,0,0,0,0,0,0,0,0,6,2,0,0,0,0,0,0,0,0,-1,0,0,0,0,0,0,0,0,0
11,1,0,0,0,0,0,0,0,0,0,0,11,3,0,0,0,0,0,0,0,0,-1,0,0,0,0,0,0,0,0,0
20,1,0,0,0,0,0,0,0,0,0,0,20,3,0,0,0,0,0,0,0,0,-1,0,0,0,0,0,0,0,0,0
13,1,0,0,0,0,0,0,0,0,0,0,13,3,0,0,0,0,0,0,0,0,-1,0,0,0,0,0,0,0,0,0
5,1,0,0,0,0,0,0,0,0,0,0,5,2,0,0,0,0,0,0,0,0,-1,0,0,0,0,0,0,0,0,0
13,1,0,0,0,0,0,0,0,0,0,0,13,3,0,0,0,0,0,0,0,0,-1,0,0,0,0,0,0,0,0,0
7,1,0,0,0,0,0,0,0,0,0,0,7,3,0,0,0,0,0,0,0,0,-1,0,0,0,0,0,0,0,0,0
17,1,0,1,0,0,0,0,0,0,0,0,17,3,0,0,0,0,0,0,0,0,-1,0,0,0,0,0,0,0,0,0
9,1,0,1,0,0,0,0,0,0,0,0,9,3,0,0,0,0,0,0,0,0,-1,0,0,0,0,0,0,0,0,0
8,1,0,0,0,0,0,0,0,0,0,0,8,2,0,0,0,0,0,0,0,0,-1,0,0,0,0,0,0,0,0,0
10,1,0,0,0,0,0,0,0,0,0,0,10,3,0,0,0,0,0,0,0,0,-1,0,0,0,0,0,0,0,0,0
11,1,0,0,0,0,0,0,0,0,0,0,11,3,0,0,0,0,0,0,0,0,-1,0,0,0,0,0,0,0,0,0
9,1,0,0,0,0,0,0,0,0,0,0,9,3,0,0,0,0,0,0,0,0,-1,0,0,0,0,0,0,0,0,0
8,1,0,0,0,0,0,0,0,0,0,0,8,2,0,0,0,0,0,0,0,0,-1,0,0,0,0,0,0,0,0,0
13,1,0,0,0,0,0,0,0,0,0,0,13,3,0,0,0,0,0,0,0,0,-1,0,0,0,0,0,0,0,0,0
9,1,0,0,0,0,0,0,0,0,0,0,9,2,0,0,0,0,0,0,0,0,-1,0,0,0,0,0,0,0,0,0
20,1,0,0,0,0,0,0,0,0,0,0,20,2,0,0,0,0,0,0,0,0,-1,0,0,0,0,0,0,0,0,0
13,2,0,0,0,0,0,0,0,0,0,1,13,2,0,0,0,0,0,0,0,0,-1,0,0,0,0,0,0,0,0,0
14,1,0,0,0,0,0,0,0,0,0,0,14,3,0,0,0,0,0,0,0,0,-1,0,0,0,0,0,0,0,0,0
10,1,0,0,0,0,0,0,0,0,0,0,10,3,0,0,0,0,0,0,0,0,-1,0,0,0,0,0,0,0,0,0
11,1,0,0,0,0,0,0,0,0,0,0,11,3,0,0,0,0,0,0,0,0,-1,0,0,0,0,0,0,0,0,0
12,1,0,0,0,0,0,0,0,0,0,0,12,3,0,0,0,0,0,0,0,0,-1,0,0,0,0,0,0,0,0,0
13,1,0,1,0,0,0,0,0,0,0,0,13,3,0,0,0,0,0,0,0,0,-1,0,0,0,0,0,0,0,0,0
7,1,0,0,0,0,0,0,0,0,0,0,7,2,0,0,0,0,0,0,0,0,-1,0,0,0,0,0,0,0,0,0
10,1,0,0,0,0,0,0,0,0,0,0,10,3,0,0,0,0,0,0,0,0,-1,0,0,0,0,0,0,0,0,0
12,1,0,0,0,0,0,0,0,0,0,0,12,3,0,0,0,0,0,0,0,0,-1,0,0,0,0,0,0,0,0,0
13,1,0,0,0,0,0,0,0,0,0,0,13,3,0,0,0,0,0,0,0,0,-1,0,0,0,0,0,0,0,0,0
9,1,0,0,0,0,0,0,0,0,0,0,9,2,0,0,0,0,0,0,0,0,-1,0,0,0,0,0,0,0,0,0
22,1,0,0,0,0,0,0,0,0,0,0,22,3,0,0,0,0,0,0,0,0,-1,0,0,0,0,0,0,0,0,0
14,1,0,0,0,0,0,0,0,0,0,0,14,3,0,0,0,0,0,0,0,0,-1,0,0,0,0,0,0,0,0,0
32,1,0,2,0,0,0,0,0,0,0,0,32,6,0,0,0,0,0,0,0,0,-1,0,0,0,0,0,0,0,0,0
16,1,0,0,0,0,0,0,0,0,0,0,16,3,0,0,0,0,0,0,0,0,-1,0,0,0,0,0,0,0,0,0
13,1,0,0,0,0,0,0,0,0,0,0,13,3,0,0,0,0,0,0,0,0,-1,0,0,0,0,0,0,0,0,0
6,1,0,0,0,0,0,0,0,0,0,0,6,3,0,0,0,0,0,0,0,0,-1,0,0,0,0,0,0,0,0,0
14,1,0,0,0,0,0,0,0,0,0,0,14,3,0,0,0,0,0,0,0,0,-1,0,0,0,0,0,0,0,0,0
8,1,0,0,0,0,0,0,0,0,0,0,8,3,0,0,0,0,0,0,0,0,-1,0,0,0,0,0,0,0,0,0
8,1,0,0,0,0,0,0,0,0,0,0,8,3,0,0,0,0,0,0,0,0,-1,0,0,0,0,0,0,0,0,0
14,1,0,1,0,0,0,0,0,0,0,0,14,3,0,0,0,0,0,0,0,0,-1,0,0,0,0,0,0,0,0,0
13,1,0,0,0,0,0,0,0,0,0,0,13,3,0,0,0,0,0,0,0,0,-1,0,0,0,0,0,0,0,0,0
10,1,0,0,0,0,0,0,0,0,0,0,10,2,0,0,0,0,0,0,0,0,-1,0,0,0,0,0,0,0,0,0
8,1,0,0,0,0,0,0,0,0,0,0,8,3,0,0,0,0,0,0,0,0,-1,0,0,0,0,0,0,0,0,0
11,1,0,0,0,0,0,0,0,0,0,0,11,2,0,0,0,0,0,0,0,0,-1,0,0,0,0,0,0,0,0,0
12,1,0,0,0,0,0,0,0,0,0,0,12,3,0,0,0,0,0,0,0,0,-1,0,0,0,0,0,0,0,0,0
10,1,0,0,0,0,0,0,0,0,0,0,10,3,0,0,0,0,0,0,0,0,-1,0,0,0,0,0,0,0,0,0
23,1,0,0,0,0,0,0,0,0,0,0,23,2,0,0,0,0,0,0,0,0,-1,0,0,0,0,0,0,0,0,0
9,2,0,0,0,0,0,0,0,0,0,1,9,2,0,0,0,0,0,0,0,0,-1,0,0,0,0,0,0,0,0,0
12,1,0,0,0,0,0,0,0,0,0,0,12,3,0,0,0,0,0,0,0,0,-1,0,0,0,0,0,0,0,0,0
6,1,0,0,0,0,0,0,0,0,0,0,6,2,0,0,0,0,0,0,0,0,-1,0,0,0,0,0,0,0,0,0
16,1,0,0,0,0,0,0,0,0,0,0,16,3,0,0,0,0,0,0,0,0,-1,0,0,0,0,0,0,0,0,0
19,1,0,0,0,0,0,0,0,0,0,0,19,3,0,0,0,0,0,0,0,0,-1,0,0,0,0,0,0,0,0,0
9,1,0,0,0,0,0,0,0,0,0,0,9,3,0,0,0,0,0,0,0,0,-1,0,0,0,0,0,0,0,0,0
5,1,0,0,0,0,0,0,0,0,0,0,5,2,0,0,0,0,0,0,0,0,-1,0,0,0,0,0,0,0,0,0
9,1,0,0,0,0,0,0,0,0,0,0,9,3,0,0,0,0,0,0,0,0,-1,0,0,0,0,0,0,0,0,0
12,1,0,0,0,0,0,0,0,0,0,0,12,2,0,0,0,0,0,0,0,0,-1,0,0,0,0,0,0,0,0,0
13,1,0,0,0,0,0,0,0,0,0,0,13,3,0,0,0,0,0,0,0,0,-1,0,0,0,0,0,0,0,0,0
14,2,0,0,0,0,0,0,0,0,0,1,14,2,0,0,0,0,0,0,0,0,-1,0,0,0,0,0,0,0,0,0
13,1,0,0,0,0,0,0,0,0,0,0,13,3,0,0,0,0,0,0,0,0,-1,0,0,0,0,0,0,0,0,0
14,1,0,0,0,0,0,0,0,0,0,0,14,3,0,0,0,0,0,0,0,0,-1,0,0,0,0,0,0,0,0,0
13,1,0,0,0,0,0,0,0,0,0,0,13,3,0,0,0,0,0,0,0,0,-1,0,0,0,0,0,0,0,0,0
16,1,0,1,0,0,0,0,0,0,0,0,16,3,0,0,0,0,0,0,0,0,-1,0,0,0,0,0,0,0,0,0
11,1,0,0,0,0,0,0,0,0,0,0,11,3,0,0,0,0,0,0,0,0,-1,0,0,0,0,0,0,0,0,0
9,1,0,0,0,0,0,0,0,0,0,0,9,2,0,0,0,0,0,0,0,0,-1,0,0,0,0,0,0,0,0,0
12,1,0,0,0,0,0,0,0,0,0,0,12,3,0,0,0,0,0,0,0,0,-1,0,0,0,0,0,0,0,0,0
15,1,0,0,0,0,0,0,0,0,0,0,15,3,0,0,0,0,0,0,0,0,-1,0,0,0,0,0,0,0,0,0
12,1,0,0,0,0,0,0,0,0,0,0,12,3,0,0,0,0,0,0,0,0,-1,0,0,0,0,0,0,0,0,0
6,1,0,0,0,0,0,0,0,0,0,0,6,3,0,0,0,0,0,0,0,0,-1,0,0,0,0,0,0,0,0,0
15,1,0,0,0,0,0,0,0,0,0,0,15,2,0,0,0,0,0,0,0,0,-1,0,0,0,0,0,0,0,0,0
14,1,0,0,0,0,0,0,0,0,0,0,14,3,0,0,0,0,0,0,0,0,-1,0,0,0,0,0,0,0,0,0
10,1,0,0,0,0,0,0,0,0,0,0,10,3,0,0,0,0,0,0,0,0,-1,0,0,0,0,0,0,0,0,0
9,1,0,0,0,0,0,0,0,0,0,0,9,3,0,0,0,0,0,0,0,0,-1,0,0,0,0,0,0,0,0,0
7,1,0,0,0,0,0,0,0,0,0,0,7,2,0,0,0,0,0,0,0,0,-1,0,0,0,0,0,0,0,0,0
10,1,0,0,0,0,0,0,0,0,0,0,10,3,0,0,0,0,0,0,0,0,-1,0,0,0,0,0,0,0,0,0
25,1,0,0,0,0,0,0,0,0,0,0,25,3,0,0,0,0,0,0,0,0,-1,0,0,0,0,0,0,0,0,0
8,2,0,0,0,0,0,0,0,0,0,1,8,2,0,0,0,0,0,0,0,0,-1,0,0,0,0,0,0,0,0,0
15,1,0,0,0,0,0,0,0,0,0,0,15,3,0,0,0,0,0,0,0,0,-1,0,0,0,0,0,0,0,0,0
12,2,0,0,0,0,0,0,0,0,0,1,12,2,0,0,0,0,0,0,0,0,-1,0,0,0,0,0,0,0,0,0
11,1,0,0,0,0,0,0,0,0,0,0,11,3,0,0,0,0,0,0,0,0,-1,0,0,0,0,0,0,0,0,0
7,1,0,0,0,0,0,0,0,0,0,0,7,3,0,0,0,0,0,0,0,0,-1,0,0,0,0,0,0,0,0,0
15,1,0,0,0,0,0,0,0,0,0,0,15,3,0,0,0,0,0,0,0,0,-1,0,0,0,0,0,0,0,0,0
7,1,0,0,0,0,0,0,0,0,0,0,7,3,0,0,0,0,0,0,0,0,-1,0,0,0,0,0,0,0,0,0
12,1,0,0,0,0,0,0,0,0,0,0,12,2,0,0,0,0,0,0,0,0,-1,0,0,0,0,0,0,0,0,0
9,1,0,0,0,0,0,0,0,0,0,0,9,3,0,0,0,0,0,0,0,0,-1,0,0,0,0,0,0,0,0,0
14,1,0,1,0,0,0,0,0,0,0,0,14,3,0,0,0,0,0,0,0,0,-1,0,0,0,0,0,0,0,0,0
13,1,0,0,0,0,0,0,0,0,0,0,13,3,0,0,0,0,0,0,0,0,-1,0,0,0,0,0,0,0,0,0
7,1,0,0,0,0,0,0,0,0,0,0,7,2,0,0,0,0,0,0,0,0,-1,0,0,0,0,0,0,0,0,0
7,1,0,0,0,0,0,0,0,0,0,0,7,3,0,0,0,0,0,0,0,0,-1,0,0,0,0,0,0,0,0,0
10,1,0,1,0,0,0,0,0,0,0,0,10,3,0,0,0,0,0,0,0,0,-1,0,0,0,0,0,0,0,0,0
17,1,0,0,0,0,0,0,0,0,0,0,17,3,0,0,0,0,0,0,0,0,-1,0,0,0,0,0,0,0,0,0
14,1,0,0,0,0,0,0,0,0,0,0,14,3,0,0,0,0,0,0,0,0,-1,0,0,0,0,0,0,0,0,0
20,1,0,0,0,0,0,0,0,0,0,0,20,3,0,0,0,0,0,0,0,0,-1,0,0,0,0,0,0,0,0,0
7,1,0,0,0,0,0,0,0,0,0,0,7,3,0,0,0,0,0,0,0,0,-1,0,0,0,0,0,0,0,0,0
13,1,0,0,0,0,0,0,0,0,0,0,13,3,0,0,0,0,0,0,0,0,-1,0,0,0,0,0,0,0,0,0
18,1,0,0,0,0,0,0,0,0,0,0,18,3,0,0,0,0,0,0,0,0,-1,0,0,0,0,0,0,0,0,0
12,2,0,0,0,0,0,0,0,0,0,1,12,2,0,0,0,0,0,0,0,0,-1,0,0,0,0,0,0,0,0,0
9,1,0,0,0,0,0,0,0,0,0,0,9,3,0,0,0,0,0,0,0,0,-1,0,0,0,0,0,0,0,0,0
7,1,0,0,0,0,0,0,0,0,0,0,7,2,0,0,0,0,0,0,0,0,-1,0,0,0,0,0,0,0,0,0
11,2,0,0,0,0,0,0,0,0,0,1,11,2,0,0,0,0,0,0,0,0,-1,0,0,0,0,0,0,0,0,0
14,1,0,0,0,0,0,0,0,0,0,0,14,3,0,0,0,0,0,0,0,0,-1,0,0,0,0,0,0,0,0,0
12,1,0,0,0,0,0,0,0,0,0,0,12,3,0,0,0,0,0,0,0,0,-1,0,0,0,0,0,0,0,0,0
13,1,0,0,0,0,0,0,0,0,0,0,13,2,0,0,0,0,0,0,0,0,-1,0,0,0,0,0,0,0,0,0
8,1,0,0,0,0,0,0,0,0,0,0,8,3,0,0,0,0,0,0,0,0,-1,0,0,0,0,0,0,0,0,0
13,1,0,0,0,0,0,0,0,0,0,0,13,3,0,0,0,0,0,0,0,0,-1,0,0,0,0,0,0,0,0,0
8,1,0,0,0,0,0,0,0,0,0,0,8,2,0,0,0,0,0,0,0,0,-1,0,0,0,0,0,0,0,0,0
17,1,0,0,0,0,0,0,0,0,0,0,17,3,0,0,0,0,0,0,0,0,-1,0,0,0,0,0,0,0,0,0
8,1,0,0,0,0,0,0,0,0,0,0,8,2,0,0,0,0,0,0,0,0,-1,0,0,0,0,0,0,0,0,0
9,1,0,0,0,0,0,0,0,0,0,0,9,2,0,0,0,0,0,0,0,0,-1,0,0,0,0,0,0,0,0,0
16,1,0,0,0,0,0,0,0,0,0,0,16,3,0,0,0,0,0,0,0,0,-1,0,0,0,0,0,0,0,0,0
12,1,0,0,0,0,0,0,0,0,0,0,12,3,0,0,0,0,0,0,0,0,-1,0,0,0,0,0,0,0,0,0
14,1,0,0,0,0,0,0,0,0,0,0,14,3,0,0,0,0,0,0,0,0,-1,0,0,0,0,0,0,0,0,0
11,1,0,0,0,0,0,0,0,0,0,0,11,3,0,0,0,0,0,0,0,0,-1,0,0,0,0,0,0,0,0,0
8,1,0,1,0,0,0,0,0,0,0,0,8,2,0,0,0,0,0,0,0,0,-1,0,0,0,0,0,0,0,0,0
13,1,0,0,0,0,0,0,0,0,0,0,13,2,0,0,0,0,0,0,0,0,-1,0,0,0,0,0,0,0,0,0
10,1,0,0,0,0,0,0,0,0,0,0,10,2,0,0,0,0,0,0,0,0,-1,0,0,0,0,0,0,0,0,0
10,1,0,0,0,0,0,0,0,0,0,0,10,3,0,0,0,0,0,0,0,0,-1,0,0,0,0,0,0,0,0,0
13,1,0,0,0,0,0,0,0,0,0,0,13,3,0,0,0,0,0,0,0,0,-1,0,0,0,0,0,0,0,0,0
9,1,0,0,0,0,0,0,0,0,0,0,9,3,0,0,0,0,0,0,0,0,-1,0,0,0,0,0,0,0,0,0
21,1,0,2,0,0,0,0,0,0,0,0,21,3,0,0,0,0,0,0,0,0,-1,0,0,0,0,0,0,0,0,0
7,1,0,0,0,0,0,0,0,0,0,0,7,3,0,0,0,0,0,0,0,0,-1,0,0,0,0,0,0,0,0,0
12,1,0,0,0,0,0,0,0,0,0,0,12,2,0,0,0,0,0,0,0,0,-1,0,0,0,0,0,0,0,0,0
9,1,0,0,0,0,0,0,0,0,0,0,9,2,0,0,0,0,0,0,0,0,-1,0,0,0,0,0,0,0,0,0
12,1,0,0,0,0,0,0,0,0,0,0,12,3,0,0,0,0,0,0,0,0,-1,0,0,0,0,0,0,0,0,0
12,1,0,0,0,0,0,0,0,0,0,0,12,3,0,0,0,0,0,0,0,0,-1,0,0,0,0,0,0,0,0,0
5,1,0,0,0,0,0,0,0,0,0,0,5,2,0,0,0,0,0,0,0,0,-1,0,0,0,0,0,0,0,0,0
13,1,0,0,0,0,0,0,0,0,0,0,13,3,0,0,0,0,0,0,0,0,-1,0,0,0,0,0,0,0,0,0
8,1,0,0,0,0,0,0,0,0,0,0,8,2,0,0,0,0,0,0,0,0,-1,0,0,0,0,0,0,0,0,0
10,1,0,0,0,0,0,0,0,0,0,0,10,3,0,0,0,0,0,0,0,0,-1,0,0,0,0,0,0,0,0,0
9,1,0,0,0,0,0,0,0,0,0,0,9,3,0,0,0,0,0,0,0,0,-1,0,0,0,0,0,0,0,0,0
10,1,0,0,0,0,0,0,0,0,0,0,10,2,0,0,0,0,0,0,0,0,-1,0,0,0,0,0,0,0,0,0
19,1,0,0,0,0,0,0,0,0,0,0,19,3,0,0,0,0,0,0,0,0,-1,0,0,0,0,0,0,0,0,0
21,1,0,0,0,0,0,0,0,0,0,0,21,3,0,0,0,0,0,0,0,0,-1,0,0,0,0,0,0,0,0,0
13,1,0,0,0,0,0,0,0,0,0,0,13,3,0,0,0,0,0,0,0,0,-1,0,0,0,0,0,0,0,0,0
11,1,0,0,0,0,0,0,0,0,0,0,11,3,0,0,0,0,0,0,0,0,-1,0,0,0,0,0,0,0,0,0
18,1,0,2,0,0,0,0,0,0,0,0,18,3,0,0,0,0,0,0,0,0,-1,0,0,0,0,0,0,0,0,0
11,1,0,0,0,0,0,0,0,0,0,0,11,3,0,0,0,0,0,0,0,0,-1,0,0,0,0,0,0,0,0,0
14,1,0,0,0,0,0,0,0,0,0,0,14,3,0,0,0,0,0,0,0,0,-1,0,0,0,0,0,0,0,0,0
13,1,0,0,0,0,0,0,0,0,0,0,13,3,0,0,0,0,0,0,0,0,-1,0,0,0,0,0,0,0,0,0
11,1,0,0,0,0,0,0,0,0,0,0,11,3,0,0,0,0,0,0,0,0,-1,0,0,0,0,0,0,0,0,0
17,1,0,0,0,0,0,0,0,0,0,0,17,3,0,0,0,0,0,0,0,0,-1,0,0,0,0,0,0,0,0,0
19,1,0,0,0,0,0,0,0,0,0,0,19,3,0,0,0,0,0,0,0,0,-1,0,0,0,0,0,0,0,0,0
7,1,0,0,0,0,0,0,0,0,0,0,7,3,0,0,0,0,0,0,0,0,-1,0,0,0,0,0,0,0,0,0
10,1,0,0,0,0,0,0,0,0,0,0,10,3,0,0,0,0,0,0,0,0,-1,0,0,0,0,0,0,0,0,0
13,1,0,0,0,0,0,0,0,0,0,0,13,3,0,0,0,0,0,0,0,0,-1,0,0,0,0,0,0,0,0,0
18,1,0,0,0,0,0,0,0,0,0,0,18,3,0,0,0,0,0,0,0,0,-1,0,0,0,0,0,0,0,0,0
9,1,0,0,0,0,0,0,0,0,0,0,9,2,0,0,0,0,0,0,0,0,-1,0,0,0,0,0,0,0,0,0
12,1,0,0,0,0,0,0,0,0,0,0,12,2,0,0,0,0,0,0,0,0,-1,0,0,0,0,0,0,0,0,0
12,1,0,0,0,0,0,0,0,0,0,0,12,3,0,0,0,0,0,0,0,0,-1,0,0,0,0,0,0,0,0,0
8,1,0,0,0,0,0,0,0,0,0,0,8,2,0,0,0,0,0,0,0,0,-1,0,0,0,0,0,0,0,0,0
13,1,0,0,0,0,0,0,0,0,0,0,13,6,0,0,0,0,0,0,0,0,-1,0,0,0,0,0,0,0,0,0
16,2,0,0,0,0,0,0,0,0,0,1,16,2,0,0,0,0,0,0,0,0,-1,0,0,0,0,0,0,0,0,0
14,2,0,0,0,0,0,0,0,0,0,1,14,2,0,0,0,0,0,0,0,0,-1,0,0,0,0,0,0,0,0,0
10,1,0,0,0,0,0,0,0,0,0,0,10,3,0,0,0,0,0,0,0,0,-1,0,0,0,0,0,0,0,0,0
15,1,0,0,0,0,0,0,0,0,0,0,15,3,0,0,0,0,0,0,0,0,-1,0,0,0,0,0,0,0,0,0
9,1,0,0,0,0,0,0,0,0,0,0,9,2,0,0,0,0,0,0,0,0,-1,0,0,0,0,0,0,0,0,0
6,1,0,0,0,0,0,0,0,0,0,0,6,3,0,0,0,0,0,0,0,0,-1,0,0,0,0,0,0,0,0,0
16,1,0,0,0,0,0,0,0,0,0,0,16,3,0,0,0,0,0,0,0,0,-1,0,0,0,0,0,0,0,0,0
15,1,0,0,0,0,0,0,0,0,0,0,15,3,0,0,0,0,0,0,0,0,-1,0,0,0,0,0,0,0,0,0
14,1,0,0,0,0,0,0,0,0,0,0,14,3,0,0,0,0,0,0,0,0,-1,0,0,0,0,0,0,0,0,0
17,1,0,1,0,0,0,0,0,0,0,0,17,3,0,0,0,0,0,0,0,0,-1,0,0,0,0,0,0,0,0,0
10,1,0,0,0,0,0,0,0,0,0,0,10,3,0,0,0,0,0,0,0,0,-1,0,0,0,0,0,0,0,0,0
12,1,0,0,0,0,0,0,0,0,0,0,12,2,0,0,0,0,0,0,0,0,-1,0,0,0,0,0,0,0,0,0
18,1,0,0,0,0,0,0,0,0,0,0,18,3,0,0,0,0,0,0,0,0,-1,0,0,0,0,0,0,0,0,0
11,1,0,0,0,0,0,0,0,0,0,0,11,3,0,0,0,0,0,0,0,0,-1,0,0,0,0,0,0,0,0,0
13,1,0,0,0,0,0,0,0,0,0,0,13,3,0,0,0,0,0,0,0,0,-1,0,0,0,0,0,0,0,0,0
16,1,0,0,0,0,0,0,0,0,0,0,16,3,0,0,0,0,0,0,0,0,-1,0,0,0,0,0,0,0,0,0
12,1,0,0,0,0,0,0,0,0,0,0,12,3,0,0,0,0,0,0,0,0,-1,0,0,0,0,0,0,0,0,0
10,1,0,0,0,0,0,0,0,0,0,0,10,3,0,0,0,0,0,0,0,0,-1,0,0,0,0,0,0,0,0,0
12,1,0,0,0,0,0,0,0,0,0,0,12,3,0,0,0,0,0,0,0,0,-1,0,0,0,0,0,0,0,0,0
11,1,0,0,0,0,0,0,0,0,0,0,11,3,0,0,0,0,0,0,0,0,-1,0,0,0,0,0,0,0,0,0
7,1,0,0,0,0,0,0,0,0,0,0,7,2,0,0,0,0,0,0,0,0,-1,0,0,0,0,0,0,0,0,0
9,1,0,0,0,0,0,0,0,0,0,0,9,3,0,0,0,0,0,0,0,0,-1,0,0,0,0,0,0,0,0,0
12,1,0,0,0,0,0,0,0,0,0,0,12,3,0,0,0,0,0,0,0,0,-1,0,0,0,0,0,0,0,0,0
8,1,0,0,0,0,0,0,0,0,0,0,8,3,0,0,0,0,0,0,0,0,-1,0,0,0,0,0,0,0,0,0
11,1,0,0,0,0,0,0,0,0,0,0,11,3,0,0,0,0,0,0,0,0,-1,0,0,0,0,0,0,0,0,0
8,1,0,0,0,0,0,0,0,0,0,0,8,3,0,0,0,0,0,0,0,0,-1,0,0,0,0,0,0,0,0,0
8,1,0,0,0,0,0,0,0,0,0,0,8,3,0,0,0,0,0,0,0,0,-1,0,0,0,0,0,0,0,0,0
6,1,0,0,0,0,0,0,0,0,0,0,6,2,0,0,0,0,0,0,0,0,-1,0,0,0,0,0,0,0,0,0
12,1,0,0,0,0,0,0,0,0,0,0,12,3,0,0,0,0,0,0,0,0,-1,0,0,0,0,0,0,0,0,0
11,2,0,0,0,0,0,0,0,0,0,1,11,2,0,0,0,0,0,0,0,0,-1,0,0,0,0,0,0,0,0,0
13,1,0,0,0,0,0,0,0,0,0,0,13,3,0,0,0,0,0,0,0,0,-1,0,0,0,0,0,0,0,0,0
9,1,0,0,0,0,0,0,0,0,0,0,9,2,0,0,0,0,0,0,0,0,-1,0,0,0,0,0,0,0,0,0
13,1,0,1,0,0,0,0,0,0,0,0,13,3,0,0,0,0,0,0,0,0,-1,0,0,0,0,0,0,0,0,0
12,1,0,0,0,0,0,0,0,0,0,0,12,3,0,0,0,0,0,0,0,0,-1,0,0,0,0,0,0,0,0,0
6,1,0,0,0,0,0,0,0,0,0,0,6,2,0,0,0,0,0,0,0,0,-1,0,0,0,0,0,0,0,0,0
11,1,0,0,0,0,0,0,0,0,0,0,11,3,0,0,0,0,0,0,0,0,-1,0,0,0,0,0,0,0,0,0
13,1,0,0,0,0,0,0,0,0,0,0,13,3,0,0,0,0,0,0,0,0,-1,0,0,0,0,0,0,0,0,0
14,1,0,0,0,0,0,0,0,0,0,0,14,3,0,0,0,0,0,0,0,0,-1,0,0,0,0,0,0,0,0,0
7,1,0,0,0,0,0,0,0,0,0,0,7,3,0,0,0,0,0,0,0,0,-1,0,0,0,0,0,0,0,0,0
7,1,0,0,0,0,0,0,0,0,0,0,7,3,0,0,0,0,0,0,0,0,-1,0,0,0,0,0,0,0,0,0
16,1,0,0,0,0,0,0,0,0,0,0,16,3,0,0,0,0,0,0,0,0,-1,0,0,0,0,0,0,0,0,0
4,1,0,0,0,0,0,0,0,0,0,0,4,2,0,0,0,0,0,0,0,0,-1,0,0,0,0,0,0,0,0,0
8,1,0,0,0,0,0,0,0,0,0,0,8,3,0,0,0,0,0,0,0,0,-1,0,0,0,0,0,0,0,0,0
13,2,0,0,0,0,0,0,0,0,0,1,13,2,0,0,0,0,0,0,0,0,-1,0,0,0,0,0,0,0,0,0
10,1,0,0,0,0,0,0,0,0,0,0,10,4,0,0,0,0,0,0,0,0,-1,0,0,0,0,0,0,0,0,0
10,1,0,0,0,0,0,0,0,0,0,0,10,3,0,0,0,0,0,0,0,0,-1,0,0,0,0,0,0,0,0,0
12,1,0,0,0,0,0,0,0,0,0,0,12,2,0,0,0,0,0,0,0,0,-1,0,0,0,0,0,0,0,0,0
18,1,0,0,0,0,0,0,0,0,0,0,18,3,0,0,0,0,0,0,0,0,-1,0,0,0,0,0,0,0,0,0
12,1,0,0,0,0,0,0,0,0,0,0,12,3,0,0,0,0,0,0,0,0,-1,0,0,0,0,0,0,0,0,0
8,1,0,0,0,0,0,0,0,0,0,0,8,2,0,0,0,0,0,0,0,0,-1,0,0,0,0,0,0,0,0,0
21,1,0,0,0,0,0,0,0,1,0,0,21,3,0,0,0,0,0,0,0,0,-1,0,0,0,0,0,0,0,0,0
9,1,0,1,0,0,0,0,0,0,0,0,9,3,0,0,0,0,0,0,0,0,-1,0,0,0,0,0,0,0,0,0
7,1,0,0,0,0,0,0,0,0,0,0,7,2,0,0,0,0,0,0,0,0,-1,0,0,0,0,0,0,0,0,0
10,1,0,0,0,0,0,0,0,0,0,0,10,3,0,0,0,0,0,0,0,0,-1,0,0,0,0,0,0,0,0,0
9,1,0,0,0,0,0,0,0,0,0,0,9,3,0,0,0,0,0,0,0,0,-1,0,0,0,0,0,0,0,0,0
10,1,0,0,0,0,0,0,0,0,0,0,10,2,0,0,0,0,0,0,0,0,-1,0,0,0,0,0,0,0,0,0
12,2,0,0,0,0,0,0,0,0,0,1,12,2,0,0,0,0,0,0,0,0,-1,0,0,0,0,0,0,0,0,0
13,1,0,0,0,0,0,0,0,0,0,0,13,3,0,0,0,0,0,0,0,0,-1,0,0,0,0,0,0,0,0,0
5,1,0,0,0,0,0,0,0,0,0,0,5,2,0,0,0,0,0,0,0,0,-1,0,0,0,0,0,0,0,0,0
7,1,0,0,0,0,0,0,0,0,0,0,7,3,0,0,0,0,0,0,0,0,-1,0,0,0,0,0,0,0,0,0
11,1,0,0,0,0,0,0,0,0,0,0,11,3,0,0,0,0,0,0,0,0,-1,0,0,0,0,0,0,0,0,0
9,1,0,0,0,0,0,0,0,0,0,0,9,3,0,0,0,0,0,0,0,0,-1,0,0,0,0,0,0,0,0,0
6,1,0,0,0,0,0,0,0,0,0,0,6,2,0,0,0,0,0,0,0,0,-1,0,0,0,0,0,0,0,0,0
11,1,0,0,0,0,0,0,0,0,0,0,11,3,0,0,0,0,0,0,0,0,-1,0,0,0,0,0,0,0,0,0
13,1,0,0,0,0,0,0,0,0,0,0,13,3,0,0,0,0,0,0,0,0,-1,0,0,0,0,0,0,0,0,0
11,1,0,0,0,0,0,0,0,0,0,0,11,3,0,0,0,0,0,0,0,0,-1,0,0,0,0,0,0,0,0,0
15,1,0,0,0,0,0,0,0,0,0,0,15,3,0,0,0,0,0,0,0,0,-1,0,0,0,0,0,0,0,0,0
12,1,0,0,0,0,0,0,0,0,0,0,12,3,0,0,0,0,0,0,0,0,-1,0,0,0,0,0,0,0,0,0
16,1,0,0,0,0,0,0,0,0,0,0,16,3,0,0,0,0,0,0,0,0,-1,0,0,0,0,0,0,0,0,0
13,2,0,0,0,0,0,0,0,0,0,1,13,2,0,0,0,0,0,0,0,0,-1,0,0,0,0,0,0,0,0,0
14,1,0,0,0,0,0,0,0,0,0,0,14,3,0,0,0,0,0,0,0,0,-1,0,0,0,0,0,0,0,0,0
9,1,0,0,0,0,0,0,0,0,0,0,9,3,0,0,0,0,0,0,0,0,-1,0,0,0,0,0,0,0,0,0
7,1,0,0,0,0,0,0,0,0,0,0,7,3,0,0,0,0,0,0,0,0,-1,0,0,0,0,0,0,0,0,0
11,1,0,0,0,0,0,0,0,0,0,0,11,3,0,0,0,0,0,0,0,0,-1,0,0,0,0,0,0,0,0,0
16,1,0,1,0,0,0,0,0,0,0,0,16,2,0,0,0,0,0,0,0,0,-1,0,0,0,0,0,0,0,0,0
11,1,0,0,0,0,0,0,0,0,0,0,11,3,0,0,0,0,0,0,0,0,-1,0,0,0,0,0,0,0,0,0
7,1,0,0,0,0,0,0,0,0,0,0,7,3,0,0,0,0,0,0,0,0,-1,0,0,0,0,0,0,0,0,0
8,1,0,0,0,0,0,0,0,0,0,0,8,3,0,0,0,0,0,0,0,0,-1,0,0,0,0,0,0,0,0,0
15,1,0,0,0,0,0,0,0,0,0,0,15,3,0,0,0,0,0,0,0,0,-1,0,0,0,0,0,0,0,0,0
9,1,0,0,0,0,0,0,0,0,0,0,9,2,0,0,0,0,0,0,0,0,-1,0,0,0,0,0,0,0,0,0
11,1,0,0,0,0,0,0,0,0,0,0,11,3,0,0,0,0,0,0,0,0,-1,0,0,0,0,0,0,0,0,0
12,1,0,0,0,0,0,0,0,0,0,0,12,4,0,0,0,0,0,0,0,0,-1,0,0,0,0,0,0,0,0,0
13,1,0,0,0,0,0,0,0,0,0,0,13,3,0,0,0,0,0,0,0,0,-1,0,0,0,0,0,0,0,0,0
8,1,0,0,0,0,0,0,0,0,0,0,8,3,0,0,0,0,0,0,0,0,-1,0,0,0,0,0,0,0,0,0
13,2,0,0,0,0,0,0,0,0,0,1,13,2,0,0,0,0,0,0,0,0,-1,0,0,0,0,0,0,0,0,0
7,1,0,0,0,0,0,0,0,0,0,0,7,2,0,0,0,0,0,0,0,0,-1,0,0,0,0,0,0,0,0,0
15,1,0,0,0,0,0,0,0,0,0,0,15,3,0,0,0,0,0,0,0,0,-1,0,0,0,0,0,0,0,0,0
14,1,0,0,0,0,0,0,0,0,0,0,14,3,0,0,0,0,0,0,0,0,-1,0,0,0,0,0,0,0,0,0
11,1,0,0,0,0,0,0,0,0,0,0,11,3,0,0,0,0,0,0,0,0,-1,0,0,0,0,0,0,0,0,0
13,1,0,1,0,0,0,0,0,0,0,0,13,3,0,0,0,0,0,0,0,0,-1,0,0,0,0,0,0,0,0,0
10,1,0,0,0,0,0,0,0,0,0,0,10,3,0,0,0,0,0,0,0,0,-1,0,0,0,0,0,0,0,0,0
16,1,0,0,0,0,0,0,0,0,0,0,16,3,0,0,0,0,0,0,0,0,-1,0,0,0,0,0,0,0,0,0
13,1,0,0,0,0,0,0,0,0,0,0,13,3,0,0,0,0,0,0,0,0,-1,0,0,0,0,0,0,0,0,0
14,1,0,0,0,0,0,0,0,0,0,0,14,3,0,0,0,0,0,0,0,0,-1,0,0,0,0,0,0,0,0,0
13,1,0,0,0,0,0,0,0,0,0,0,13,2,0,0,0,0,0,0,0,0,-1,0,0,0,0,0,0,0,0,0
9,1,0,0,0,0,0,0,0,0,0,0,9,2,0,0,0,0,0,0,0,0,-1,0,0,0,0,0,0,0,0,0
17,1,0,0,0,0,0,0,0,0,0,0,17,3,0,0,0,0,0,0,0,0,-1,0,0,0,0,0,0,0,0,0
7,1,0,0,0,0,0,0,0,0,0,0,7,3,0,0,0,0,0,0,0,0,-1,0,0,0,0,0,0,0,0,0
11,1,0,0,0,0,0,0,0,0,0,0,11,3,0,0,0,0,0,0,0,0,-1,0,0,0,0,0,0,0,0,0
16,1,0,0,0,0,0,0,0,0,0,0,16,3,0,0,0,0,0,0,0,0,-1,0,0,0,0,0,0,0,0,0
16,2,0,0,0,0,0,0,0,0,0,1,16,2,0,0,0,0,0,0,0,0,-1,0,0,0,0,0,0,0,0,0
10,1,0,0,0,0,0,0,0,0,0,0,10,3,0,0,0,0,0,0,0,0,-1,0,0,0,0,0,0,0,0,0
6,1,0,0,0,0,0,0,0,0,0,0,6,2,0,0,0,0,0,0,0,0,-1,0,0,0,0,0,0,0,0,0
10,1,0,0,0,0,0,0,0,0,0,0,10,2,0,0,0,0,0,0,0,0,-1,0,0,0,0,0,0,0,0,0
11,1,0,0,0,0,0,0,0,0,0,0,11,2,0,0,0,0,0,0,0,0,-1,0,0,0,0,0,0,0,0,0
10,1,0,0,0,0,0,0,0,0,0,0,10,3,0,0,0,0,0,0,0,0,-1,0,0,0,0,0,0,0,0,0
13,1,0,0,0,0,0,0,0,0,0,0,13,2,0,0,0,0,0,0,0,0,-1,0,0,0,0,0,0,0,0,0
13,1,0,0,0,0,0,0,0,0,0,0,13,3,0,0,0,0,0,0,0,0,-1,0,0,0,0,0,0,0,0,0
11,1,0,0,0,0,0,0,0,0,0,0,11,2,0,0,0,0,0,0,0,0,-1,0,0,0,0,0,0,0,0,0
9,1,0,0,0,0,0,0,0,0,0,0,9,2,0,0,0,0,0,0,0,0,-1,0,0,0,0,0,0,0,0,0
15,1,0,1,0,0,0,0,0,0,0,0,15,3,0,0,0,0,0,0,0,0,-1,0,0,0,0,0,0,0,0,0
6,1,0,0,0,0,0,0,0,0,0,0,6,2,0,0,0,0,0,0,0,0,-1,0,0,0,0,0,0,0,0,0
9,1,0,0,0,0,0,0,0,0,0,0,9,2,0,0,0,0,0,0,0,0,-1,0,0,0,0,0,0,0,0,0
9,1,0,0,0,0,0,0,0,0,0,0,9,2,0,0,0,0,0,0,0,0,-1,0,0,0,0,0,0,0,0,0
10,1,0,0,0,0,0,0,0,0,0,0,10,3,0,0,0,0,0,0,0,0,-1,0,0,0,0,0,0,0,0,0
10,1,0,0,0,0,0,0,0,0,0,0,10,3,0,0,0,0,0,0,0,0,-1,0,0,0,0,0,0,0,0,0
9,1,0,0,0,0,0,0,0,0,0,0,9,3,0,0,0,0,0,0,0,0,-1,0,0,0,0,0,0,0,0,0
11,1,0,0,0,0,0,0,0,0,0,0,11,3,0,0,0,0,0,0,0,0,-1,0,0,0,0,0,0,0,0,0
13,1,0,0,0,0,0,0,0,0,0,0,13,3,0,0,0,0,0,0,0,0,-1,0,0,0,0,0,0,0,0,0
11,1,0,0,0,0,0,0,0,0,0,0,11,3,0,0,0,0,0,0,0,0,-1,0,0,0,0,0,0,0,0,0
10,1,0,1,0,0,0,0,0,0,0,0,10,2,0,0,0,0,0,0,0,0,-1,0,0,0,0,0,0,0,0,0
19,1,0,0,0,0,0,0,0,0,0,0,19,3,0,0,0,0,0,0,0,0,-1,0,0,0,0,0,0,0,0,0
21,1,0,0,0,0,0,0,0,0,0,0,21,2,0,0,0,0,0,0,0,0,-1,0,0,0,0,0,0,0,0,0
9,1,0,0,0,0,0,0,0,0,0,0,9,3,0,0,0,0,0,0,0,0,-1,0,0,0,0,0,0,0,0,0
13,1,0,0,0,0,0,0,0,0,0,0,13,3,0,0,0,0,0,0,0,0,-1,0,0,0,0,0,0,0,0,0
11,1,0,0,0,0,0,0,0,0,0,0,11,3,0,0,0,0,0,0,0,0,-1,0,0,0,0,0,0,0,0,0
11,1,0,0,0,0,0,0,0,0,0,0,11,3,0,0,0,0,0,0,0,0,-1,0,0,0,0,0,0,0,0,0
8,1,0,0,0,0,0,0,0,0,0,0,8,3,0,0,0,0,0,0,0,0,-1,0,0,0,0,0,0,0,0,0
12,1,0,0,0,0,0,0,0,0,0,0,12,2,0,0,0,0,0,0,0,0,-1,0,0,0,0,0,0,0,0,0
10,1,0,0,0,0,0,0,0,0,0,0,10,3,0,0,0,0,0,0,0,0,-1,0,0,0,0,0,0,0,0,0
11,1,0,0,0,0,0,0,0,0,0,0,11,3,0,0,0,0,0,0,0,0,-1,0,0,0,0,0,0,0,0,0
8,1,0,0,0,0,0,0,0,0,0,0,8,2,0,0,0,0,0,0,0,0,-1,0,0,0,0,0,0,0,0,0
16,1,0,0,0,0,0,0,0,0,0,0,16,3,0,0,0,0,0,0,0,0,-1,0,0,0,0,0,0,0,0,0
12,1,0,0,0,0,0,0,0,0,0,0,12,3,0,0,0,0,0,0,0,0,-1,0,0,0,0,0,0,0,0,0
11,1,0,0,0,0,0,0,0,0,0,0,11,3,0,0,0,0,0,0,0,0,-1,0,0,0,0,0,0,0,0,0
15,1,0,0,0,0,0,0,0,0,0,0,15,3,0,0,0,0,0,0,0,0,-1,0,0,0,0,0,0,0,0,0
7,1,0,0,0,0,0,0,0,0,0,0,7,3,0,0,0,0,0,0,0,0,-1,0,0,0,0,0,0,0,0,0
11,1,0,1,0,0,0,0,0,0,0,0,11,3,0,0,0,0,0,0,0,0,-1,0,0,0,0,0,0,0,0,0
13,1,0,0,0,0,0,0,0,0,0,0,13,3,0,0,0,0,0,0,0,0,-1,0,0,0,0,0,0,0,0,0
7,1,0,0,0,0,0,0,0,0,0,0,7,2,0,0,0,0,0,0,0,0,-1,0,0,0,0,0,0,0,0,0
9,1,0,1,0,0,0,0,0,0,0,0,9,3,0,0,0,0,0,0,0,0,-1,0,0,0,0,0,0,0,0,0
9,1,0,0,0,0,0,0,0,0,0,0,9,3,0,0,0,0,0,0,0,0,-1,0,0,0,0,0,0,0,0,0
9,1,0,0,0,0,0,0,0,0,0,0,9,2,0,0,0,0,0,0,0,0,-1,0,0,0,0,0,0,0,0,0
13,1,0,0,0,0,0,0,0,0,0,0,13,3,0,0,0,0,0,0,0,0,-1,0,0,0,0,0,0,0,0,0
11,1,0,0,0,0,0,0,0,0,0,0,11,3,0,0,0,0,0,0,0,0,-1,0,0,0,0,0,0,0,0,0
6,1,0,0,0,0,0,0,0,0,0,0,6,2,0,0,0,0,0,0,0,0,-1,0,0,0,0,0,0,0,0,0
7,1,0,0,0,0,0,0,0,0,0,0,7,3,0,0,0,0,0,0,0,0,-1,0,0,0,0,0,0,0,0,0
10,1,0,0,0,0,0,0,0,0,0,0,10,3,0,0,0,0,0,0,0,0,-1,0,0,0,0,0,0,0,0,0
15,1,0,0,0,0,0,0,0,0,0,0,15,2,0,0,0,0,0,0,0,0,-1,0,0,0,0,0,0,0,0,0
10,1,0,0,0,0,0,0,0,0,0,0,10,4,0,0,0,0,0,0,0,0,-1,0,0,0,0,0,0,0,0,0
9,1,0,0,0,0,0,0,0,0,0,0,9,3,0,0,0,0,0,0,0,0,-1,0,0,0,0,0,0,0,0,0
10,1,0,0,0,0,0,0,0,0,0,0,10,3,0,0,0,0,0,0,0,0,-1,0,0,0,0,0,0,0,0,0
12,1,0,0,0,0,0,0,0,0,0,0,12,3,0,0,0,0,0,0,0,0,-1,0,0,0,0,0,0,0,0,0
7,1,0,0,0,0,0,0,0,0,0,0,7,2,0,0,0,0,0,0,0,0,-1,0,0,0,0,0,0,0,0,0
14,1,0,0,0,0,0,0,0,0,0,0,14,3,0,0,0,0,0,0,0,0,-1,0,0,0,0,0,0,0,0,0
6,1,0,0,0,0,0,0,0,0,0,0,6,2,0,0,0,0,0,0,0,0,-1,0,0,0,0,0,0,0,0,0
11,1,0,0,0,0,0,0,0,0,0,0,11,3,0,0,0,0,0,0,0,0,-1,0,0,0,0,0,0,0,0,0
10,1,0,0,0,0,0,0,0,0,0,0,10,3,0,0,0,0,0,0,0,0,-1,0,0,0,0,0,0,0,0,0
14,1,0,0,0,0,0,0,0,0,0,0,14,2,0,0,0,0,0,0,0,0,-1,0,0,0,0,0,0,0,0,0
9,1,0,0,0,0,0,0,0,0,0,0,9,3,0,0,0,0,0,0,0,0,-1,0,0,0,0,0,0,0,0,0
16,1,0,0,0,0,0,0,0,0,0,0,16,3,0,0,0,0,0,0,0,0,-1,0,0,0,0,0,0,0,0,0
8,1,0,0,0,0,0,0,0,0,0,0,8,2,0,0,0,0,0,0,0,0,-1,0,0,0,0,0,0,0,0,0
20,1,0,0,0,0,0,0,0,0,0,0,20,3,0,0,0,0,0,0,0,0,-1,0,0,0,0,0,0,0,0,0
14,1,0,0,0,0,0,0,0,0,0,0,14,3,0,0,0,0,0,0,0,0,-1,0,0,0,0,0,0,0,0,0
18,1,0,0,0,0,0,0,0,0,0,0,18,3,0,0,0,0,0,0,0,0,-1,0,0,0,0,0,0,0,0,0
10,1,0,1,0,0,0,0,0,0,0,0,10,2,0,0,0,0,0,0,0,0,-1,0,0,0,0,0,0,0,0,0
8,1,0,0,0,0,0,0,0,0,0,0,8,3,0,0,0,0,0,0,0,0,-1,0,0,0,0,0,0,0,0,0
8,1,0,0,0,0,0,0,0,0,0,0,8,2,0,0,0,0,0,0,0,0,-1,0,0,0,0,0,0,0,0,0
13,1,0,0,0,0,0,0,0,0,0,0,13,3,0,0,0,0,0,0,0,0,-1,0,0,0,0,0,0,0,0,0
9,1,0,0,0,0,0,0,0,0,0,0,9,2,0,0,0,0,0,0,0,0,-1,0,0,0,0,0,0,0,0,0
11,1,0,0,0,0,0,0,0,0,0,0,11,4,0,0,0,0,0,0,0,0,-1,0,0,0,0,0,0,0,0,0
9,1,0,0,0,0,0,0,0,0,0,0,9,3,0,0,0,0,0,0,0,0,-1,0,0,0,0,0,0,0,0,0
7,1,0,0,0,0,0,0,0,0,0,0,7,3,0,0,0,0,0,0,0,0,-1,0,0,0,0,0,0,0,0,0
10,1,0,0,0,0,0,0,0,0,0,0,10,2,0,0,0,0,0,0,0,0,-1,0,0,0,0,0,0,0,0,0
7,1,0,0,0,0,0,0,0,0,0,0,7,3,0,0,0,0,0,0,0,0,-1,0,0,0,0,0,0,0,0,0
13,1,0,0,0,0,0,0,0,0,0,0,13,3,0,0,0,0,0,0,0,0,-1,0,0,0,0,0,0,0,0,0
9,1,0,0,0,0,0,0,0,0,0,0,9,4,0,0,0,0,0,0,0,0,-1,0,0,0,0,0,0,0,0,0
13,1,0,1,0,0,0,0,0,0,0,0,13,3,0,0,0,0,0,0,0,0,-1,0,0,0,0,0,0,0,0,0
8,1,0,0,0,0,0,0,0,0,0,0,8,2,0,0,0,0,0,0,0,0,-1,0,0,0,0,0,0,0,0,0
25,1,0,1,0,0,0,0,0,0,0,0,25,3,0,0,0,0,0,0,0,0,-1,0,0,0,0,0,0,0,0,0
12,2,0,0,0,0,0,0,0,0,0,1,12,2,0,0,0,0,0,0,0,0,-1,0,0,0,0,0,0,0,0,0
13,1,0,0,0,0,0,0,0,0,0,0,13,3,0,0,0,0,0,0,0,0,-1,0,0,0,0,0,0,0,0,0
13,1,0,0,0,0,0,0,0,0,0,0,13,3,0,0,0,0,0,0,0,0,-1,0,0,0,0,0,0,0,0,0
7,1,0,0,0,0,0,0,0,0,0,0,7,2,0,0,0,0,0,0,0,0,-1,0,0,0,0,0,0,0,0,0
8,1,0,0,0,0,0,0,0,0,0,0,8,3,0,0,0,0,0,0,0,0,-1,0,0,0,0,0,0,0,0,0
9,1,0,0,0,0,0,0,0,0,0,0,9,3,0,0,0,0,0,0,0,0,-1,0,0,0,0,0,0,0,0,0
8,1,0,0,0,0,0,0,0,0,0,0,8,5,0,0,0,0,0,0,0,0,-1,0,0,0,0,0,0,0,0,0
12,1,0,0,0,0,0,0,0,0,0,0,12,3,0,0,0,0,0,0,0,0,-1,0,0,0,0,0,0,0,0,0
12,1,0,0,0,0,0,0,0,0,0,0,12,3,0,0,0,0,0,0,0,0,-1,0,0,0,0,0,0,0,0,0
13,1,0,0,0,0,0,0,0,0,0,0,13,3,0,0,0,0,0,0,0,0,-1,0,0,0,0,0,0,0,0,0
11,1,0,0,0,0,0,0,0,0,0,0,11,3,0,0,0,0,0,0,0,0,-1,0,0,0,0,0,0,0,0,0
13,1,0,0,0,0,0,0,0,0,0,0,13,3,0,0,0,0,0,0,0,0,-1,0,0,0,0,0,0,0,0,0
10,1,0,0,0,0,0,0,0,0,0,0,10,3,0,0,0,0,0,0,0,0,-1,0,0,0,0,0,0,0,0,0
14,1,0,1,0,0,0,0,0,0,0,0,14,3,0,0,0,0,0,0,0,0,-1,0,0,0,0,0,0,0,0,0
5,1,0,0,0,0,0,0,0,0,0,0,5,2,0,0,0,0,0,0,0,0,-1,0,0,0,0,0,0,0,0,0
8,1,0,0,0,0,0,0,0,0,0,0,8,3,0,0,0,0,0,0,0,0,-1,0,0,0,0,0,0,0,0,0
14,1,0,0,0,0,0,0,0,0,0,0,14,3,0,0,0,0,0,0,0,0,-1,0,0,0,0,0,0,0,0,0
15,1,0,0,0,0,0,0,0,0,0,0,15,3,0,0,0,0,0,0,0,0,-1,0,0,0,0,0,0,0,0,0
14,1,0,0,0,0,0,0,0,0,0,0,14,3,0,0,0,0,0,0,0,0,-1,0,0,0,0,0,0,0,0,0
14,1,0,0,0,0,0,0,0,0,0,0,14,3,0,0,0,0,0,0,0,0,-1,0,0,0,0,0,0,0,0,0
15,1,0,0,0,0,0,0,0,0,0,0,15,3,0,0,0,0,0,0,0,0,-1,0,0,0,0,0,0,0,0,0
17,1,0,0,0,0,0,0,0,0,0,0,17,3,0,0,0,0,0,0,0,0,-1,0,0,0,0,0,0,0,0,0
17,1,0,0,0,0,0,0,0,0,0,0,17,3,0,0,0,0,0,0,0,0,-1,0,0,0,0,0,0,0,0,0
14,1,0,1,0,0,0,0,0,0,0,0,14,2,0,0,0,0,0,0,0,0,-1,0,0,0,0,0,0,0,0,0
4,1,0,0,0,0,0,0,0,0,0,0,4,2,0,0,0,0,0,0,0,0,-1,0,0,0,0,0,0,0,0,0
11,1,0,0,0,0,0,0,0,0,0,0,11,2,0,0,0,0,0,0,0,0,-1,0,0,0,0,0,0,0,0,0
5,1,0,0,0,0,0,0,0,0,0,0,5,2,0,0,0,0,0,0,0,0,-1,0,0,0,0,0,0,0,0,0
10,1,0,0,0,0,0,0,0,0,0,0,10,3,0,0,0,0,0,0,0,0,-1,0,0,0,0,0,0,0,0,0
8,1,0,0,0,0,0,0,0,0,0,0,8,2,0,0,0,0,0,0,0,0,-1,0,0,0,0,0,0,0,0,0
19,1,0,1,0,0,0,0,0,0,0,0,19,3,0,0,0,0,0,0,0,0,-1,0,0,0,0,0,0,0,0,0
11,1,0,0,0,0,0,0,0,0,0,0,11,2,0,0,0,0,0,0,0,0,-1,0,0,0,0,0,0,0,0,0
10,1,0,0,0,0,0,0,0,0,0,0,10,2,0,0,0,0,0,0,0,0,-1,0,0,0,0,0,0,0,0,0
11,1,0,0,0,0,0,0,0,0,0,0,11,2,0,0,0,0,0,0,0,0,-1,0,0,0,0,0,0,0,0,0
13,2,0,0,0,0,0,0,0,0,0,1,13,2,0,0,0,0,0,0,0,0,-1,0,0,0,0,0,0,0,0,0
14,1,0,0,0,0,0,0,0,0,0,0,14,3,0,0,0,0,0,0,0,0,-1,0,0,0,0,0,0,0,0,0
11,1,0,0,0,0,0,0,0,0,0,0,11,3,0,0,0,0,0,0,0,0,-1,0,0,0,0,0,0,0,0,0
10,1,0,0,0,0,0,0,0,0,0,0,10,3,0,0,0,0,0,0,0,0,-1,0,0,0,0,0,0,0,0,0
7,1,0,0,0,0,0,0,0,0,0,0,7,3,0,0,0,0,0,0,0,0,-1,0,0,0,0,0,0,0,0,0
13,1,0,0,0,0,0,0,0,0,0,0,13,3,0,0,0,0,0,0,0,0,-1,0,0,0,0,0,0,0,0,0
15,1,0,0,0,0,0,0,0,0,0,0,15,3,0,0,0,0,0,0,0,0,-1,0,0,0,0,0,0,0,0,0
8,1,0,0,0,0,0,0,0,0,0,0,8,2,0,0,0,0,0,0,0,0,-1,0,0,0,0,0,0,0,0,0
10,1,0,0,0,0,0,0,0,0,0,0,10,3,0,0,0,0,0,0,0,0,-1,0,0,0,0,0,0,0,0,0
16,1,0,0,0,0,0,0,0,0,0,0,16,3,0,0,0,0,0,0,0,0,-1,0,0,0,0,0,0,0,0,0
11,1,0,0,0,0,0,0,0,0,0,0,11,3,0,0,0,0,0,0,0,0,-1,0,0,0,0,0,0,0,0,0
17,1,0,0,0,0,0,0,0,0,0,0,17,3,0,0,0,0,0,0,0,0,-1,0,0,0,0,0,0,0,0,0
10,1,0,0,0,0,0,0,0,0,0,0,10,3,0,0,0,0,0,0,0,0,-1,0,0,0,0,0,0,0,0,0
9,1,0,0,0,0,0,0,0,0,0,0,9,2,0,0,0,0,0,0,0,0,-1,0,0,0,0,0,0,0,0,0
14,1,0,0,0,0,0,0,0,0,0,0,14,3,0,0,0,0,0,0,0,0,-1,0,0,0,0,0,0,0,0,0
16,1,0,0,0,0,0,0,0,0,0,0,16,3,0,0,0,0,0,0,0,0,-1,0,0,0,0,0,0,0,0,0
11,1,0,0,0,0,0,0,0,0,0,0,11,3,0,0,0,0,0,0,0,0,-1,0,0,0,0,0,0,0,0,0
12,2,0,0,0,0,0,0,0,0,0,1,12,2,0,0,0,0,0,0,0,0,-1,0,0,0,0,0,0,0,0,0
11,1,0,0,0,0,0,0,0,0,0,0,11,3,0,0,0,0,0,0,0,0,-1,0,0,0,0,0,0,0,0,0
13,1,0,0,0,0,0,0,0,0,0,0,13,3,0,0,0,0,0,0,0,0,-1,0,0,0,0,0,0,0,0,0
7,1,0,0,0,0,0,0,0,0,0,0,7,2,0,0,0,0,0,0,0,0,-1,0,0,0,0,0,0,0,0,0
10,1,0,0,0,0,0,0,0,0,0,0,10,3,0,0,0,0,0,0,0,0,-1,0,0,0,0,0,0,0,0,0
8,1,0,0,0,0,0,0,0,0,0,0,8,4,0,0,0,0,0,0,0,0,-1,0,0,0,0,0,0,0,0,0
13,1,0,0,0,0,0,0,0,0,0,0,13,5,0,0,0,0,0,0,0,0,-1,0,0,0,0,0,0,0,0,0
13,1,0,0,0,0,0,0,0,0,0,0,13,3,0,0,0,0,0,0,0,0,-1,0,0,0,0,0,0,0,0,0
12,1,0,0,0,0,0,0,0,0,0,0,12,3,0,0,0,0,0,0,0,0,-1,0,0,0,0,0,0,0,0,0
15,1,0,0,0,0,0,0,0,0,0,0,15,3,0,0,0,0,0,0,0,0,-1,0,0,0,0,0,0,0,0,0
10,1,0,0,0,0,0,0,0,0,0,0,10,3,0,0,0,0,0,0,0,0,-1,0,0,0,0,0,0,0,0,0
13,1,0,0,0,0,0,0,0,0,0,0,13,3,0,0,0,0,0,0,0,0,-1,0,0,0,0,0,0,0,0,0
10,1,0,0,0,0,0,0,0,0,0,0,10,2,0,0,0,0,0,0,0,0,-1,0,0,0,0,0,0,0,0,0
10,1,0,0,0,0,0,0,0,0,0,0,10,2,0,0,0,0,0,0,0,0,-1,0,0,0,0,0,0,0,0,0
6,1,0,0,0,0,0,0,0,0,0,0,6,3,0,0,0,0,0,0,0,0,-1,0,0,0,0,0,0,0,0,0
13,1,0,0,0,0,0,0,0,0,0,0,13,3,0,0,0,0,0,0,0,0,-1,0,0,0,0,0,0,0,0,0
14,1,0,1,0,0,0,0,0,0,0,0,14,3,0,0,0,0,0,0,0,0,-1,0,0,0,0,0,0,0,0,0
14,2,0,0,0,0,0,0,0,0,0,1,14,2,0,0,0,0,0,0,0,0,-1,0,0,0,0,0,0,0,0,0
7,1,0,0,0,0,0,0,0,0,0,0,7,3,0,0,0,0,0,0,0,0,-1,0,0,0,0,0,0,0,0,0
13,1,0,0,0,0,0,0,0,0,0,0,13,3,0,0,0,0,0,0,0,0,-1,0,0,0,0,0,0,0,0,0
11,1,0,0,0,0,0,0,0,0,0,0,11,3,0,0,0,0,0,0,0,0,-1,0,0,0,0,0,0,0,0,0
16,1,0,0,0,0,0,0,0,0,0,0,16,3,0,0,0,0,0,0,0,0,-1,0,0,0,0,0,0,0,0,0
11,1,0,0,0,0,0,0,0,0,0,0,11,2,0,0,0,0,0,0,0,0,-1,0,0,0,0,0,0,0,0,0
13,2,0,0,0,0,0,0,0,0,0,1,13,2,0,0,0,0,0,0,0,0,-1,0,0,0,0,0,0,0,0,0
9,2,0,0,0,0,0,0,0,0,0,1,9,2,0,0,0,0,0,0,0,0,-1,0,0,0,0,0,0,0,0,0
13,1,0,0,0,0,0,0,0,0,0,0,13,2,0,0,0,0,0,0,0,0,-1,0,0,0,0,0,0,0,0,0
10,1,0,0,0,0,0,0,0,0,0,0,10,3,0,0,0,0,0,0,0,0,-1,0,0,0,0,0,0,0,0,0
12,1,0,0,0,0,0,0,0,0,0,0,12,3,0,0,0,0,0,0,0,0,-1,0,0,0,0,0,0,0,0,0
8,1,0,0,0,0,0,0,0,0,0,0,8,2,0,0,0,0,0,0,0,0,-1,0,0,0,0,0,0,0,0,0
9,1,0,1,0,0,0,0,0,0,0,0,9,3,0,0,0,0,0,0,0,0,-1,0,0,0,0,0,0,0,0,0
10,1,0,0,0,0,0,0,0,0,0,0,10,3,0,0,0,0,0,0,0,0,-1,0,0,0,0,0,0,0,0,0
8,1,0,0,0,0,0,0,0,0,0,0,8,3,0,0,0,0,0,0,0,0,-1,0,0,0,0,0,0,0,0,0
8,1,0,0,0,0,0,0,0,0,0,0,8,3,0,0,0,0,0,0,0,0,-1,0,0,0,0,0,0,0,0,0
11,1,0,0,0,0,0,0,0,0,0,0,11,3,0,0,0,0,0,0,0,0,-1,0,0,0,0,0,0,0,0,0
12,1,0,0,0,0,0,0,0,0,0,0,12,3,0,0,0,0,0,0,0,0,-1,0,0,0,0,0,0,0,0,0
15,1,0,0,0,0,0,0,0,0,0,0,15,3,0,0,0,0,0,0,0,0,-1,0,0,0,0,0,0,0,0,0
22,1,0,0,0,0,0,0,0,0,0,0,22,3,0,0,0,0,0,0,0,0,-1,0,0,0,0,0,0,0,0,0
14,1,0,0,0,0,0,0,0,0,0,0,14,2,0,0,0,0,0,0,0,0,-1,0,0,0,0,0,0,0,0,0
10,1,0,0,0,0,0,0,0,0,0,0,10,3,0,0,0,0,0,0,0,0,-1,0,0,0,0,0,0,0,0,0
9,1,0,0,0,0,0,0,0,0,0,0,9,2,0,0,0,0,0,0,0,0,-1,0,0,0,0,0,0,0,0,0
10,1,0,0,0,0,0,0,0,0,0,0,10,3,0,0,0,0,0,0,0,0,-1,0,0,0,0,0,0,0,0,0
8,1,0,0,0,0,0,0,0,0,0,0,8,3,0,0,0,0,0,0,0,0,-1,0,0,0,0,0,0,0,0,0
12,1,0,0,0,0,0,0,0,0,0,0,12,3,0,0,0,0,0,0,0,0,-1,0,0,0,0,0,0,0,0,0
10,1,0,0,0,0,0,0,0,0,0,0,10,2,0,0,0,0,0,0,0,0,-1,0,0,0,0,0,0,0,0,0
11,1,0,0,0,0,0,0,0,0,0,0,11,2,0,0,0,0,0,0,0,0,-1,0,0,0,0,0,0,0,0,0
9,1,0,0,0,0,0,0,0,0,0,0,9,2,0,0,0,0,0,0,0,0,-1,0,0,0,0,0,0,0,0,0
10,1,0,0,0,0,0,0,0,0,0,0,10,4,0,0,0,0,0,0,0,0,-1,0,0,0,0,0,0,0,0,0
14,1,0,0,0,0,0,0,0,0,0,0,14,3,0,0,0,0,0,0,0,0,-1,0,0,0,0,0,0,0,0,0
10,1,0,0,0,0,0,0,0,0,0,0,10,2,0,0,0,0,0,0,0,0,-1,0,0,0,0,0,0,0,0,0
22,1,0,0,0,0,0,0,0,0,0,0,22,3,0,0,0,0,0,0,0,0,-1,0,0,0,0,0,0,0,0,0
9,2,0,0,0,0,0,0,0,0,0,1,9,2,0,0,0,0,0,0,0,0,-1,0,0,0,0,0,0,0,0,0
6,1,0,0,0,0,0,0,0,0,0,0,6,2,0,0,0,0,0,0,0,0,-1,0,0,0,0,0,0,0,0,0
14,1,0,0,0,0,0,0,0,0,0,0,14,4,0,0,0,0,0,0,0,0,-1,0,0,0,0,0,0,0,0,0
23,1,0,2,0,0,0,0,0,0,0,0,23,3,0,0,0,0,0,0,0,0,-1,0,0,0,0,0,0,0,0,0
17,1,0,0,0,0,0,0,0,0,0,0,17,2,0,0,0,0,0,0,0,0,-1,0,0,0,0,0,0,0,0,0
13,2,0,0,0,0,0,0,0,0,0,1,13,2,0,0,0,0,0,0,0,0,-1,0,0,0,0,0,0,0,0,0
19,1,0,0,0,0,0,0,0,0,0,0,19,3,0,0,0,0,0,0,0,0,-1,0,0,0,0,0,0,0,0,0
9,1,0,0,0,0,0,0,0,0,0,0,9,3,0,0,0,0,0,0,0,0,-1,0,0,0,0,0,0,0,0,0
8,1,0,0,0,0,0,0,0,0,0,0,8,3,0,0,0,0,0,0,0,0,-1,0,0,0,0,0,0,0,0,0
11,1,0,0,0,0,0,0,0,0,0,0,11,3,0,0,0,0,0,0,0,0,-1,0,0,0,0,0,0,0,0,0
14,1,0,0,0,0,0,0,0,0,0,0,14,3,0,0,0,0,0,0,0,0,-1,0,0,0,0,0,0,0,0,0
12,1,0,0,0,0,0,0,0,0,0,0,12,3,0,0,0,0,0,0,0,0,-1,0,0,0,0,0,0,0,0,0
7,1,0,0,0,0,0,0,0,0,0,0,7,3,0,0,0,0,0,0,0,0,-1,0,0,0,0,0,0,0,0,0
14,1,0,0,0,0,0,0,0,0,0,0,14,3,0,0,0,0,0,0,0,0,-1,0,0,0,0,0,0,0,0,0
7,1,0,0,0,0,0,0,0,0,0,0,7,2,0,0,0,0,0,0,0,0,-1,0,0,0,0,0,0,0,0,0
16,1,0,0,0,0,0,0,0,0,0,0,16,3,0,0,0,0,0,0,0,0,-1,0,0,0,0,0,0,0,0,0
6,1,0,0,0,0,0,0,0,0,0,0,6,2,0,0,0,0,0,0,0,0,-1,0,0,0,0,0,0,0,0,0
7,1,0,0,0,0,0,0,0,0,0,0,7,3,0,0,0,0,0,0,0,0,-1,0,0,0,0,0,0,0,0,0
11,1,0,0,0,0,0,0,0,0,0,0,11,3,0,0,0,0,0,0,0,0,-1,0,0,0,0,0,0,0,0,0
12,1,0,0,0,0,0,0,0,0,0,0,12,3,0,0,0,0,0,0,0,0,-1,0,0,0,0,0,0,0,0,0
18,1,0,0,0,0,0,0,0,0,0,0,18,3,0,0,0,0,0,0,0,0,-1,0,0,0,0,0,0,0,0,0
16,1,0,0,0,0,0,0,0,0,0,0,16,3,0,0,0,0,0,0,0,0,-1,0,0,0,0,0,0,0,0,0
7,1,0,0,0,0,0,0,0,0,0,0,7,3,0,0,0,0,0,0,0,0,-1,0,0,0,0,0,0,0,0,0
12,1,0,0,0,0,0,0,0,0,0,0,12,3,0,0,0,0,0,0,0,0,-1,0,0,0,0,0,0,0,0,0
15,1,0,1,0,0,0,0,0,0,0,0,15,4,0,0,0,0,0,0,0,0,-1,0,0,0,0,0,0,0,0,0
14,1,0,1,0,0,0,0,0,0,0,0,14,3,0,0,0,0,0,0,0,0,-1,0,0,0,0,0,0,0,0,0
11,1,0,0,0,0,0,0,0,0,0,0,11,3,0,0,0,0,0,0,0,0,-1,0,0,0,0,0,0,0,0,0
10,1,0,0,0,0,0,0,0,0,0,0,10,3,0,0,0,0,0,0,0,0,-1,0,0,0,0,0,0,0,0,0
16,1,0,0,0,0,0,0,0,0,0,0,16,3,0,0,0,0,0,0,0,0,-1,0,0,0,0,0,0,0,0,0
7,1,0,0,0,0,0,0,0,0,0,0,7,3,0,0,0,0,0,0,0,0,-1,0,0,0,0,0,0,0,0,0
11,1,0,0,0,0,0,0,0,0,0,0,11,2,0,0,0,0,0,0,0,0,-1,0,0,0,0,0,0,0,0,0
6,1,0,0,0,0,0,0,0,0,0,0,6,3,0,0,0,0,0,0,0,0,-1,0,0,0,0,0,0,0,0,0
26,1,0,1,0,0,0,0,0,0,0,0,26,3,0,0,0,0,0,0,0,0,-1,0,0,0,0,0,0,0,0,0
9,1,0,0,0,0,0,0,0,0,0,0,9,2,0,0,0,0,0,0,0,0,-1,0,0,0,0,0,0,0,0,0
9,1,0,0,0,0,0,0,0,0,0,0,9,2,0,0,0,0,0,0,0,0,-1,0,0,0,0,0,0,0,0,0
11,1,0,0,0,0,0,0,0,0,0,0,11,3,0,0,0,0,0,0,0,0,-1,0,0,0,0,0,0,0,0,0
14,1,0,0,0,0,0,0,0,0,0,0,14,3,0,0,0,0,0,0,0,0,-1,0,0,0,0,0,0,0,0,0
20,1,0,0,0,0,0,0,0,0,0,0,20,3,0,0,0,0,0,0,0,0,-1,0,0,0,0,0,0,0,0,0
13,1,0,0,0,0,0,0,0,0,0,0,13,3,0,0,0,0,0,0,0,0,-1,0,0,0,0,0,0,0,0,0
10,1,0,0,0,0,0,0,0,0,0,0,10,3,0,0,0,0,0,0,0,0,-1,0,0,0,0,0,0,0,0,0
9,1,0,0,0,0,0,0,0,0,0,0,9,3,0,0,0,0,0,0,0,0,-1,0,0,0,0,0,0,0,0,0
9,1,0,0,0,0,0,0,0,0,0,0,9,3,0,0,0,0,0,0,0,0,-1,0,0,0,0,0,0,0,0,0
11,1,0,0,0,0,0,0,0,0,0,0,11,3,0,0,0,0,0,0,0,0,-1,0,0,0,0,0,0,0,0,0
14,1,0,0,0,0,0,0,0,0,0,0,14,2,0,0,0,0,0,0,0,0,-1,0,0,0,0,0,0,0,0,0
9,1,0,0,0,0,0,0,0,0,0,0,9,3,0,0,0,0,0,0,0,0,-1,0,0,0,0,0,0,0,0,0
10,2,0,0,0,0,0,0,0,0,0,1,10,2,0,0,0,0,0,0,0,0,-1,0,0,0,0,0,0,0,0,0
6,1,0,0,0,0,0,0,0,0,0,0,6,3,0,0,0,0,0,0,0,0,-1,0,0,0,0,0,0,0,0,0
10,1,0,0,0,0,0,0,0,0,0,0,10,5,0,0,0,0,0,0,0,0,-1,0,0,0,0,0,0,0,0,0
14,1,0,0,0,0,0,0,0,0,0,0,14,3,0,0,0,0,0,0,0,0,-1,0,0,0,0,0,0,0,0,0
9,1,0,0,0,0,0,0,0,0,0,0,9,2,0,0,0,0,0,0,0,0,-1,0,0,0,0,0,0,0,0,0
11,1,0,0,0,0,0,0,0,0,0,0,11,3,0,0,0,0,0,0,0,0,-1,0,0,0,0,0,0,0,0,0
9,1,0,0,0,0,0,0,0,0,0,0,9,3,0,0,0,0,0,0,0,0,-1,0,0,0,0,0,0,0,0,0
13,1,0,0,0,0,0,0,0,0,0,0,13,3,0,0,0,0,0,0,0,0,-1,0,0,0,0,0,0,0,0,0
12,1,0,0,0,0,0,0,0,0,0,0,12,3,0,0,0,0,0,0,0,0,-1,0,0,0,0,0,0,0,0,0
11,1,0,0,0,0,0,0,0,0,0,0,11,3,0,0,0,0,0,0,0,0,-1,0,0,0,0,0,0,0,0,0
11,1,0,0,0,0,0,0,0,0,0,0,11,2,0,0,0,0,0,0,0,0,-1,0,0,0,0,0,0,0,0,0
12,1,0,0,0,0,0,0,0,0,0,0,12,2,0,0,0,0,0,0,0,0,-1,0,0,0,0,0,0,0,0,0
13,1,0,0,0,0,0,0,0,0,0,0,13,3,0,0,0,0,0,0,0,0,-1,0,0,0,0,0,0,0,0,0
12,1,0,1,0,0,0,0,0,0,0,0,12,2,0,0,0,0,0,0,0,0,-1,0,0,0,0,0,0,0,0,0
14,1,0,0,0,0,0,0,0,0,0,0,14,3,0,0,0,0,0,0,0,0,-1,0,0,0,0,0,0,0,0,0
14,1,0,0,0,0,0,0,0,0,0,0,14,3,0,0,0,0,0,0,0,0,-1,0,0,0,0,0,0,0,0,0
11,1,0,0,0,0,0,0,0,0,0,0,11,3,0,0,0,0,0,0,0,0,-1,0,0,0,0,0,0,0,0,0
9,1,0,0,0,0,0,0,0,0,0,0,9,3,0,0,0,0,0,0,0,0,-1,0,0,0,0,0,0,0,0,0
11,1,0,0,0,0,0,0,0,0,0,0,11,2,0,0,0,0,0,0,0,0,-1,0,0,0,0,0,0,0,0,0
7,1,0,0,0,0,0,0,0,0,0,0,7,2,0,0,0,0,0,0,0,0,-1,0,0,0,0,0,0,0,0,0
6,1,0,0,0,0,0,0,0,0,0,0,6,2,0,0,0,0,0,0,0,0,-1,0,0,0,0,0,0,0,0,0
9,1,0,0,0,0,0,0,0,0,0,0,9,3,0,0,0,0,0,0,0,0,-1,0,0,0,0,0,0,0,0,0
13,2,0,0,0,0,0,0,0,0,0,1,13,2,0,0,0,0,0,0,0,0,-1,0,0,0,0,0,0,0,0,0
11,1,0,0,0,0,0,0,0,0,0,0,11,5,0,0,0,0,0,0,0,0,-1,0,0,0,0,0,0,0,0,0
11,1,0,0,0,0,0,0,0,0,0,0,11,2,0,0,0,0,0,0,0,0,-1,0,0,0,0,0,0,0,0,0
9,1,0,0,0,0,0,0,0,0,0,0,9,2,0,0,0,0,0,0,0,0,-1,0,0,0,0,0,0,0,0,0
11,1,0,0,0,0,0,0,0,0,0,0,11,3,0,0,0,0,0,0,0,0,-1,0,0,0,0,0,0,0,0,0
17,1,0,0,0,0,0,0,0,0,0,0,17,7,0,0,0,0,0,0,0,0,-1,0,0,0,0,0,0,0,0,0
8,1,0,0,0,0,0,0,0,0,0,0,8,3,0,0,0,0,0,0,0,0,-1,0,0,0,0,0,0,0,0,0
9,1,0,0,0,0,0,0,0,0,0,0,9,3,0,0,0,0,0,0,0,0,-1,0,0,0,0,0,0,0,0,0
14,1,0,0,0,0,0,0,0,0,0,0,14,3,0,0,0,0,0,0,0,0,-1,0,0,0,0,0,0,0,0,0
11,1,0,0,0,0,0,0,0,0,0,0,11,2,0,0,0,0,0,0,0,0,-1,0,0,0,0,0,0,0,0,0
9,1,0,0,0,0,0,0,0,0,0,0,9,3,0,0,0,0,0,0,0,0,-1,0,0,0,0,0,0,0,0,0
17,1,0,0,0,0,0,0,0,0,0,0,17,3,0,0,0,0,0,0,0,0,-1,0,0,0,0,0,0,0,0,0
13,2,0,0,0,0,0,0,0,0,0,1,13,2,0,0,0,0,0,0,0,0,-1,0,0,0,0,0,0,0,0,0
14,1,0,0,0,0,0,0,0,0,0,0,14,3,0,0,0,0,0,0,0,0,-1,0,0,0,0,0,0,0,0,0
9,1,0,0,0,0,0,0,0,0,0,0,9,3,0,0,0,0,0,0,0,0,-1,0,0,0,0,0,0,0,0,0
16,1,0,0,0,0,0,0,0,0,0,0,16,3,0,0,0,0,0,0,0,0,-1,0,0,0,0,0,0,0,0,0
14,1,0,0,0,0,0,0,0,0,0,0,14,3,0,0,0,0,0,0,0,0,-1,0,0,0,0,0,0,0,0,0
14,1,0,0,0,0,0,0,0,0,0,0,14,3,0,0,0,0,0,0,0,0,-1,0,0,0,0,0,0,0,0,0
12,1,0,0,0,0,0,0,0,0,0,0,12,3,0,0,0,0,0,0,0,0,-1,0,0,0,0,0,0,0,0,0
15,2,0,0,0,0,0,0,0,0,0,1,15,2,0,0,0,0,0,0,0,0,-1,0,0,0,0,0,0,0,0,0
12,1,0,0,0,0,0,0,0,0,0,0,12,3,0,0,0,0,0,0,0,0,-1,0,0,0,0,0,0,0,0,0
6,1,0,0,0,0,0,0,0,0,0,0,6,2,0,0,0,0,0,0,0,0,-1,0,0,0,0,0,0,0,0,0
11,1,0,0,0,0,0,0,0,0,0,0,11,3,0,0,0,0,0,0,0,0,-1,0,0,0,0,0,0,0,0,0
11,1,0,0,0,0,0,0,0,0,0,0,11,3,0,0,0,0,0,0,0,0,-1,0,0,0,0,0,0,0,0,0
12,1,0,0,0,0,0,0,0,0,0,0,12,3,0,0,0,0,0,0,0,0,-1,0,0,0,0,0,0,0,0,0
13,1,0,0,0,0,0,0,0,0,0,0,13,2,0,0,0,0,0,0,0,0,-1,0,0,0,0,0,0,0,0,0
13,1,0,0,0,0,0,0,0,0,0,0,13,2,0,0,0,0,0,0,0,0,-1,0,0,0,0,0,0,0,0,0
10,1,0,0,0,0,0,0,0,0,0,0,10,3,0,0,0,0,0,0,0,0,-1,0,0,0,0,0,0,0,0,0
19,1,0,0,0,0,0,0,0,0,0,0,19,3,0,0,0,0,0,0,0,0,-1,0,0,0,0,0,0,0,0,0
10,1,0,0,0,0,0,0,0,0,0,0,10,3,0,0,0,0,0,0,0,0,-1,0,0,0,0,0,0,0,0,0
9,1,0,0,0,0,0,0,0,0,0,0,9,2,0,0,0,0,0,0,0,0,-1,0,0,0,0,0,0,0,0,0
16,2,0,0,0,0,0,0,0,0,0,1,16,2,0,0,0,0,0,0,0,0,-1,0,0,0,0,0,0,0,0,0
8,1,0,0,0,0,0,0,0,0,0,0,8,3,0,0,0,0,0,0,0,0,-1,0,0,0,0,0,0,0,0,0
7,1,0,0,0,0,0,0,0,0,0,0,7,2,0,0,0,0,0,0,0,0,-1,0,0,0,0,0,0,0,0,0
14,1,0,0,0,0,0,0,0,0,0,0,14,3,0,0,0,0,0,0,0,0,-1,0,0,0,0,0,0,0,0,0
11,1,0,0,0,0,0,0,0,0,0,0,11,2,0,0,0,0,0,0,0,0,-1,0,0,0,0,0,0,0,0,0
14,1,0,0,0,0,0,0,0,0,0,0,14,3,0,0,0,0,0,0,0,0,-1,0,0,0,0,0,0,0,0,0
10,1,0,0,0,0,0,0,0,0,0,0,10,3,0,0,0,0,0,0,0,0,-1,0,0,0,0,0,0,0,0,0
17,1,0,0,0,0,0,0,0,0,0,0,17,3,0,0,0,0,0,0,0,0,-1,0,0,0,0,0,0,0,0,0
8,1,0,0,0,0,0,0,0,0,0,0,8,3,0,0,0,0,0,0,0,0,-1,0,0,0,0,0,0,0,0,0
12,1,0,0,0,0,0,0,0,0,0,0,12,3,0,0,0,0,0,0,0,0,-1,0,0,0,0,0,0,0,0,0
12,1,0,0,0,0,0,0,0,0,0,0,12,3,0,0,0,0,0,0,0,0,-1,0,0,0,0,0,0,0,0,0
10,1,0,0,0,0,0,0,0,0,0,0,10,3,0,0,0,0,0,0,0,0,-1,0,0,0,0,0,0,0,0,0
12,1,0,1,0,0,0,0,0,0,0,0,12,3,0,0,0,0,0,0,0,0,-1,0,0,0,0,0,0,0,0,0
8,1,0,0,0,0,0,0,0,0,0,0,8,3,0,0,0,0,0,0,0,0,-1,0,0,0,0,0,0,0,0,0
9,1,0,0,0,0,0,0,0,0,0,0,9,3,0,0,0,0,0,0,0,0,-1,0,0,0,0,0,0,0,0,0
15,1,0,0,0,0,0,0,0,0,0,0,15,3,0,0,0,0,0,0,0,0,-1,0,0,0,0,0,0,0,0,0
19,1,0,0,0,0,0,0,0,0,0,0,19,3,0,0,0,0,0,0,0,0,-1,0,0,0,0,0,0,0,0,0
17,1,0,0,0,0,0,0,0,0,0,0,17,3,0,0,0,0,0,0,0,0,-1,0,0,0,0,0,0,0,0,0
7,1,0,0,0,0,0,0,0,0,0,0,7,3,0,0,0,0,0,0,0,0,-1,0,0,0,0,0,0,0,0,0
9,1,0,0,0,0,0,0,0,0,0,0,9,3,0,0,0,0,0,0,0,0,-1,0,0,0,0,0,0,0,0,0
13,1,0,1,0,0,0,0,0,0,0,0,13,3,0,0,0,0,0,0,0,0,-1,0,0,0,0,0,0,0,0,0
8,1,0,0,0,0,0,0,0,0,0,0,8,2,0,0,0,0,0,0,0,0,-1,0,0,0,0,0,0,0,0,0
7,1,0,0,0,0,0,0,0,0,0,0,7,3,0,0,0,0,0,0,0,0,-1,0,0,0,0,0,0,0,0,0
7,1,0,0,0,0,0,0,0,0,0,0,7,2,0,0,0,0,0,0,0,0,-1,0,0,0,0,0,0,0,0,0
14,1,0,1,0,0,0,0,0,0,0,0,14,3,0,0,0,0,0,0,0,0,-1,0,0,0,0,0,0,0,0,0
5,1,0,0,0,0,0,0,0,0,0,0,5,2,0,0,0,0,0,0,0,0,-1,0,0,0,0,0,0,0,0,0
13,1,0,0,0,0,0,0,0,0,0,0,13,3,0,0,0,0,0,0,0,0,-1,0,0,0,0,0,0,0,0,0
14,1,0,0,0,0,0,0,0,0,0,0,14,3,0,0,0,0,0,0,0,0,-1,0,0,0,0,0,0,0,0,0
17,1,0,0,0,0,0,0,0,0,0,0,17,3,0,0,0,0,0,0,0,0,-1,0,0,0,0,0,0,0,0,0
7,1,0,0,0,0,0,0,0,0,0,0,7,2,0,0,0,0,0,0,0,0,-1,0,0,0,0,0,0,0,0,0
13,1,0,0,0,0,0,0,0,0,0,0,13,3,0,0,0,0,0,0,0,0,-1,0,0,0,0,0,0,0,0,0
10,1,0,0,0,0,0,0,0,0,0,0,10,3,0,0,0,0,0,0,0,0,-1,0,0,0,0,0,0,0,0,0
8,1,0,0,0,0,0,0,0,0,0,0,8,2,0,0,0,0,0,0,0,0,-1,0,0,0,0,0,0,0,0,0
8,1,0,0,0,0,0,0,0,0,0,0,8,3,0,0,0,0,0,0,0,0,-1,0,0,0,0,0,0,0,0,0
9,1,0,0,0,0,0,0,0,0,0,0,9,3,0,0,0,0,0,0,0,0,-1,0,0,0,0,0,0,0,0,0
12,2,0,0,0,0,0,0,0,0,0,1,12,2,0,0,0,0,0,0,0,0,-1,0,0,0,0,0,0,0,0,0
12,1,0,0,0,0,0,0,0,0,0,0,12,3,0,0,0,0,0,0,0,0,-1,0,0,0,0,0,0,0,0,0
10,1,0,0,0,0,0,0,0,0,0,0,10,2,0,0,0,0,0,0,0,0,-1,0,0,0,0,0,0,0,0,0
5,1,0,0,0,0,0,0,0,0,0,0,5,2,0,0,0,0,0,0,0,0,-1,0,0,0,0,0,0,0,0,0
17,1,0,0,0,0,0,0,0,0,0,0,17,3,0,0,0,0,0,0,0,0,-1,0,0,0,0,0,0,0,0,0
12,1,0,0,0,0,0,0,0,0,0,0,12,3,0,0,0,0,0,0,0,0,-1,0,0,0,0,0,0,0,0,0
17,1,0,0,0,0,0,0,0,0,0,0,17,3,0,0,0,0,0,0,0,0,-1,0,0,0,0,0,0,0,0,0
11,1,0,0,0,0,0,0,0,0,0,0,11,4,0,0,0,0,0,0,0,0,-1,0,0,0,0,0,0,0,0,0
7,1,0,0,0,0,0,0,0,0,0,0,7,2,0,0,0,0,0,0,0,0,-1,0,0,0,0,0,0,0,0,0
10,1,0,0,0,0,0,0,0,0,0,0,10,2,0,0,0,0,0,0,0,0,-1,0,0,0,0,0,0,0,0,0
21,1,0,1,0,0,0,0,0,0,0,0,21,3,0,0,0,0,0,0,0,0,-1,0,0,0,0,0,0,0,0,0
16,1,0,0,0,0,0,0,0,0,0,0,16,3,0,0,0,0,0,0,0,0,-1,0,0,0,0,0,0,0,0,0
12,1,0,0,0,0,0,0,0,0,0,0,12,3,0,0,0,0,0,0,0,0,-1,0,0,0,0,0,0,0,0,0
9,1,0,0,0,0,0,0,0,0,0,0,9,3,0,0,0,0,0,0,0,0,-1,0,0,0,0,0,0,0,0,0
9,1,0,0,0,0,0,0,0,0,0,0,9,3,0,0,0,0,0,0,0,0,-1,0,0,0,0,0,0,0,0,0
9,1,0,0,0,0,0,0,0,0,0,0,9,3,0,0,0,0,0,0,0,0,-1,0,0,0,0,0,0,0,0,0
10,1,0,0,0,0,0,0,0,0,0,0,10,3,0,0,0,0,0,0,0,0,-1,0,0,0,0,0,0,0,0,0
15,1,0,0,0,0,0,0,0,0,0,0,15,3,0,0,0,0,0,0,0,0,-1,0,0,0,0,0,0,0,0,0
6,1,0,0,0,0,0,0,0,0,0,0,6,2,0,0,0,0,0,0,0,0,-1,0,0,0,0,0,0,0,0,0
13,1,0,0,0,0,0,0,0,0,0,0,13,2,0,0,0,0,0,0,0,0,-1,0,0,0,0,0,0,0,0,0
10,1,0,0,0,0,0,0,0,0,0,0,10,3,0,0,0,0,0,0,0,0,-1,0,0,0,0,0,0,0,0,0
10,1,0,0,0,0,0,0,0,0,0,0,10,2,0,0,0,0,0,0,0,0,-1,0,0,0,0,0,0,0,0,0
12,1,0,0,0,0,0,0,0,0,0,0,12,3,0,0,0,0,0,0,0,0,-1,0,0,0,0,0,0,0,0,0
14,1,0,0,0,0,0,0,0,0,0,0,14,3,0,0,0,0,0,0,0,0,-1,0,0,0,0,0,0,0,0,0
14,1,0,0,0,0,0,0,0,0,0,0,14,2,0,0,0,0,0,0,0,0,-1,0,0,0,0,0,0,0,0,0
11,1,0,0,0,0,0,0,0,0,0,0,11,2,0,0,0,0,0,0,0,0,-1,0,0,0,0,0,0,0,0,0
6,1,0,0,0,0,0,0,0,0,0,0,6,3,0,0,0,0,0,0,0,0,-1,0,0,0,0,0,0,0,0,0
8,1,0,0,0,0,0,0,0,0,0,0,8,3,0,0,0,0,0,0,0,0,-1,0,0,0,0,0,0,0,0,0
24,1,0,0,0,0,0,0,0,0,0,0,24,3,0,0,0,0,0,0,0,0,-1,0,0,0,0,0,0,0,0,0
8,1,0,0,0,0,0,0,0,0,0,0,8,3,0,0,0,0,0,0,0,0,-1,0,0,0,0,0,0,0,0,0
20,1,0,2,0,0,0,0,0,0,0,0,20,3,0,0,0,0,0,0,0,0,-1,0,0,0,0,0,0,0,0,0
12,1,0,0,0,0,0,0,0,0,0,0,12,3,0,0,0,0,0,0,0,0,-1,0,0,0,0,0,0,0,0,0
6,1,0,0,0,0,0,0,0,0,0,0,6,2,0,0,0,0,0,0,0,0,-1,0,0,0,0,0,0,0,0,0
6,1,0,0,0,0,0,0,0,0,0,0,6,2,0,0,0,0,0,0,0,0,-1,0,0,0,0,0,0,0,0,0
10,1,0,0,0,0,0,0,0,0,0,0,10,3,0,0,0,0,0,0,0,0,-1,0,0,0,0,0,0,0,0,0
13,1,0,0,0,0,0,0,0,0,0,0,13,3,0,0,0,0,0,0,0,0,-1,0,0,0,0,0,0,0,0,0
9,1,0,0,0,0,0,0,0,0,0,0,9,2,0,0,0,0,0,0,0,0,-1,0,0,0,0,0,0,0,0,0
8,1,0,0,0,0,0,0,0,0,0,0,8,3,0,0,0,0,0,0,0,0,-1,0,0,0,0,0,0,0,0,0
7,1,0,0,0,0,0,0,0,0,0,0,7,3,0,0,0,0,0,0,0,0,-1,0,0,0,0,0,0,0,0,0
12,1,0,0,0,0,0,0,0,0,0,0,12,2,0,0,0,0,0,0,0,0,-1,0,0,0,0,0,0,0,0,0
11,1,0,0,0,0,0,0,0,0,0,0,11,3,0,0,0,0,0,0,0,0,-1,0,0,0,0,0,0,0,0,0
6,1,0,0,0,0,0,0,0,0,0,0,6,2,0,0,0,0,0,0,0,0,-1,0,0,0,0,0,0,0,0,0
6,1,0,0,0,0,0,0,0,0,0,0,6,3,0,0,0,0,0,0,0,0,-1,0,0,0,0,0,0,0,0,0
8,1,0,0,0,0,0,0,0,0,0,0,8,4,0,0,0,0,0,0,0,0,-1,0,0,0,0,0,0,0,0,0
12,2,0,0,0,0,0,0,0,0,0,1,12,2,0,0,0,0,0,0,0,0,-1,0,0,0,0,0,0,0,0,0
11,1,0,0,0,0,0,0,0,0,0,0,11,3,0,0,0,0,0,0,0,0,-1,0,0,0,0,0,0,0,0,0
7,1,0,0,0,0,0,0,0,0,0,0,7,2,0,0,0,0,0,0,0,0,-1,0,0,0,0,0,0,0,0,0
19,1,0,0,0,0,0,0,0,0,0,0,19,3,0,0,0,0,0,0,0,0,-1,0,0,0,0,0,0,0,0,0
9,1,0,0,0,0,0,0,0,0,0,0,9,3,0,0,0,0,0,0,0,0,-1,0,0,0,0,0,0,0,0,0
15,1,0,0,0,0,0,0,0,0,0,0,15,3,0,0,0,0,0,0,0,0,-1,0,0,0,0,0,0,0,0,0
11,1,0,0,0,0,0,0,0,0,0,0,11,2,0,0,0,0,0,0,0,0,-1,0,0,0,0,0,0,0,0,0
12,1,0,0,0,0,0,0,0,0,0,0,12,2,0,0,0,0,0,0,0,0,-1,0,0,0,0,0,0,0,0,0
20,1,0,0,0,0,0,0,0,0,0,0,20,3,0,0,0,0,0,0,0,0,-1,0,0,0,0,0,0,0,0,0
10,1,0,0,0,0,0,0,0,0,0,0,10,2,0,0,0,0,0,0,0,0,-1,0,0,0,0,0,0,0,0,0
15,1,0,0,0,0,0,0,0,0,0,0,15,2,0,0,0,0,0,0,0,0,-1,0,0,0,0,0,0,0,0,0
9,1,0,0,0,0,0,0,0,0,0,0,9,2,0,0,0,0,0,0,0,0,-1,0,0,0,0,0,0,0,0,0
17,1,0,0,0,0,0,0,0,0,0,0,17,3,0,0,0,0,0,0,0,0,-1,0,0,0,0,0,0,0,0,0
16,1,0,0,0,0,0,0,0,0,0,0,16,4,0,0,0,0,0,0,0,0,-1,0,0,0,0,0,0,0,0,0
11,1,0,0,0,0,0,0,0,0,0,0,11,3,0,0,0,0,0,0,0,0,-1,0,0,0,0,0,0,0,0,0
13,1,0,0,0,0,0,0,0,0,0,0,13,3,0,0,0,0,0,0,0,0,-1,0,0,0,0,0,0,0,0,0
9,1,0,0,0,0,0,0,0,0,0,0,9,2,0,0,0,0,0,0,0,0,-1,0,0,0,0,0,0,0,0,0
13,1,0,1,0,0,0,0,0,0,0,0,13,3,0,0,0,0,0,0,0,0,-1,0,0,0,0,0,0,0,0,0
13,1,0,0,0,0,0,0,0,0,0,0,13,3,0,0,0,0,0,0,0,0,-1,0,0,0,0,0,0,0,0,0
12,1,0,1,0,0,0,0,0,0,0,0,12,2,0,0,0,0,0,0,0,0,-1,0,0,0,0,0,0,0,0,0
12,2,0,0,0,0,0,0,0,0,0,1,12,2,0,0,0,0,0,0,0,0,-1,0,0,0,0,0,0,0,0,0
13,1,0,0,0,0,0,0,0,0,0,0,13,3,0,0,0,0,0,0,0,0,-1,0,0,0,0,0,0,0,0,0
13,2,0,0,0,0,0,0,0,0,0,1,13,2,0,0,0,0,0,0,0,0,-1,0,0,0,0,0,0,0,0,0
12,1,0,0,0,0,0,0,0,0,0,0,12,3,0,0,0,0,0,0,0,0,-1,0,0,0,0,0,0,0,0,0
8,1,0,0,0,0,0,0,0,0,0,0,8,2,0,0,0,0,0,0,0,0,-1,0,0,0,0,0,0,0,0,0
14,1,0,0,0,0,0,0,0,0,0,0,14,3,0,0,0,0,0,0,0,0,-1,0,0,0,0,0,0,0,0,0
8,1,0,0,0,0,0,0,0,0,0,0,8,3,0,0,0,0,0,0,0,0,-1,0,0,0,0,0,0,0,0,0
10,1,0,0,0,0,0,0,0,0,0,0,10,3,0,0,0,0,0,0,0,0,-1,0,0,0,0,0,0,0,0,0
14,1,0,0,0,0,0,0,0,0,0,0,14,2,0,0,0,0,0,0,0,0,-1,0,0,0,0,0,0,0,0,0
10,1,0,0,0,0,0,0,0,0,0,0,10,2,0,0,0,0,0,0,0,0,-1,0,0,0,0,0,0,0,0,0
13,1,0,0,0,0,0,0,0,0,0,0,13,3,0,0,0,0,0,0,0,0,-1,0,0,0,0,0,0,0,0,0
14,1,0,0,0,0,0,0,0,0,0,0,14,3,0,0,0,0,0,0,0,0,-1,0,0,0,0,0,0,0,0,0
15,1,0,0,0,0,0,0,0,0,0,0,15,3,0,0,0,0,0,0,0,0,-1,0,0,0,0,0,0,0,0,0
11,1,0,0,0,0,0,0,0,0,0,0,11,3,0,0,0,0,0,0,0,0,-1,0,0,0,0,0,0,0,0,0
14,1,0,0,0,0,0,0,0,0,0,0,14,3,0,0,0,0,0,0,0,0,-1,0,0,0,0,0,0,0,0,0
9,1,0,0,0,0,0,0,0,0,0,0,9,2,0,0,0,0,0,0,0,0,-1,0,0,0,0,0,0,0,0,0
10,1,0,0,0,0,0,0,0,0,0,0,10,3,0,0,0,0,0,0,0,0,-1,0,0,0,0,0,0,0,0,0
6,1,0,0,0,0,0,0,0,0,0,0,6,3,0,0,0,0,0,0,0,0,-1,0,0,0,0,0,0,0,0,0
15,1,0,0,0,0,0,0,0,0,0,0,15,2,0,0,0,0,0,0,0,0,-1,0,0,0,0,0,0,0,0,0
13,1,0,0,0,0,0,0,0,0,0,0,13,2,0,0,0,0,0,0,0,0,-1,0,0,0,0,0,0,0,0,0
9,1,0,0,0,0,0,0,0,0,0,0,9,3,0,0,0,0,0,0,0,0,-1,0,0,0,0,0,0,0,0,0
15,1,0,0,0,0,0,0,0,0,0,0,15,3,0,0,0,0,0,0,0,0,-1,0,0,0,0,0,0,0,0,0
6,1,0,0,0,0,0,0,0,0,0,0,6,2,0,0,0,0,0,0,0,0,-1,0,0,0,0,0,0,0,0,0
8,1,0,0,0,0,0,0,0,0,0,0,8,2,0,0,0,0,0,0,0,0,-1,0,0,0,0,0,0,0,0,0
10,1,0,0,0,0,0,0,0,0,0,0,10,3,0,0,0,0,0,0,0,0,-1,0,0,0,0,0,0,0,0,0
11,1,0,0,0,0,0,0,0,0,0,0,11,3,0,0,0,0,0,0,0,0,-1,0,0,0,0,0,0,0,0,0
10,1,0,1,0,0,0,0,0,0,0,0,10,3,0,0,0,0,0,0,0,0,-1,0,0,0,0,0,0,0,0,0
9,1,0,0,0,0,0,0,0,0,0,0,9,3,0,0,0,0,0,0,0,0,-1,0,0,0,0,0,0,0,0,0
13,2,0,0,0,0,0,0,0,0,0,1,13,2,0,0,0,0,0,0,0,0,-1,0,0,0,0,0,0,0,0,0
9,1,0,0,0,0,0,0,0,0,0,0,9,2,0,0,0,0,0,0,0,0,-1,0,0,0,0,0,0,0,0,0
11,1,0,0,0,0,0,0,0,0,0,0,11,3,0,0,0,0,0,0,0,0,-1,0,0,0,0,0,0,0,0,0
10,1,0,0,0,0,0,0,0,0,0,0,10,3,0,0,0,0,0,0,0,0,-1,0,0,0,0,0,0,0,0,0
11,1,0,0,0,0,0,0,0,0,0,0,11,3,0,0,0,0,0,0,0,0,-1,0,0,0,0,0,0,0,0,0
6,1,0,0,0,0,0,0,0,0,0,0,6,2,0,0,0,0,0,0,0,0,-1,0,0,0,0,0,0,0,0,0
7,1,0,0,0,0,0,0,0,0,0,0,7,3,0,0,0,0,0,0,0,0,-1,0,0,0,0,0,0,0,0,0
10,1,0,0,0,0,0,0,0,0,0,0,10,4,0,0,0,0,0,0,0,0,-1,0,0,0,0,0,0,0,0,0
12,1,0,0,0,0,0,0,0,0,0,0,12,3,0,0,0,0,0,0,0,0,-1,0,0,0,0,0,0,0,0,0
12,1,0,0,0,0,0,0,0,0,0,0,12,5,0,0,0,0,0,0,0,0,-1,0,0,0,0,0,0,0,0,0
10,1,0,0,0,0,0,0,0,0,0,0,10,3,0,0,0,0,0,0,0,0,-1,0,0,0,0,0,0,0,0,0
9,1,0,0,0,0,0,0,0,0,0,0,9,3,0,0,0,0,0,0,0,0,-1,0,0,0,0,0,0,0,0,0
13,2,0,0,0,0,0,0,0,0,0,1,13,2,0,0,0,0,0,0,0,0,-1,0,0,0,0,0,0,0,0,0
13,1,0,0,0,0,0,0,0,0,0,0,13,3,0,0,0,0,0,0,0,0,-1,0,0,0,0,0,0,0,0,0
13,1,0,0,0,0,0,0,0,0,0,0,13,3,0,0,0,0,0,0,0,0,-1,0,0,0,0,0,0,0,0,0
12,1,0,0,0,0,0,0,0,0,0,0,12,3,0,0,0,0,0,0,0,0,-1,0,0,0,0,0,0,0,0,0
11,1,0,0,0,0,0,0,0,0,0,0,11,3,0,0,0,0,0,0,0,0,-1,0,0,0,0,0,0,0,0,0
13,1,0,0,0,0,0,0,0,0,0,0,13,3,0,0,0,0,0,0,0,0,-1,0,0,0,0,0,0,0,0,0
12,1,0,0,0,0,0,0,0,0,0,0,12,3,0,0,0,0,0,0,0,0,-1,0,0,0,0,0,0,0,0,0
10,1,0,0,0,0,0,0,0,0,0,0,10,3,0,0,0,0,0,0,0,0,-1,0,0,0,0,0,0,0,0,0
9,1,0,0,0,0,0,0,0,0,0,0,9,3,0,0,0,0,0,0,0,0,-1,0,0,0,0,0,0,0,0,0
13,1,0,1,0,0,0,0,0,0,0,0,13,3,0,0,0,0,0,0,0,0,-1,0,0,0,0,0,0,0,0,0
10,1,0,0,0,0,0,0,0,0,0,0,10,3,0,0,0,0,0,0,0,0,-1,0,0,0,0,0,0,0,0,0
6,1,0,0,0,0,0,0,0,0,0,0,6,3,0,0,0,0,0,0,0,0,-1,0,0,0,0,0,0,0,0,0
11,1,0,0,0,0,0,0,0,0,0,0,11,3,0,0,0,0,0,0,0,0,-1,0,0,0,0,0,0,0,0,0
15,1,0,0,0,0,0,0,0,0,0,0,15,3,0,0,0,0,0,0,0,0,-1,0,0,0,0,0,0,0,0,0
9,1,0,0,0,0,0,0,0,0,0,0,9,4,0,0,0,0,0,0,0,0,-1,0,0,0,0,0,0,0,0,0
11,1,0,0,0,0,0,0,0,0,0,0,11,3,0,0,0,0,0,0,0,0,-1,0,0,0,0,0,0,0,0,0
9,1,0,0,0,0,0,0,0,0,0,0,9,2,0,0,0,0,0,0,0,0,-1,0,0,0,0,0,0,0,0,0
8,1,0,0,0,0,0,0,0,0,0,0,8,3,0,0,0,0,0,0,0,0,-1,0,0,0,0,0,0,0,0,0
6,1,0,0,0,0,0,0,0,0,0,0,6,2,0,0,0,0,0,0,0,0,-1,0,0,0,0,0,0,0,0,0
15,1,0,0,0,0,0,0,0,0,0,0,15,3,0,0,0,0,0,0,0,0,-1,0,0,0,0,0,0,0,0,0
10,1,0,0,0,0,0,0,0,0,0,0,10,3,0,0,0,0,0,0,0,0,-1,0,0,0,0,0,0,0,0,0
17,1,0,0,0,0,0,0,0,0,0,0,17,3,0,0,0,0,0,0,0,0,-1,0,0,0,0,0,0,0,0,0
11,1,0,0,0,0,0,0,0,0,0,0,11,3,0,0,0,0,0,0,0,0,-1,0,0,0,0,0,0,0,0,0
13,1,0,0,0,0,0,0,0,0,0,0,13,3,0,0,0,0,0,0,0,0,-1,0,0,0,0,0,0,0,0,0
8,1,0,0,0,0,0,0,0,0,0,0,8,2,0,0,0,0,0,0,0,0,-1,0,0,0,0,0,0,0,0,0
10,1,0,0,0,0,0,0,0,0,0,0,10,3,0,0,0,0,0,0,0,0,-1,0,0,0,0,0,0,0,0,0
10,1,0,0,0,0,0,0,0,0,0,0,10,3,0,0,0,0,0,0,0,0,-1,0,0,0,0,0,0,0,0,0
11,1,0,0,0,0,0,0,0,0,0,0,11,3,0,0,0,0,0,0,0,0,-1,0,0,0,0,0,0,0,0,0
8,1,0,0,0,0,0,0,0,0,0,0,8,3,0,0,0,0,0,0,0,0,-1,0,0,0,0,0,0,0,0,0
12,1,0,0,0,0,0,0,0,0,0,0,12,3,0,0,0,0,0,0,0,0,-1,0,0,0,0,0,0,0,0,0
12,1,0,0,0,0,0,0,0,0,0,0,12,3,0,0,0,0,0,0,0,0,-1,0,0,0,0,0,0,0,0,0
13,1,0,0,0,0,0,0,0,0,0,0,13,3,0,0,0,0,0,0,0,0,-1,0,0,0,0,0,0,0,0,0
13,1,0,0,0,0,0,0,0,0,0,0,13,3,0,0,0,0,0,0,0,0,-1,0,0,0,0,0,0,0,0,0
12,1,0,0,0,0,0,0,0,0,0,0,12,3,0,0,0,0,0,0,0,0,-1,0,0,0,0,0,0,0,0,0
17,1,0,0,0,0,0,0,0,0,0,0,17,3,0,0,0,0,0,0,0,0,-1,0,0,0,0,0,0,0,0,0
14,1,0,0,0,0,0,0,0,0,0,0,14,3,0,0,0,0,0,0,0,0,-1,0,0,0,0,0,0,0,0,0
7,1,0,0,0,0,0,0,0,0,0,0,7,3,0,0,0,0,0,0,0,0,-1,0,0,0,0,0,0,0,0,0
17,1,0,0,0,0,0,0,0,0,0,0,17,3,0,0,0,0,0,0,0,0,-1,0,0,0,0,0,0,0,0,0
20,1,0,0,0,0,0,0,0,0,0,0,20,3,0,0,0,0,0,0,0,0,-1,0,0,0,0,0,0,0,0,0
9,1,0,0,0,0,0,0,0,0,0,0,9,3,0,0,0,0,0,0,0,0,-1,0,0,0,0,0,0,0,0,0
14,1,0,0,0,0,0,0,0,0,0,0,14,3,0,0,0,0,0,0,0,0,-1,0,0,0,0,0,0,0,0,0
5,1,0,0,0,0,0,0,0,0,0,0,5,2,0,0,0,0,0,0,0,0,-1,0,0,0,0,0,0,0,0,0
7,1,0,0,0,0,0,0,0,0,0,0,7,2,0,0,0,0,0,0,0,0,-1,0,0,0,0,0,0,0,0,0
13,1,0,0,0,0,0,0,0,0,0,0,13,3,0,0,0,0,0,0,0,0,-1,0,0,0,0,0,0,0,0,0
7,1,0,0,0,0,0,0,0,0,0,0,7,2,0,0,0,0,0,0,0,0,-1,0,0,0,0,0,0,0,0,0
14,1,0,0,0,0,0,0,0,0,0,0,14,3,0,0,0,0,0,0,0,0,-1,0,0,0,0,0,0,0,0,0
6,1,0,0,0,0,0,0,0,0,0,0,6,2,0,0,0,0,0,0,0,0,-1,0,0,0,0,0,0,0,0,0
13,1,0,0,0,0,0,0,0,0,0,0,13,3,0,0,0,0,0,0,0,0,-1,0,0,0,0,0,0,0,0,0
14,1,0,0,0,0,0,0,0,0,0,0,14,3,0,0,0,0,0,0,0,0,-1,0,0,0,0,0,0,0,0,0
14,1,0,0,0,0,0,0,0,0,0,0,14,3,0,0,0,0,0,0,0,0,-1,0,0,0,0,0,0,0,0,0
14,1,0,0,0,0,0,0,0,0,0,0,14,3,0,0,0,0,0,0,0,0,-1,0,0,0,0,0,0,0,0,0
13,2,0,0,0,0,0,0,0,0,0,1,13,2,0,0,0,0,0,0,0,0,-1,0,0,0,0,0,0,0,0,0
16,1,0,0,0,0,0,0,0,0,0,0,16,3,0,0,0,0,0,0,0,0,-1,0,0,0,0,0,0,0,0,0
6,1,0,0,0,0,0,0,0,0,0,0,6,2,0,0,0,0,0,0,0,0,-1,0,0,0,0,0,0,0,0,0
14,1,0,1,0,0,0,0,0,0,0,0,14,2,0,0,0,0,0,0,0,0,-1,0,0,0,0,0,0,0,0,0
11,1,0,0,0,0,0,0,0,0,0,0,11,2,0,0,0,0,0,0,0,0,-1,0,0,0,0,0,0,0,0,0
12,1,0,0,0,0,0,0,0,0,0,0,12,3,0,0,0,0,0,0,0,0,-1,0,0,0,0,0,0,0,0,0
12,1,0,0,0,0,0,0,0,0,0,0,12,3,0,0,0,0,0,0,0,0,-1,0,0,0,0,0,0,0,0,0
10,2,0,0,0,0,0,0,0,0,0,1,10,2,0,0,0,0,0,0,0,0,-1,0,0,0,0,0,0,0,0,0
11,1,0,0,0,0,0,0,0,0,0,0,11,3,0,0,0,0,0,0,0,0,-1,0,0,0,0,0,0,0,0,0
9,1,0,0,0,0,0,0,0,0,0,0,9,3,0,0,0,0,0,0,0,0,-1,0,0,0,0,0,0,0,0,0
9,1,0,0,0,0,0,0,0,0,0,0,9,3,0,0,0,0,0,0,0,0,-1,0,0,0,0,0,0,0,0,0
14,1,0,0,0,0,0,0,0,0,0,0,14,3,0,0,0,0,0,0,0,0,-1,0,0,0,0,0,0,0,0,0
9,1,0,0,0,0,0,0,0,0,0,0,9,3,0,0,0,0,0,0,0,0,-1,0,0,0,0,0,0,0,0,0
10,2,0,0,0,0,0,0,0,0,0,1,10,2,0,0,0,0,0,0,0,0,-1,0,0,0,0,0,0,0,0,0
9,1,0,0,0,0,0,0,0,0,0,0,9,2,0,0,0,0,0,0,0,0,-1,0,0,0,0,0,0,0,0,0
5,1,0,0,0,0,0,0,0,0,0,0,5,2,0,0,0,0,0,0,0,0,-1,0,0,0,0,0,0,0,0,0
8,1,0,0,0,0,0,0,0,0,0,0,8,2,0,0,0,0,0,0,0,0,-1,0,0,0,0,0,0,0,0,0
11,1,0,1,0,0,0,0,0,0,0,0,11,3,0,0,0,0,0,0,0,0,-1,0,0,0,0,0,0,0,0,0
11,1,0,0,0,0,0,0,0,0,0,0,11,3,0,0,0,0,0,0,0,0,-1,0,0,0,0,0,0,0,0,0
11,1,0,0,0,0,0,0,0,0,0,0,11,3,0,0,0,0,0,0,0,0,-1,0,0,0,0,0,0,0,0,0
22,1,0,0,0,0,0,0,0,0,0,0,22,3,0,0,0,0,0,0,0,0,-1,0,0,0,0,0,0,0,0,0
13,1,0,0,0,0,0,0,0,0,0,0,13,3,0,0,0,0,0,0,0,0,-1,0,0,0,0,0,0,0,0,0
12,1,0,0,0,0,0,0,0,0,0,0,12,3,0,0,0,0,0,0,0,0,-1,0,0,0,0,0,0,0,0,0
9,1,0,0,0,0,0,0,0,0,0,0,9,3,0,0,0,0,0,0,0,0,-1,0,0,0,0,0,0,0,0,0
9,1,0,0,0,0,0,0,0,0,0,0,9,3,0,0,0,0,0,0,0,0,-1,0,0,0,0,0,0,0,0,0
13,1,0,0,0,0,0,0,0,0,0,0,13,3,0,0,0,0,0,0,0,0,-1,0,0,0,0,0,0,0,0,0
13,1,0,0,0,0,0,0,0,0,0,0,13,3,0,0,0,0,0,0,0,0,-1,0,0,0,0,0,0,0,0,0
6,1,0,0,0,0,0,0,0,0,0,0,6,2,0,0,0,0,0,0,0,0,-1,0,0,0,0,0,0,0,0,0
17,1,0,0,0,0,0,0,0,0,0,0,17,3,0,0,0,0,0,0,0,0,-1,0,0,0,0,0,0,0,0,0
11,1,0,0,0,0,0,0,0,0,0,0,11,3,0,0,0,0,0,0,0,0,-1,0,0,0,0,0,0,0,0,0
9,1,0,0,0,0,0,0,0,0,0,0,9,2,0,0,0,0,0,0,0,0,-1,0,0,0,0,0,0,0,0,0
8,1,0,0,0,0,0,0,0,0,0,0,8,3,0,0,0,0,0,0,0,0,-1,0,0,0,0,0,0,0,0,0
11,1,0,0,0,0,0,0,0,0,0,0,11,3,0,0,0,0,0,0,0,0,-1,0,0,0,0,0,0,0,0,0
11,1,0,0,0,0,0,0,0,0,0,0,11,3,0,0,0,0,0,0,0,0,-1,0,0,0,0,0,0,0,0,0
12,1,0,0,0,0,0,0,0,0,0,0,12,3,0,0,0,0,0,0,0,0,-1,0,0,0,0,0,0,0,0,0
10,1,0,0,0,0,0,0,0,0,0,0,10,3,0,0,0,0,0,0,0,0,-1,0,0,0,0,0,0,0,0,0
11,1,0,0,0,0,0,0,0,0,0,0,11,3,0,0,0,0,0,0,0,0,-1,0,0,0,0,0,0,0,0,0
13,2,0,0,0,0,0,0,0,0,0,1,13,2,0,0,0,0,0,0,0,0,-1,0,0,0,0,0,0,0,0,0
14,1,0,0,0,0,0,0,0,0,0,0,14,2,0,0,0,0,0,0,0,0,-1,0,0,0,0,0,0,0,0,0
13,2,0,0,0,0,0,0,0,0,0,1,13,2,0,0,0,0,0,0,0,0,-1,0,0,0,0,0,0,0,0,0
13,1,0,0,0,0,0,0,0,0,0,0,13,2,0,0,0,0,0,0,0,0,-1,0,0,0,0,0,0,0,0,0
12,1,0,0,0,0,0,0,0,0,0,0,12,3,0,0,0,0,0,0,0,0,-1,0,0,0,0,0,0,0,0,0
13,1,0,0,0,0,0,0,0,0,0,0,13,3,0,0,0,0,0,0,0,0,-1,0,0,0,0,0,0,0,0,0
5,1,0,0,0,0,0,0,0,0,0,0,5,2,0,0,0,0,0,0,0,0,-1,0,0,0,0,0,0,0,0,0
14,1,0,0,0,0,0,0,0,0,0,0,14,3,0,0,0,0,0,0,0,0,-1,0,0,0,0,0,0,0,0,0
22,1,0,1,0,0,0,0,0,0,0,0,22,3,0,0,0,0,0,0,0,0,-1,0,0,0,0,0,0,0,0,0
13,1,0,1,0,0,0,0,0,0,0,0,13,3,0,0,0,0,0,0,0,0,-1,0,0,0,0,0,0,0,0,0
17,1,0,0,0,0,0,0,0,0,0,0,17,3,0,0,0,0,0,0,0,0,-1,0,0,0,0,0,0,0,0,0
6,1,0,0,0,0,0,0,0,0,0,0,6,2,0,0,0,0,0,0,0,0,-1,0,0,0,0,0,0,0,0,0
12,1,0,0,0,0,0,0,0,0,0,0,12,3,0,0,0,0,0,0,0,0,-1,0,0,0,0,0,0,0,0,0
8,1,0,0,0,0,0,0,0,0,0,0,8,3,0,0,0,0,0,0,0,0,-1,0,0,0,0,0,0,0,0,0
8,1,0,0,0,0,0,0,0,0,0,0,8,2,0,0,0,0,0,0,0,0,-1,0,0,0,0,0,0,0,0,0
6,1,0,0,0,0,0,0,0,0,0,0,6,2,0,0,0,0,0,0,0,0,-1,0,0,0,0,0,0,0,0,0
7,1,0,0,0,0,0,0,0,0,0,0,7,3,0,0,0,0,0,0,0,0,-1,0,0,0,0,0,0,0,0,0
6,1,0,0,0,0,0,0,0,0,0,0,6,2,0,0,0,0,0,0,0,0,-1,0,0,0,0,0,0,0,0,0
12,1,0,0,0,0,0,0,0,0,0,0,12,3,0,0,0,0,0,0,0,0,-1,0,0,0,0,0,0,0,0,0
9,1,0,0,0,0,0,0,0,0,0,0,9,3,0,0,0,0,0,0,0,0,-1,0,0,0,0,0,0,0,0,0
10,1,0,0,0,0,0,0,0,0,0,0,10,3,0,0,0,0,0,0,0,0,-1,0,0,0,0,0,0,0,0,0
10,1,0,0,0,0,0,0,0,0,0,0,10,3,0,0,0,0,0,0,0,0,-1,0,0,0,0,0,0,0,0,0
20,1,0,0,0,0,0,0,0,0,0,0,20,3,0,0,0,0,0,0,0,0,-1,0,0,0,0,0,0,0,0,0
15,1,0,1,0,0,0,0,0,0,0,0,15,3,0,0,0,0,0,0,0,0,-1,0,0,0,0,0,0,0,0,0
10,1,0,0,0,0,0,0,0,0,0,0,10,3,0,0,0,0,0,0,0,0,-1,0,0,0,0,0,0,0,0,0
14,1,0,0,0,0,0,0,0,0,0,0,14,3,0,0,0,0,0,0,0,0,-1,0,0,0,0,0,0,0,0,0
14,2,0,0,0,0,0,0,0,0,0,1,14,2,0,0,0,0,0,0,0,0,-1,0,0,0,0,0,0,0,0,0
7,1,0,0,0,0,0,0,0,0,0,0,7,3,0,0,0,0,0,0,0,0,-1,0,0,0,0,0,0,0,0,0
12,1,0,0,0,0,0,0,0,0,0,0,12,2,0,0,0,0,0,0,0,0,-1,0,0,0,0,0,0,0,0,0
16,1,0,0,0,0,0,0,0,0,0,0,16,3,0,0,0,0,0,0,0,0,-1,0,0,0,0,0,0,0,0,0
11,1,0,0,0,0,0,0,0,0,0,0,11,3,0,0,0,0,0,0,0,0,-1,0,0,0,0,0,0,0,0,0
9,1,0,0,0,0,0,0,0,0,0,0,9,3,0,0,0,0,0,0,0,0,-1,0,0,0,0,0,0,0,0,0
13,1,0,0,0,0,0,0,0,0,0,0,13,3,0,0,0,0,0,0,0,0,-1,0,0,0,0,0,0,0,0,0
14,1,0,0,0,0,0,0,0,0,0,0,14,3,0,0,0,0,0,0,0,0,-1,0,0,0,0,0,0,0,0,0
15,1,0,0,0,0,0,0,0,0,0,0,15,3,0,0,0,0,0,0,0,0,-1,0,0,0,0,0,0,0,0,0
13,1,0,0,0,0,0,0,0,0,0,0,13,2,0,0,0,0,0,0,0,0,-1,0,0,0,0,0,0,0,0,0
7,1,0,0,0,0,0,0,0,0,0,0,7,2,0,0,0,0,0,0,0,0,-1,0,0,0,0,0,0,0,0,0
10,1,0,0,0,0,0,0,0,0,0,0,10,3,0,0,0,0,0,0,0,0,-1,0,0,0,0,0,0,0,0,0
13,1,0,0,0,0,0,0,0,0,0,0,13,2,0,0,0,0,0,0,0,0,-1,0,0,0,0,0,0,0,0,0
8,1,0,0,0,0,0,0,0,0,0,0,8,3,0,0,0,0,0,0,0,0,-1,0,0,0,0,0,0,0,0,0
12,1,0,1,0,0,0,0,0,0,0,0,12,3,0,0,0,0,0,0,0,0,-1,0,0,0,0,0,0,0,0,0
9,1,0,0,0,0,0,0,0,0,0,0,9,3,0,0,0,0,0,0,0,0,-1,0,0,0,0,0,0,0,0,0
20,1,0,0,0,0,0,0,0,0,0,0,20,3,0,0,0,0,0,0,0,0,-1,0,0,0,0,0,0,0,0,0
13,1,0,1,0,0,0,0,0,0,0,0,13,3,0,0,0,0,0,0,0,0,-1,0,0,0,0,0,0,0,0,0
16,1,0,0,0,0,0,0,0,0,0,0,16,3,0,0,0,0,0,0,0,0,-1,0,0,0,0,0,0,0,0,0
9,1,0,0,0,0,0,0,0,0,0,0,9,3,0,0,0,0,0,0,0,0,-1,0,0,0,0,0,0,0,0,0
18,2,0,0,0,0,0,0,0,0,0,1,18,2,0,0,0,0,0,0,0,0,-1,0,0,0,0,0,0,0,0,0
12,1,0,0,0,0,0,0,0,0,0,0,12,3,0,0,0,0,0,0,0,0,-1,0,0,0,0,0,0,0,0,0
9,1,0,0,0,0,0,0,0,0,0,0,9,2,0,0,0,0,0,0,0,0,-1,0,0,0,0,0,0,0,0,0
9,1,0,0,0,0,0,0,0,0,0,0,9,3,0,0,0,0,0,0,0,0,-1,0,0,0,0,0,0,0,0,0
11,1,0,0,0,0,0,0,0,0,0,0,11,3,0,0,0,0,0,0,0,0,-1,0,0,0,0,0,0,0,0,0
15,1,0,0,0,0,0,0,0,0,0,0,15,3,0,0,0,0,0,0,0,0,-1,0,0,0,0,0,0,0,0,0
6,1,0,0,0,0,0,0,0,0,0,0,6,2,0,0,0,0,0,0,0,0,-1,0,0,0,0,0,0,0,0,0
16,1,0,0,0,0,0,0,0,0,0,0,16,3,0,0,0,0,0,0,0,0,-1,0,0,0,0,0,0,0,0,0
16,1,0,0,0,0,0,0,0,0,0,0,16,3,0,0,0,0,0,0,0,0,-1,0,0,0,0,0,0,0,0,0
12,1,0,0,0,0,0,0,0,0,0,0,12,3,0,0,0,0,0,0,0,0,-1,0,0,0,0,0,0,0,0,0
13,1,0,0,0,0,0,0,0,0,0,0,13,3,0,0,0,0,0,0,0,0,-1,0,0,0,0,0,0,0,0,0
8,1,0,0,0,0,0,0,0,0,0,0,8,2,0,0,0,0,0,0,0,0,-1,0,0,0,0,0,0,0,0,0
18,1,0,0,0,0,0,0,0,0,0,0,18,3,0,0,0,0,0,0,0,0,-1,0,0,0,0,0,0,0,0,0
14,1,0,0,0,0,0,0,0,0,0,0,14,3,0,0,0,0,0,0,0,0,-1,0,0,0,0,0,0,0,0,0
10,1,0,0,0,0,0,0,0,0,0,0,10,3,0,0,0,0,0,0,0,0,-1,0,0,0,0,0,0,0,0,0
16,1,0,0,0,0,0,0,0,0,0,0,16,3,0,0,0,0,0,0,0,0,-1,0,0,0,0,0,0,0,0,0
12,1,0,0,0,0,0,0,0,0,0,0,12,2,0,0,0,0,0,0,0,0,-1,0,0,0,0,0,0,0,0,0
11,1,0,0,0,0,0,0,0,0,0,0,11,2,0,0,0,0,0,0,0,0,-1,0,0,0,0,0,0,0,0,0
13,1,0,1,0,0,0,0,0,0,0,0,13,3,0,0,0,0,0,0,0,0,-1,0,0,0,0,0,0,0,0,0
12,1,0,0,0,0,0,0,0,0,0,0,12,3,0,0,0,0,0,0,0,0,-1,0,0,0,0,0,0,0,0,0
12,1,0,0,0,0,0,0,0,0,0,0,12,2,0,0,0,0,0,0,0,0,-1,0,0,0,0,0,0,0,0,0
8,1,0,0,0,0,0,0,0,0,0,0,8,3,0,0,0,0,0,0,0,0,-1,0,0,0,0,0,0,0,0,0
21,1,0,0,0,0,0,0,0,0,0,0,21,3,0,0,0,0,0,0,0,0,-1,0,0,0,0,0,0,0,0,0
17,1,0,0,0,0,0,0,0,0,0,0,17,3,0,0,0,0,0,0,0,0,-1,0,0,0,0,0,0,0,0,0
7,1,0,0,0,0,0,0,0,0,0,0,7,3,0,0,0,0,0,0,0,0,-1,0,0,0,0,0,0,0,0,0
13,2,0,0,0,0,0,0,0,0,0,1,13,2,0,0,0,0,0,0,0,0,-1,0,0,0,0,0,0,0,0,0
11,1,0,0,0,0,0,0,0,0,0,0,11,3,0,0,0,0,0,0,0,0,-1,0,0,0,0,0,0,0,0,0
10,1,0,0,0,0,0,0,0,0,0,0,10,2,0,0,0,0,0,0,0,0,-1,0,0,0,0,0,0,0,0,0
10,1,0,0,0,0,0,0,0,0,0,0,10,3,0,0,0,0,0,0,0,0,-1,0,0,0,0,0,0,0,0,0
8,1,0,0,0,0,0,0,0,0,0,0,8,3,0,0,0,0,0,0,0,0,-1,0,0,0,0,0,0,0,0,0
14,1,0,0,0,0,0,0,0,0,0,0,14,3,0,0,0,0,0,0,0,0,-1,0,0,0,0,0,0,0,0,0
17,1,0,0,0,0,0,0,0,0,0,0,17,3,0,0,0,0,0,0,0,0,-1,0,0,0,0,0,0,0,0,0
13,1,0,0,0,0,0,0,0,0,0,0,13,3,0,0,0,0,0,0,0,0,-1,0,0,0,0,0,0,0,0,0
13,1,0,0,0,0,0,0,0,0,0,0,13,2,0,0,0,0,0,0,0,0,-1,0,0,0,0,0,0,0,0,0
12,1,0,0,0,0,0,0,0,0,0,0,12,3,0,0,0,0,0,0,0,0,-1,0,0,0,0,0,0,0,0,0
16,1,0,0,0,0,0,0,0,0,0,0,16,3,0,0,0,0,0,0,0,0,-1,0,0,0,0,0,0,0,0,0
13,1,0,0,0,0,0,0,0,0,0,0,13,3,0,0,0,0,0,0,0,0,-1,0,0,0,0,0,0,0,0,0
15,1,0,0,0,0,0,0,0,0,0,0,15,3,0,0,0,0,0,0,0,0,-1,0,0,0,0,0,0,0,0,0
6,1,0,0,0,0,0,0,0,0,0,0,6,2,0,0,0,0,0,0,0,0,-1,0,0,0,0,0,0,0,0,0
7,1,0,0,0,0,0,0,0,0,0,0,7,3,0,0,0,0,0,0,0,0,-1,0,0,0,0,0,0,0,0,0
9,1,0,0,0,0,0,0,0,0,0,0,9,2,0,0,0,0,0,0,0,0,-1,0,0,0,0,0,0,0,0,0
9,1,0,0,0,0,0,0,0,0,0,0,9,2,0,0,0,0,0,0,0,0,-1,0,0,0,0,0,0,0,0,0
20,1,0,0,0,0,0,0,0,0,0,0,20,3,0,0,0,0,0,0,0,0,-1,0,0,0,0,0,0,0,0,0
13,1,0,0,0,0,0,0,0,0,0,0,13,3,0,0,0,0,0,0,0,0,-1,0,0,0,0,0,0,0,0,0
10,1,0,0,0,0,0,0,0,0,0,0,10,2,0,0,0,0,0,0,0,0,-1,0,0,0,0,0,0,0,0,0
22,1,0,0,0,0,0,0,0,0,0,0,22,3,0,0,0,0,0,0,0,0,-1,0,0,0,0,0,0,0,0,0
12,1,0,0,0,0,0,0,0,0,0,0,12,3,0,0,0,0,0,0,0,0,-1,0,0,0,0,0,0,0,0,0
12,1,0,0,0,0,0,0,0,0,0,0,12,3,0,0,0,0,0,0,0,0,-1,0,0,0,0,0,0,0,0,0
8,1,0,0,0,0,0,0,0,0,0,0,8,3,0,0,0,0,0,0,0,0,-1,0,0,0,0,0,0,0,0,0
10,1,0,0,0,0,0,0,0,0,0,0,10,3,0,0,0,0,0,0,0,0,-1,0,0,0,0,0,0,0,0,0
11,1,0,0,0,0,0,0,0,0,0,0,11,3,0,0,0,0,0,0,0,0,-1,0,0,0,0,0,0,0,0,0
13,2,0,0,0,0,0,0,0,0,0,1,13,2,0,0,0,0,0,0,0,0,-1,0,0,0,0,0,0,0,0,0
9,1,0,0,0,0,0,0,0,0,0,0,9,3,0,0,0,0,0,0,0,0,-1,0,0,0,0,0,0,0,0,0
13,1,0,0,0,0,0,0,0,0,0,0,13,3,0,0,0,0,0,0,0,0,-1,0,0,0,0,0,0,0,0,0
12,1,0,0,0,0,0,0,0,0,0,0,12,3,0,0,0,0,0,0,0,0,-1,0,0,0,0,0,0,0,0,0
13,1,0,0,0,0,0,0,0,0,0,0,13,3,0,0,0,0,0,0,0,0,-1,0,0,0,0,0,0,0,0,0
12,1,0,0,0,0,0,0,0,0,0,0,12,3,0,0,0,0,0,0,0,0,-1,0,0,0,0,0,0,0,0,0
13,1,0,0,0,0,0,0,0,0,0,0,13,3,0,0,0,0,0,0,0,0,-1,0,0,0,0,0,0,0,0,0
10,1,0,0,0,0,0,0,0,0,0,0,10,3,0,0,0,0,0,0,0,0,-1,0,0,0,0,0,0,0,0,0
11,1,0,0,0,0,0,0,0,0,0,0,11,2,0,0,0,0,0,0,0,0,-1,0,0,0,0,0,0,0,0,0
11,1,0,0,0,0,0,0,0,0,0,0,11,3,0,0,0,0,0,0,0,0,-1,0,0,0,0,0,0,0,0,0
9,1,0,0,0,0,0,0,0,0,0,0,9,2,0,0,0,0,0,0,0,0,-1,0,0,0,0,0,0,0,0,0
9,1,0,0,0,0,0,0,0,0,0,0,9,3,0,0,0,0,0,0,0,0,-1,0,0,0,0,0,0,0,0,0
7,1,0,0,0,0,0,0,0,0,0,0,7,3,0,0,0,0,0,0,0,0,-1,0,0,0,0,0,0,0,0,0
12,1,0,0,0,0,0,0,0,0,0,0,12,3,0,0,0,0,0,0,0,0,-1,0,0,0,0,0,0,0,0,0
18,1,0,0,0,0,0,0,0,0,0,0,18,3,0,0,0,0,0,0,0,0,-1,0,0,0,0,0,0,0,0,0
6,1,0,0,0,0,0,0,0,0,0,0,6,2,0,0,0,0,0,0,0,0,-1,0,0,0,0,0,0,0,0,0
18,1,0,0,0,0,0,0,0,0,0,0,18,3,0,0,0,0,0,0,0,0,-1,0,0,0,0,0,0,0,0,0
24,1,0,0,0,0,0,0,0,0,0,0,24,3,0,0,0,0,0,0,0,0,-1,0,0,0,0,0,0,0,0,0
15,1,0,0,0,0,0,0,0,0,0,0,15,3,0,0,0,0,0,0,0,0,-1,0,0,0,0,0,0,0,0,0
12,1,0,0,0,0,0,0,0,0,0,0,12,3,0,0,0,0,0,0,0,0,-1,0,0,0,0,0,0,0,0,0
14,1,0,0,0,0,0,0,0,0,0,0,14,2,0,0,0,0,0,0,0,0,-1,0,0,0,0,0,0,0,0,0
16,2,0,0,0,0,0,0,0,0,0,1,16,2,0,0,0,0,0,0,0,0,-1,0,0,0,0,0,0,0,0,0
19,1,0,0,0,0,0,0,0,0,0,0,19,3,0,0,0,0,0,0,0,0,-1,0,0,0,0,0,0,0,0,0
11,1,0,0,0,0,0,0,0,0,0,0,11,2,0,0,0,0,0,0,0,0,-1,0,0,0,0,0,0,0,0,0
6,1,0,0,0,0,0,0,0,0,0,0,6,3,0,0,0,0,0,0,0,0,-1,0,0,0,0,0,0,0,0,0
19,1,0,0,0,0,0,0,0,0,0,0,19,3,0,0,0,0,0,0,0,0,-1,0,0,0,0,0,0,0,0,0
16,1,0,0,0,0,0,0,0,0,0,0,16,3,0,0,0,0,0,0,0,0,-1,0,0,0,0,0,0,0,0,0
14,1,0,0,0,0,0,0,0,0,0,0,14,3,0,0,0,0,0,0,0,0,-1,0,0,0,0,0,0,0,0,0
12,1,0,0,0,0,0,0,0,0,0,0,12,3,0,0,0,0,0,0,0,0,-1,0,0,0,0,0,0,0,0,0
23,1,0,2,0,0,0,0,0,0,0,0,23,3,0,0,0,0,0,0,0,0,-1,0,0,0,0,0,0,0,0,0
13,1,0,1,0,0,0,0,0,0,0,0,13,3,0,0,0,0,0,0,0,0,-1,0,0,0,0,0,0,0,0,0
21,1,0,0,0,0,0,0,0,0,0,0,21,3,0,0,0,0,0,0,0,0,-1,0,0,0,0,0,0,0,0,0
13,2,0,0,0,0,0,0,0,0,0,1,13,2,0,0,0,0,0,0,0,0,-1,0,0,0,0,0,0,0,0,0
12,1,0,0,0,0,0,0,0,0,0,0,12,3,0,0,0,0,0,0,0,0,-1,0,0,0,0,0,0,0,0,0
13,2,0,0,0,0,0,0,0,0,0,1,13,2,0,0,0,0,0,0,0,0,-1,0,0,0,0,0,0,0,0,0
12,2,0,0,0,0,0,0,0,0,0,1,12,2,0,0,0,0,0,0,0,0,-1,0,0,0,0,0,0,0,0,0
17,1,0,0,0,0,0,0,0,0,0,0,17,3,0,0,0,0,0,0,0,0,-1,0,0,0,0,0,0,0,0,0
26,1,0,0,0,0,0,0,0,0,0,0,26,3,0,0,0,0,0,0,0,0,-1,0,0,0,0,0,0,0,0,0
13,1,0,0,0,0,0,0,0,0,0,0,13,3,0,0,0,0,0,0,0,0,-1,0,0,0,0,0,0,0,0,0
15,1,0,0,0,0,0,0,0,0,0,0,15,3,0,0,0,0,0,0,0,0,-1,0,0,0,0,0,0,0,0,0
13,1,0,0,0,0,0,0,0,0,0,0,13,2,0,0,0,0,0,0,0,0,-1,0,0,0,0,0,0,0,0,0
10,1,0,0,0,0,0,0,0,0,0,0,10,3,0,0,0,0,0,0,0,0,-1,0,0,0,0,0,0,0,0,0
12,1,0,0,0,0,0,0,0,0,0,0,12,3,0,0,0,0,0,0,0,0,-1,0,0,0,0,0,0,0,0,0
10,1,0,0,0,0,0,0,0,0,0,0,10,3,0,0,0,0,0,0,0,0,-1,0,0,0,0,0,0,0,0,0
14,1,0,0,0,0,0,0,0,0,0,0,14,3,0,0,0,0,0,0,0,0,-1,0,0,0,0,0,0,0,0,0
18,1,0,0,0,0,0,0,0,0,0,0,18,3,0,0,0,0,0,0,0,0,-1,0,0,0,0,0,0,0,0,0
9,1,0,0,0,0,0,0,0,0,0,0,9,2,0,0,0,0,0,0,0,0,-1,0,0,0,0,0,0,0,0,0
11,1,0,0,0,0,0,0,0,0,0,0,11,3,0,0,0,0,0,0,0,0,-1,0,0,0,0,0,0,0,0,0
13,1,0,0,0,0,0,0,0,0,0,0,13,3,0,0,0,0,0,0,0,0,-1,0,0,0,0,0,0,0,0,0
10,1,0,0,0,0,0,0,0,0,0,0,10,3,0,0,0,0,0,0,0,0,-1,0,0,0,0,0,0,0,0,0
13,1,0,1,0,0,0,0,0,0,0,0,13,3,0,0,0,0,0,0,0,0,-1,0,0,0,0,0,0,0,0,0
15,2,0,0,0,0,0,0,0,0,0,1,15,2,0,0,0,0,0,0,0,0,-1,0,0,0,0,0,0,0,0,0
16,1,0,0,0,0,0,0,0,0,0,0,16,3,0,0,0,0,0,0,0,0,-1,0,0,0,0,0,0,0,0,0
15,1,0,1,0,0,0,0,0,0,0,0,15,3,0,0,0,0,0,0,0,0,-1,0,0,0,0,0,0,0,0,0
9,1,0,0,0,0,0,0,0,0,0,0,9,3,0,0,0,0,0,0,0,0,-1,0,0,0,0,0,0,0,0,0
11,1,0,0,0,0,0,0,0,0,0,0,11,3,0,0,0,0,0,0,0,0,-1,0,0,0,0,0,0,0,0,0
20,1,0,1,0,0,0,0,0,0,0,0,20,3,0,0,0,0,0,0,0,0,-1,0,0,0,0,0,0,0,0,0
11,1,0,0,0,0,0,0,0,0,0,0,11,3,0,0,0,0,0,0,0,0,-1,0,0,0,0,0,0,0,0,0
12,1,0,0,0,0,0,0,0,0,0,0,12,3,0,0,0,0,0,0,0,0,-1,0,0,0,0,0,0,0,0,0
8,1,0,0,0,0,0,0,0,0,0,0,8,2,0,0,0,0,0,0,0,0,-1,0,0,0,0,0,0,0,0,0
11,1,0,0,0,0,0,0,0,0,0,0,11,3,0,0,0,0,0,0,0,0,-1,0,0,0,0,0,0,0,0,0
11,1,0,0,0,0,0,0,0,0,0,0,11,3,0,0,0,0,0,0,0,0,-1,0,0,0,0,0,0,0,0,0
12,1,0,0,0,0,0,0,0,0,0,0,12,3,0,0,0,0,0,0,0,0,-1,0,0,0,0,0,0,0,0,0
11,1,0,0,0,0,0,0,0,0,0,0,11,3,0,0,0,0,0,0,0,0,-1,0,0,0,0,0,0,0,0,0
9,1,0,0,0,0,0,0,0,0,0,0,9,3,0,0,0,0,0,0,0,0,-1,0,0,0,0,0,0,0,0,0
18,1,0,0,0,0,0,0,0,0,0,0,18,3,0,0,0,0,0,0,0,0,-1,0,0,0,0,0,0,0,0,0
6,1,0,0,0,0,0,0,0,0,0,0,6,2,0,0,0,0,0,0,0,0,-1,0,0,0,0,0,0,0,0,0
14,1,0,0,0,0,0,0,0,0,0,0,14,2,0,0,0,0,0,0,0,0,-1,0,0,0,0,0,0,0,0,0
20,1,0,0,0,0,0,0,0,0,0,0,20,3,0,0,0,0,0,0,0,0,-1,0,0,0,0,0,0,0,0,0
12,1,0,0,0,0,0,0,0,0,0,0,12,3,0,0,0,0,0,0,0,0,-1,0,0,0,0,0,0,0,0,0
11,1,0,0,0,0,0,0,0,0,0,0,11,3,0,0,0,0,0,0,0,0,-1,0,0,0,0,0,0,0,0,0
13,1,0,1,0,0,0,0,0,0,0,0,13,3,0,0,0,0,0,0,0,0,-1,0,0,0,0,0,0,0,0,0
16,1,0,1,0,0,0,0,0,0,0,0,16,3,0,0,0,0,0,0,0,0,-1,0,0,0,0,0,0,0,0,0
19,1,0,1,0,0,0,0,0,0,0,0,19,3,0,0,0,0,0,0,0,0,-1,0,0,0,0,0,0,0,0,0
17,1,0,0,0,0,0,0,0,0,0,0,17,5,0,0,0,0,0,0,0,0,-1,0,0,0,0,0,0,0,0,0
14,1,0,0,0,0,0,0,0,0,0,0,14,3,0,0,0,0,0,0,0,0,-1,0,0,0,0,0,0,0,0,0
15,1,0,0,0,0,0,0,0,0,0,0,15,3,0,0,0,0,0,0,0,0,-1,0,0,0,0,0,0,0,0,0
7,1,0,0,0,0,0,0,0,0,0,0,7,3,0,0,0,0,0,0,0,0,-1,0,0,0,0,0,0,0,0,0
12,1,0,1,0,0,0,0,0,0,0,0,12,3,0,0,0,0,0,0,0,0,-1,0,0,0,0,0,0,0,0,0
13,1,0,0,0,0,0,0,0,0,0,0,13,2,0,0,0,0,0,0,0,0,-1,0,0,0,0,0,0,0,0,0
10,2,0,0,0,0,0,0,0,0,0,1,10,2,0,0,0,0,0,0,0,0,-1,0,0,0,0,0,0,0,0,0
13,1,0,0,0,0,0,0,0,0,0,0,13,3,0,0,0,0,0,0,0,0,-1,0,0,0,0,0,0,0,0,0
12,1,0,0,0,0,0,0,0,0,0,0,12,3,0,0,0,0,0,0,0,0,-1,0,0,0,0,0,0,0,0,0
8,1,0,0,0,0,0,0,0,0,0,0,8,3,0,0,0,0,0,0,0,0,-1,0,0,0,0,0,0,0,0,0
15,1,0,1,0,0,0,0,0,0,0,0,15,3,0,0,0,0,0,0,0,0,-1,0,0,0,0,0,0,0,0,0
15,1,0,0,0,0,0,0,0,0,0,0,15,3,0,0,0,0,0,0,0,0,-1,0,0,0,0,0,0,0,0,0
9,2,0,0,0,0,0,0,0,0,0,1,9,2,0,0,0,0,0,0,0,0,-1,0,0,0,0,0,0,0,0,0
12,2,0,0,0,0,0,0,0,0,0,1,12,2,0,0,0,0,0,0,0,0,-1,0,0,0,0,0,0,0,0,0
7,1,0,0,0,0,0,0,0,0,0,0,7,3,0,0,0,0,0,0,0,0,-1,0,0,0,0,0,0,0,0,0
9,1,0,0,0,0,0,0,0,0,0,0,9,3,0,0,0,0,0,0,0,0,-1,0,0,0,0,0,0,0,0,0
12,2,0,0,0,0,0,0,0,0,0,1,12,2,0,0,0,0,0,0,0,0,-1,0,0,0,0,0,0,0,0,0
12,2,0,0,0,0,0,0,0,0,0,1,12,2,0,0,0,0,0,0,0,0,-1,0,0,0,0,0,0,0,0,0
6,1,0,0,0,0,0,0,0,0,0,0,6,2,0,0,0,0,0,0,0,0,-1,0,0,0,0,0,0,0,0,0
6,1,0,0,0,0,0,0,0,0,0,0,6,3,0,0,0,0,0,0,0,0,-1,0,0,0,0,0,0,0,0,0
10,1,0,0,0,0,0,0,0,0,0,0,10,5,0,0,0,0,0,0,0,0,-1,0,0,0,0,0,0,0,0,0
11,1,0,0,0,0,0,0,0,0,0,0,11,3,0,0,0,0,0,0,0,0,-1,0,0,0,0,0,0,0,0,0
8,1,0,0,0,0,0,0,0,0,0,0,8,3,0,0,0,0,0,0,0,0,-1,0,0,0,0,0,0,0,0,0
15,1,0,0,0,0,0,0,0,0,0,0,15,3,0,0,0,0,0,0,0,0,-1,0,0,0,0,0,0,0,0,0
7,1,0,0,0,0,0,0,0,0,0,0,7,3,0,0,0,0,0,0,0,0,-1,0,0,0,0,0,0,0,0,0
13,1,0,0,0,0,0,0,0,0,0,0,13,3,0,0,0,0,0,0,0,0,-1,0,0,0,0,0,0,0,0,0
13,1,0,1,0,0,0,0,0,0,0,0,13,3,0,0,0,0,0,0,0,0,-1,0,0,0,0,0,0,0,0,0
11,1,0,0,0,0,0,0,0,0,0,0,11,3,0,0,0,0,0,0,0,0,-1,0,0,0,0,0,0,0,0,0
10,1,0,0,0,0,0,0,0,0,0,0,10,2,0,0,0,0,0,0,0,0,-1,0,0,0,0,0,0,0,0,0
15,1,0,0,0,0,0,0,0,0,0,0,15,3,0,0,0,0,0,0,0,0,-1,0,0,0,0,0,0,0,0,0
17,1,0,0,0,0,0,0,0,0,0,0,17,3,0,0,0,0,0,0,0,0,-1,0,0,0,0,0,0,0,0,0
13,2,0,0,0,0,0,0,0,0,0,1,13,2,0,0,0,0,0,0,0,0,-1,0,0,0,0,0,0,0,0,0
14,1,0,1,0,0,0,0,0,0,0,0,14,4,0,0,0,0,0,0,0,0,-1,0,0,0,0,0,0,0,0,0
11,1,0,0,0,0,0,0,0,0,0,0,11,2,0,0,0,0,0,0,0,0,-1,0,0,0,0,0,0,0,0,0
10,1,0,0,0,0,0,0,0,0,0,0,10,3,0,0,0,0,0,0,0,0,-1,0,0,0,0,0,0,0,0,0
19,1,0,1,0,0,0,0,0,0,0,0,19,3,0,0,0,0,0,0,0,0,-1,0,0,0,0,0,0,0,0,0
13,1,0,1,0,0,0,0,0,0,0,0,13,3,0,0,0,0,0,0,0,0,-1,0,0,0,0,0,0,0,0,0
17,1,0,1,0,0,0,0,0,0,0,0,17,3,0,0,0,0,0,0,0,0,-1,0,0,0,0,0,0,0,0,0
15,1,0,0,0,0,0,0,0,0,0,0,15,3,0,0,0,0,0,0,0,0,-1,0,0,0,0,0,0,0,0,0
20,1,0,0,0,0,0,0,0,0,0,0,20,3,0,0,0,0,0,0,0,0,-1,0,0,0,0,0,0,0,0,0
13,1,0,0,0,0,0,0,0,0,0,0,13,3,0,0,0,0,0,0,0,0,-1,0,0,0,0,0,0,0,0,0
16,1,0,1,0,0,0,0,0,0,0,0,16,3,0,0,0,0,0,0,0,0,-1,0,0,0,0,0,0,0,0,0
13,1,0,0,0,0,0,0,0,0,0,0,13,2,0,0,0,0,0,0,0,0,-1,0,0,0,0,0,0,0,0,0
14,1,0,0,0,0,0,0,0,0,0,0,14,3,0,0,0,0,0,0,0,0,-1,0,0,0,0,0,0,0,0,0
11,1,0,0,0,0,0,0,0,0,0,0,11,2,0,0,0,0,0,0,0,0,-1,0,0,0,0,0,0,0,0,0
14,1,0,0,0,0,0,0,0,0,0,0,14,3,0,0,0,0,0,0,0,0,-1,0,0,0,0,0,0,0,0,0
12,2,0,0,0,0,0,0,0,0,0,1,12,2,0,0,0,0,0,0,0,0,-1,0,0,0,0,0,0,0,0,0
12,1,0,0,0,0,0,0,0,0,0,0,12,2,0,0,0,0,0,0,0,0,-1,0,0,0,0,0,0,0,0,0
15,1,0,0,0,0,0,0,0,0,0,0,15,3,0,0,0,0,0,0,0,0,-1,0,0,0,0,0,0,0,0,0
23,1,0,0,0,0,0,0,0,0,0,0,23,3,0,0,0,0,0,0,0,0,-1,0,0,0,0,0,0,0,0,0
12,1,0,0,0,0,0,0,0,0,0,0,12,3,0,0,0,0,0,0,0,0,-1,0,0,0,0,0,0,0,0,0
13,1,0,0,0,0,0,0,0,0,0,0,13,2,0,0,0,0,0,0,0,0,-1,0,0,0,0,0,0,0,0,0
13,1,0,1,0,0,0,0,0,0,0,0,13,3,0,0,0,0,0,0,0,0,-1,0,0,0,0,0,0,0,0,0
9,1,0,0,0,0,0,0,0,0,0,0,9,2,0,0,0,0,0,0,0,0,-1,0,0,0,0,0,0,0,0,0
11,1,0,0,0,0,0,0,0,0,0,0,11,3,0,0,0,0,0,0,0,0,-1,0,0,0,0,0,0,0,0,0
10,1,0,0,0,0,0,0,0,0,0,0,10,3,0,0,0,0,0,0,0,0,-1,0,0,0,0,0,0,0,0,0
10,1,0,0,0,0,0,0,0,0,0,0,10,4,0,0,0,0,0,0,0,0,-1,0,0,0,0,0,0,0,0,0
18,1,0,0,0,0,0,0,0,0,0,0,18,3,0,0,0,0,0,0,0,0,-1,0,0,0,0,0,0,0,0,0
12,1,0,0,0,0,0,0,0,0,0,0,12,3,0,0,0,0,0,0,0,0,-1,0,0,0,0,0,0,0,0,0
12,1,0,0,0,0,0,0,0,0,0,0,12,3,0,0,0,0,0,0,0,0,-1,0,0,0,0,0,0,0,0,0
10,1,0,0,0,0,0,0,0,0,0,0,10,3,0,0,0,0,0,0,0,0,-1,0,0,0,0,0,0,0,0,0
12,1,0,0,0,0,0,0,0,0,0,0,12,3,0,0,0,0,0,0,0,0,-1,0,0,0,0,0,0,0,0,0
10,1,0,0,0,0,0,0,0,0,0,0,10,6,0,0,0,0,0,0,0,0,-1,0,0,0,0,0,0,0,0,0
9,1,0,0,0,0,0,0,0,0,0,0,9,2,0,0,0,0,0,0,0,0,-1,0,0,0,0,0,0,0,0,0
23,1,0,0,0,0,0,0,0,0,0,0,23,3,0,0,0,0,0,0,0,0,-1,0,0,0,0,0,0,0,0,0
16,2,0,0,0,0,0,0,0,0,0,1,16,2,0,0,0,0,0,0,0,0,-1,0,0,0,0,0,0,0,0,0
12,1,0,0,0,0,0,0,0,0,0,0,12,2,0,0,0,0,0,0,0,0,-1,0,0,0,0,0,0,0,0,0
12,1,0,0,0,0,0,0,0,0,0,0,12,3,0,0,0,0,0,0,0,0,-1,0,0,0,0,0,0,0,0,0
15,1,0,0,0,0,0,0,0,0,0,0,15,3,0,0,0,0,0,0,0,0,-1,0,0,0,0,0,0,0,0,0
9,1,0,0,0,0,0,0,0,0,0,0,9,3,0,0,0,0,0,0,0,0,-1,0,0,0,0,0,0,0,0,0
18,1,0,0,0,0,0,0,0,0,0,0,18,3,0,0,0,0,0,0,0,0,-1,0,0,0,0,0,0,0,0,0
11,1,0,0,0,0,0,0,0,0,0,0,11,3,0,0,0,0,0,0,0,0,-1,0,0,0,0,0,0,0,0,0
13,1,0,1,0,0,0,0,0,0,0,0,13,3,0,0,0,0,0,0,0,0,-1,0,0,0,0,0,0,0,0,0
11,1,0,0,0,0,0,0,0,0,0,0,11,3,0,0,0,0,0,0,0,0,-1,0,0,0,0,0,0,0,0,0
10,1,0,0,0,0,0,0,0,0,0,0,10,3,0,0,0,0,0,0,0,0,-1,0,0,0,0,0,0,0,0,0
12,1,0,0,0,0,0,0,0,0,0,0,12,2,0,0,0,0,0,0,0,0,-1,0,0,0,0,0,0,0,0,0
13,1,0,0,0,0,0,0,0,0,0,0,13,3,0,0,0,0,0,0,0,0,-1,0,0,0,0,0,0,0,0,0
13,1,0,0,0,0,0,0,0,0,0,0,13,3,0,0,0,0,0,0,0,0,-1,0,0,0,0,0,0,0,0,0
13,1,0,0,0,0,0,0,0,0,0,0,13,3,0,0,0,0,0,0,0,0,-1,0,0,0,0,0,0,0,0,0
10,1,0,0,0,0,0,0,0,0,0,0,10,3,0,0,0,0,0,0,0,0,-1,0,0,0,0,0,0,0,0,0
17,1,0,0,0,0,0,0,0,0,0,0,17,3,0,0,0,0,0,0,0,0,-1,0,0,0,0,0,0,0,0,0
17,1,0,0,0,0,0,0,0,0,0,0,17,3,0,0,0,0,0,0,0,0,-1,0,0,0,0,0,0,0,0,0
14,1,0,0,0,0,0,0,0,0,0,0,14,3,0,0,0,0,0,0,0,0,-1,0,0,0,0,0,0,0,0,0
15,1,0,0,0,0,0,0,0,0,0,0,15,3,0,0,0,0,0,0,0,0,-1,0,0,0,0,0,0,0,0,0
10,1,0,0,0,0,0,0,0,0,0,0,10,3,0,0,0,0,0,0,0,0,-1,0,0,0,0,0,0,0,0,0
8,1,0,0,0,0,0,0,0,0,0,0,8,3,0,0,0,0,0,0,0,0,-1,0,0,0,0,0,0,0,0,0
9,1,0,0,0,0,0,0,0,0,0,0,9,3,0,0,0,0,0,0,0,0,-1,0,0,0,0,0,0,0,0,0
11,1,0,0,0,0,0,0,0,0,0,0,11,3,0,0,0,0,0,0,0,0,-1,0,0,0,0,0,0,0,0,0
13,1,0,0,0,0,0,0,0,0,0,0,13,3,0,0,0,0,0,0,0,0,-1,0,0,0,0,0,0,0,0,0
13,1,0,1,0,0,0,0,0,0,0,0,13,3,0,0,0,0,0,0,0,0,-1,0,0,0,0,0,0,0,0,0
14,1,0,0,0,0,0,0,0,0,0,0,14,3,0,0,0,0,0,0,0,0,-1,0,0,0,0,0,0,0,0,0
12,1,0,0,0,0,0,0,0,0,0,0,12,3,0,0,0,0,0,0,0,0,-1,0,0,0,0,0,0,0,0,0
10,1,0,0,0,0,0,0,0,0,0,0,10,2,0,0,0,0,0,0,0,0,-1,0,0,0,0,0,0,0,0,0
8,1,0,0,0,0,0,0,0,0,0,0,8,2,0,0,0,0,0,0,0,0,-1,0,0,0,0,0,0,0,0,0
13,2,0,0,0,0,0,0,0,0,0,1,13,2,0,0,0,0,0,0,0,0,-1,0,0,0,0,0,0,0,0,0
6,1,0,0,0,0,0,0,0,0,0,0,6,2,0,0,0,0,0,0,0,0,-1,0,0,0,0,0,0,0,0,0
17,1,0,0,0,0,0,0,0,0,0,0,17,3,0,0,0,0,0,0,0,0,-1,0,0,0,0,0,0,0,0,0
12,1,0,0,0,0,0,0,0,0,0,0,12,3,0,0,0,0,0,0,0,0,-1,0,0,0,0,0,0,0,0,0
13,2,0,0,0,0,0,0,0,0,0,1,13,2,0,0,0,0,0,0,0,0,-1,0,0,0,0,0,0,0,0,0
7,1,0,0,0,0,0,0,0,0,0,0,7,3,0,0,0,0,0,0,0,0,-1,0,0,0,0,0,0,0,0,0
13,2,0,0,0,0,0,0,0,0,0,1,13,2,0,0,0,0,0,0,0,0,-1,0,0,0,0,0,0,0,0,0
13,1,0,1,0,0,0,0,0,0,0,0,13,3,0,0,0,0,0,0,0,0,-1,0,0,0,0,0,0,0,0,0
15,1,0,1,0,0,0,0,0,0,0,0,15,3,0,0,0,0,0,0,0,0,-1,0,0,0,0,0,0,0,0,0
13,1,0,1,0,0,0,0,0,0,0,0,13,3,0,0,0,0,0,0,0,0,-1,0,0,0,0,0,0,0,0,0
13,1,0,0,0,0,0,0,0,0,0,0,13,3,0,0,0,0,0,0,0,0,-1,0,0,0,0,0,0,0,0,0
7,1,0,0,0,0,0,0,0,0,0,0,7,3,0,0,0,0,0,0,0,0,-1,0,0,0,0,0,0,0,0,0
13,1,0,1,0,0,0,0,0,0,0,0,13,3,0,0,0,0,0,0,0,0,-1,0,0,0,0,0,0,0,0,0
10,1,0,0,0,0,0,0,0,0,0,0,10,3,0,0,0,0,0,0,0,0,-1,0,0,0,0,0,0,0,0,0
13,1,0,1,0,0,0,0,0,0,0,0,13,3,0,0,0,0,0,0,0,0,-1,0,0,0,0,0,0,0,0,0
14,1,0,0,0,0,0,0,0,0,0,0,14,3,0,0,0,0,0,0,0,0,-1,0,0,0,0,0,0,0,0,0
7,1,0,0,0,0,0,0,0,0,0,0,7,2,0,0,0,0,0,0,0,0,-1,0,0,0,0,0,0,0,0,0
12,1,0,1,0,0,0,0,0,0,0,0,12,3,0,0,0,0,0,0,0,0,-1,0,0,0,0,0,0,0,0,0
20,1,0,0,0,0,0,0,0,0,0,0,20,3,0,0,0,0,0,0,0,0,-1,0,0,0,0,0,0,0,0,0
13,1,0,0,0,0,0,0,0,0,0,0,13,3,0,0,0,0,0,0,0,0,-1,0,0,0,0,0,0,0,0,0
8,1,0,0,0,0,0,0,0,0,0,0,8,3,0,0,0,0,0,0,0,0,-1,0,0,0,0,0,0,0,0,0
6,1,0,0,0,0,0,0,0,0,0,0,6,2,0,0,0,0,0,0,0,0,-1,0,0,0,0,0,0,0,0,0
9,1,0,0,0,0,0,0,0,0,0,0,9,2,0,0,0,0,0,0,0,0,-1,0,0,0,0,0,0,0,0,0
5,1,0,0,0,0,0,0,0,0,0,0,5,2,0,0,0,0,0,0,0,0,-1,0,0,0,0,0,0,0,0,0
8,1,0,0,0,0,0,0,0,0,0,0,8,3,0,0,0,0,0,0,0,0,-1,0,0,0,0,0,0,0,0,0
7,1,0,0,0,0,0,0,0,0,0,0,7,3,0,0,0,0,0,0,0,0,-1,0,0,0,0,0,0,0,0,0
20,1,0,0,0,0,0,0,0,0,0,0,20,3,0,0,0,0,0,0,0,0,-1,0,0,0,0,0,0,0,0,0
14,1,0,0,0,0,0,0,0,0,0,0,14,3,0,0,0,0,0,0,0,0,-1,0,0,0,0,0,0,0,0,0
9,1,0,0,0,0,0,0,0,0,0,0,9,3,0,0,0,0,0,0,0,0,-1,0,0,0,0,0,0,0,0,0
12,1,0,0,0,0,0,0,0,0,0,0,12,3,0,0,0,0,0,0,0,0,-1,0,0,0,0,0,0,0,0,0
6,1,0,0,0,0,0,0,0,0,0,0,6,3,0,0,0,0,0,0,0,0,-1,0,0,0,0,0,0,0,0,0
10,1,0,0,0,0,0,0,0,0,0,0,10,3,0,0,0,0,0,0,0,0,-1,0,0,0,0,0,0,0,0,0
13,1,0,1,0,0,0,0,0,0,0,0,13,3,0,0,0,0,0,0,0,0,-1,0,0,0,0,0,0,0,0,0
11,2,0,0,0,0,0,0,0,0,0,1,11,2,0,0,0,0,0,0,0,0,-1,0,0,0,0,0,0,0,0,0
13,2,0,0,0,0,0,0,0,0,0,1,13,2,0,0,0,0,0,0,0,0,-1,0,0,0,0,0,0,0,0,0
11,1,0,0,0,0,0,0,0,0,0,0,11,3,0,0,0,0,0,0,0,0,-1,0,0,0,0,0,0,0,0,0
7,1,0,0,0,0,0,0,0,0,0,0,7,3,0,0,0,0,0,0,0,0,-1,0,0,0,0,0,0,0,0,0
13,1,0,1,0,0,0,0,0,0,0,0,13,3,0,0,0,0,0,0,0,0,-1,0,0,0,0,0,0,0,0,0
10,1,0,0,0,0,0,0,0,0,0,0,10,5,0,0,0,0,0,0,0,0,-1,0,0,0,0,0,0,0,0,0
13,1,0,1,0,0,0,0,0,0,0,0,13,3,0,0,0,0,0,0,0,0,-1,0,0,0,0,0,0,0,0,0
13,1,0,0,0,0,0,0,0,0,0,0,13,3,0,0,0,0,0,0,0,0,-1,0,0,0,0,0,0,0,0,0
6,1,0,0,0,0,0,0,0,0,0,0,6,3,0,0,0,0,0,0,0,0,-1,0,0,0,0,0,0,0,0,0
17,1,0,0,0,0,0,0,0,0,0,0,17,2,0,0,0,0,0,0,0,0,-1,0,0,0,0,0,0,0,0,0
14,1,0,0,0,0,0,0,0,0,0,0,14,3,0,0,0,0,0,0,0,0,-1,0,0,0,0,0,0,0,0,0
13,1,0,1,0,0,0,0,0,0,0,0,13,3,0,0,0,0,0,0,0,0,-1,0,0,0,0,0,0,0,0,0
10,1,0,0,0,0,0,0,0,0,0,0,10,3,0,0,0,0,0,0,0,0,-1,0,0,0,0,0,0,0,0,0
8,1,0,0,0,0,0,0,0,0,0,0,8,3,0,0,0,0,0,0,0,0,-1,0,0,0,0,0,0,0,0,0
13,1,0,1,0,0,0,0,0,0,0,0,13,3,0,0,0,0,0,0,0,0,-1,0,0,0,0,0,0,0,0,0
9,1,0,0,0,0,0,0,0,0,0,0,9,3,0,0,0,0,0,0,0,0,-1,0,0,0,0,0,0,0,0,0
13,1,0,0,0,0,0,0,0,0,0,0,13,3,0,0,0,0,0,0,0,0,-1,0,0,0,0,0,0,0,0,0
9,1,0,0,0,0,0,0,0,0,0,0,9,3,0,0,0,0,0,0,0,0,-1,0,0,0,0,0,0,0,0,0
13,1,0,0,0,0,0,0,0,0,0,0,13,2,0,0,0,0,0,0,0,0,-1,0,0,0,0,0,0,0,0,0
14,1,0,0,0,0,0,0,0,0,0,0,14,3,0,0,0,0,0,0,0,0,-1,0,0,0,0,0,0,0,0,0
11,1,0,0,0,0,0,0,0,0,0,0,11,3,0,0,0,0,0,0,0,0,-1,0,0,0,0,0,0,0,0,0
6,1,0,0,0,0,0,0,0,0,0,0,6,3,0,0,0,0,0,0,0,0,-1,0,0,0,0,0,0,0,0,0
12,1,0,0,0,0,0,0,0,0,0,0,12,3,0,0,0,0,0,0,0,0,-1,0,0,0,0,0,0,0,0,0
13,1,0,0,0,0,0,0,0,0,0,0,13,3,0,0,0,0,0,0,0,0,-1,0,0,0,0,0,0,0,0,0
10,1,0,0,0,0,0,0,0,0,0,0,10,3,0,0,0,0,0,0,0,0,-1,0,0,0,0,0,0,0,0,0
6,1,0,0,0,0,0,0,0,0,0,0,6,2,0,0,0,0,0,0,0,0,-1,0,0,0,0,0,0,0,0,0
13,1,0,0,0,0,0,0,0,0,0,0,13,3,0,0,0,0,0,0,0,0,-1,0,0,0,0,0,0,0,0,0
13,1,0,1,0,0,0,0,0,0,0,0,13,3,0,0,0,0,0,0,0,0,-1,0,0,0,0,0,0,0,0,0
9,1,0,0,0,0,0,0,0,0,0,0,9,2,0,0,0,0,0,0,0,0,-1,0,0,0,0,0,0,0,0,0
8,1,0,0,0,0,0,0,0,0,0,0,8,3,0,0,0,0,0,0,0,0,-1,0,0,0,0,0,0,0,0,0
12,1,0,0,0,0,0,0,0,0,0,0,12,3,0,0,0,0,0,0,0,0,-1,0,0,0,0,0,0,0,0,0
8,1,0,0,0,0,0,0,0,0,0,0,8,3,0,0,0,0,0,0,0,0,-1,0,0,0,0,0,0,0,0,0
13,1,0,0,0,0,0,0,0,0,0,0,13,3,0,0,0,0,0,0,0,0,-1,0,0,0,0,0,0,0,0,0
9,1,0,0,0,0,0,0,0,0,0,0,9,3,0,0,0,0,0,0,0,0,-1,0,0,0,0,0,0,0,0,0
12,1,0,0,0,0,0,0,0,0,0,0,12,3,0,0,0,0,0,0,0,0,-1,0,0,0,0,0,0,0,0,0
10,1,0,0,0,0,0,0,0,0,0,0,10,5,0,0,0,0,0,0,0,0,-1,0,0,0,0,0,0,0,0,0
16,1,0,0,0,0,0,0,0,0,0,0,16,3,0,0,0,0,0,0,0,0,-1,0,0,0,0,0,0,0,0,0
16,1,0,0,0,0,0,0,0,0,0,0,16,3,0,0,0,0,0,0,0,0,-1,0,0,0,0,0,0,0,0,0
15,1,0,0,0,0,0,0,0,0,0,0,15,3,0,0,0,0,0,0,0,0,-1,0,0,0,0,0,0,0,0,0
9,1,0,0,0,0,0,0,0,0,0,0,9,3,0,0,0,0,0,0,0,0,-1,0,0,0,0,0,0,0,0,0
13,1,0,0,0,0,0,0,0,0,0,0,13,3,0,0,0,0,0,0,0,0,-1,0,0,0,0,0,0,0,0,0
5,1,0,0,0,0,0,0,0,0,0,0,5,2,0,0,0,0,0,0,0,0,-1,0,0,0,0,0,0,0,0,0
8,1,0,0,0,0,0,0,0,0,0,0,8,2,0,0,0,0,0,0,0,0,-1,0,0,0,0,0,0,0,0,0
13,1,0,0,0,0,0,0,0,0,0,0,13,3,0,0,0,0,0,0,0,0,-1,0,0,0,0,0,0,0,0,0
9,1,0,0,0,0,0,0,0,0,0,0,9,3,0,0,0,0,0,0,0,0,-1,0,0,0,0,0,0,0,0,0
14,1,0,0,0,0,0,0,0,0,0,0,14,3,0,0,0,0,0,0,0,0,-1,0,0,0,0,0,0,0,0,0
14,1,0,0,0,0,0,0,0,0,0,0,14,3,0,0,0,0,0,0,0,0,-1,0,0,0,0,0,0,0,0,0
11,1,0,0,0,0,0,0,0,0,0,0,11,3,0,0,0,0,0,0,0,0,-1,0,0,0,0,0,0,0,0,0
16,2,0,0,0,0,0,0,0,0,0,1,16,2,0,0,0,0,0,0,0,0,-1,0,0,0,0,0,0,0,0,0
13,1,0,1,0,0,0,0,0,0,0,0,13,3,0,0,0,0,0,0,0,0,-1,0,0,0,0,0,0,0,0,0
13,1,0,0,0,0,0,0,0,0,0,0,13,2,0,0,0,0,0,0,0,0,-1,0,0,0,0,0,0,0,0,0
13,1,0,0,0,0,0,0,0,0,0,0,13,3,0,0,0,0,0,0,0,0,-1,0,0,0,0,0,0,0,0,0
17,2,0,0,0,0,0,0,0,0,0,1,17,2,0,0,0,0,0,0,0,0,-1,0,0,0,0,0,0,0,0,0
13,2,0,0,0,0,0,0,0,0,0,1,13,2,0,0,0,0,0,0,0,0,-1,0,0,0,0,0,0,0,0,0
20,1,0,0,0,0,0,0,0,0,0,0,20,2,0,0,0,0,0,0,0,0,-1,0,0,0,0,0,0,0,0,0
17,1,0,0,0,0,0,0,0,0,0,0,17,3,0,0,0,0,0,0,0,0,-1,0,0,0,0,0,0,0,0,0
10,1,0,0,0,0,0,0,0,0,0,0,10,3,0,0,0,0,0,0,0,0,-1,0,0,0,0,0,0,0,0,0
9,1,0,0,0,0,0,0,0,0,0,0,9,3,0,0,0,0,0,0,0,0,-1,0,0,0,0,0,0,0,0,0
9,1,0,0,0,0,0,0,0,0,0,0,9,2,0,0,0,0,0,0,0,0,-1,0,0,0,0,0,0,0,0,0
7,1,0,0,0,0,0,0,0,0,0,0,7,3,0,0,0,0,0,0,0,0,-1,0,0,0,0,0,0,0,0,0
14,1,0,0,0,0,0,0,0,0,0,0,14,3,0,0,0,0,0,0,0,0,-1,0,0,0,0,0,0,0,0,0
8,1,0,0,0,0,0,0,0,0,0,0,8,2,0,0,0,0,0,0,0,0,-1,0,0,0,0,0,0,0,0,0
11,1,0,0,0,0,0,0,0,0,0,0,11,3,0,0,0,0,0,0,0,0,-1,0,0,0,0,0,0,0,0,0
10,1,0,0,0,0,0,0,0,0,0,0,10,3,0,0,0,0,0,0,0,0,-1,0,0,0,0,0,0,0,0,0
19,1,0,0,0,0,0,0,0,0,0,0,19,3,0,0,0,0,0,0,0,0,-1,0,0,0,0,0,0,0,0,0
13,2,0,0,0,0,0,0,0,0,0,1,13,2,0,0,0,0,0,0,0,0,-1,0,0,0,0,0,0,0,0,0
10,1,0,0,0,0,0,0,0,0,0,0,10,3,0,0,0,0,0,0,0,0,-1,0,0,0,0,0,0,0,0,0
10,1,0,0,0,0,0,0,0,0,0,0,10,3,0,0,0,0,0,0,0,0,-1,0,0,0,0,0,0,0,0,0
17,1,0,1,0,0,0,0,0,0,0,0,17,3,0,0,0,0,0,0,0,0,-1,0,0,0,0,0,0,0,0,0
12,1,0,0,0,0,0,0,0,0,0,0,12,3,0,0,0,0,0,0,0,0,-1,0,0,0,0,0,0,0,0,0
17,2,0,0,0,0,0,0,0,0,0,1,17,2,0,0,0,0,0,0,0,0,-1,0,0,0,0,0,0,0,0,0
18,1,0,1,0,0,0,0,0,0,0,0,18,3,0,0,0,0,0,0,0,0,-1,0,0,0,0,0,0,0,0,0
7,1,0,0,0,0,0,0,0,0,0,0,7,3,0,0,0,0,0,0,0,0,-1,0,0,0,0,0,0,0,0,0
10,1,0,0,0,0,0,0,0,0,0,0,10,3,0,0,0,0,0,0,0,0,-1,0,0,0,0,0,0,0,0,0
5,1,0,0,0,0,0,0,0,0,0,0,5,2,0,0,0,0,0,0,0,0,-1,0,0,0,0,0,0,0,0,0
12,2,0,0,0,0,0,0,0,0,0,1,12,2,0,0,0,0,0,0,0,0,-1,0,0,0,0,0,0,0,0,0
7,1,0,0,0,0,0,0,0,0,0,0,7,3,0,0,0,0,0,0,0,0,-1,0,0,0,0,0,0,0,0,0
14,1,0,1,0,0,0,0,0,0,0,0,14,3,0,0,0,0,0,0,0,0,-1,0,0,0,0,0,0,0,0,0
12,1,0,0,0,0,0,0,0,0,0,0,12,3,0,0,0,0,0,0,0,0,-1,0,0,0,0,0,0,0,0,0
11,1,0,0,0,0,0,0,0,0,0,0,11,3,0,0,0,0,0,0,0,0,-1,0,0,0,0,0,0,0,0,0
12,1,0,0,0,0,0,0,0,0,0,0,12,3,0,0,0,0,0,0,0,0,-1,0,0,0,0,0,0,0,0,0
13,2,0,0,0,0,0,0,0,0,0,1,13,2,0,0,0,0,0,0,0,0,-1,0,0,0,0,0,0,0,0,0
8,1,0,0,0,0,0,0,0,0,0,0,8,2,0,0,0,0,0,0,0,0,-1,0,0,0,0,0,0,0,0,0
11,1,0,0,0,0,0,0,0,0,0,0,11,3,0,0,0,0,0,0,0,0,-1,0,0,0,0,0,0,0,0,0
6,1,0,0,0,0,0,0,0,0,0,0,6,2,0,0,0,0,0,0,0,0,-1,0,0,0,0,0,0,0,0,0
16,1,0,0,0,0,0,0,0,0,0,0,16,3,0,0,0,0,0,0,0,0,-1,0,0,0,0,0,0,0,0,0
21,1,0,0,0,0,0,0,0,0,0,0,21,3,0,0,0,0,0,0,0,0,-1,0,0,0,0,0,0,0,0,0
10,1,0,0,0,0,0,0,0,0,0,0,10,3,0,0,0,0,0,0,0,0,-1,0,0,0,0,0,0,0,0,0
13,1,0,0,0,0,0,0,0,0,0,0,13,3,0,0,0,0,0,0,0,0,-1,0,0,0,0,0,0,0,0,0
11,1,0,0,0,0,0,0,0,0,0,0,11,3,0,0,0,0,0,0,0,0,-1,0,0,0,0,0,0,0,0,0
8,1,0,0,0,0,0,0,0,0,0,0,8,3,0,0,0,0,0,0,0,0,-1,0,0,0,0,0,0,0,0,0
10,1,0,0,0,0,0,0,0,0,0,0,10,3,0,0,0,0,0,0,0,0,-1,0,0,0,0,0,0,0,0,0
10,1,0,0,0,0,0,0,0,0,0,0,10,3,0,0,0,0,0,0,0,0,-1,0,0,0,0,0,0,0,0,0
9,1,0,0,0,0,0,0,0,0,0,0,9,2,0,0,0,0,0,0,0,0,-1,0,0,0,0,0,0,0,0,0
8,1,0,0,0,0,0,0,0,0,0,0,8,3,0,0,0,0,0,0,0,0,-1,0,0,0,0,0,0,0,0,0
13,1,0,1,0,0,0,0,0,0,0,0,13,3,0,0,0,0,0,0,0,0,-1,0,0,0,0,0,0,0,0,0
14,1,0,0,0,0,0,0,0,0,0,0,14,2,0,0,0,0,0,0,0,0,-1,0,0,0,0,0,0,0,0,0
12,1,0,0,0,0,0,0,0,0,0,0,12,3,0,0,0,0,0,0,0,0,-1,0,0,0,0,0,0,0,0,0
12,1,0,0,0,0,0,0,0,0,0,0,12,3,0,0,0,0,0,0,0,0,-1,0,0,0,0,0,0,0,0,0
11,1,0,0,0,0,0,0,0,0,0,0,11,2,0,0,0,0,0,0,0,0,-1,0,0,0,0,0,0,0,0,0
21,1,0,0,0,0,0,0,0,0,0,0,21,3,0,0,0,0,0,0,0,0,-1,0,0,0,0,0,0,0,0,0
7,1,0,0,0,0,0,0,0,0,0,0,7,3,0,0,0,0,0,0,0,0,-1,0,0,0,0,0,0,0,0,0
12,1,0,0,0,0,0,0,0,0,0,0,12,3,0,0,0,0,0,0,0,0,-1,0,0,0,0,0,0,0,0,0
13,1,0,0,0,0,0,0,0,0,0,0,13,3,0,0,0,0,0,0,0,0,-1,0,0,0,0,0,0,0,0,0
18,1,0,0,0,0,0,0,0,0,0,0,18,3,0,0,0,0,0,0,0,0,-1,0,0,0,0,0,0,0,0,0
9,1,0,0,0,0,0,0,0,0,0,0,9,3,0,0,0,0,0,0,0,0,-1,0,0,0,0,0,0,0,0,0
14,1,0,0,0,0,0,0,0,0,0,0,14,3,0,0,0,0,0,0,0,0,-1,0,0,0,0,0,0,0,0,0
10,1,0,0,0,0,0,0,0,0,0,0,10,3,0,0,0,0,0,0,0,0,-1,0,0,0,0,0,0,0,0,0
10,1,0,0,0,0,0,0,0,0,0,0,10,2,0,0,0,0,0,0,0,0,-1,0,0,0,0,0,0,0,0,0
13,1,0,0,0,0,0,0,0,0,0,0,13,2,0,0,0,0,0,0,0,0,-1,0,0,0,0,0,0,0,0,0
14,1,0,0,0,0,0,0,0,0,0,0,14,3,0,0,0,0,0,0,0,0,-1,0,0,0,0,0,0,0,0,0
10,1,0,0,0,0,0,0,0,0,0,0,10,3,0,0,0,0,0,0,0,0,-1,0,0,0,0,0,0,0,0,0
16,1,0,0,0,0,0,0,0,0,0,0,16,3,0,0,0,0,0,0,0,0,-1,0,0,0,0,0,0,0,0,0
10,1,0,0,0,0,0,0,0,0,0,0,10,2,0,0,0,0,0,0,0,0,-1,0,0,0,0,0,0,0,0,0
10,1,0,0,0,0,0,0,0,0,0,0,10,2,0,0,0,0,0,0,0,0,-1,0,0,0,0,0,0,0,0,0
10,1,0,0,0,0,0,0,0,0,0,0,10,3,0,0,0,0,0,0,0,0,-1,0,0,0,0,0,0,0,0,0
6,1,0,0,0,0,0,0,0,0,0,0,6,3,0,0,0,0,0,0,0,0,-1,0,0,0,0,0,0,0,0,0
17,1,0,0,0,0,0,0,0,0,0,0,17,3,0,0,0,0,0,0,0,0,-1,0,0,0,0,0,0,0,0,0
11,1,0,0,0,0,0,0,0,0,0,0,11,3,0,0,0,0,0,0,0,0,-1,0,0,0,0,0,0,0,0,0
14,1,0,0,0,0,0,0,0,0,0,0,14,3,0,0,0,0,0,0,0,0,-1,0,0,0,0,0,0,0,0,0
16,1,0,1,0,0,0,0,0,0,0,0,16,3,0,0,0,0,0,0,0,0,-1,0,0,0,0,0,0,0,0,0
10,2,0,0,0,0,0,0,0,0,0,1,10,2,0,0,0,0,0,0,0,0,-1,0,0,0,0,0,0,0,0,0
18,1,0,0,0,0,0,0,0,0,0,0,18,3,0,0,0,0,0,0,0,0,-1,0,0,0,0,0,0,0,0,0
12,1,0,1,0,0,0,0,0,0,0,0,12,3,0,0,0,0,0,0,0,0,-1,0,0,0,0,0,0,0,0,0
30,1,0,2,0,0,0,0,0,0,0,0,30,4,0,0,0,0,0,0,0,0,-1,0,0,0,0,0,0,0,0,0
9,1,0,0,0,0,0,0,0,0,0,0,9,3,0,0,0,0,0,0,0,0,-1,0,0,0,0,0,0,0,0,0
13,1,0,1,0,0,0,0,0,0,0,0,13,3,0,0,0,0,0,0,0,0,-1,0,0,0,0,0,0,0,0,0
10,1,0,0,0,0,0,0,0,0,0,0,10,3,0,0,0,0,0,0,0,0,-1,0,0,0,0,0,0,0,0,0
10,1,0,0,0,0,0,0,0,0,0,0,10,3,0,0,0,0,0,0,0,0,-1,0,0,0,0,0,0,0,0,0
10,1,0,0,0,0,0,0,0,0,0,0,10,3,0,0,0,0,0,0,0,0,-1,0,0,0,0,0,0,0,0,0
11,1,0,0,0,0,0,0,0,0,0,0,11,3,0,0,0,0,0,0,0,0,-1,0,0,0,0,0,0,0,0,0
8,1,0,0,0,0,0,0,0,0,0,0,8,4,0,0,0,0,0,0,0,0,-1,0,0,0,0,0,0,0,0,0
8,1,0,0,0,0,0,0,0,0,0,0,8,3,0,0,0,0,0,0,0,0,-1,0,0,0,0,0,0,0,0,0
13,1,0,0,0,0,0,0,0,0,0,0,13,3,0,0,0,0,0,0,0,0,-1,0,0,0,0,0,0,0,0,0
12,1,0,0,0,0,0,0,0,0,0,0,12,3,0,0,0,0,0,0,0,0,-1,0,0,0,0,0,0,0,0,0
18,1,0,0,0,0,0,0,0,0,0,0,18,2,0,0,0,0,0,0,0,0,-1,0,0,0,0,0,0,0,0,0
9,1,0,0,0,0,0,0,0,0,0,0,9,3,0,0,0,0,0,0,0,0,-1,0,0,0,0,0,0,0,0,0
9,1,0,0,0,0,0,0,0,0,0,0,9,3,0,0,0,0,0,0,0,0,-1,0,0,0,0,0,0,0,0,0
23,1,0,0,0,0,0,0,0,0,0,0,23,3,0,0,0,0,0,0,0,0,-1,0,0,0,0,0,0,0,0,0
12,2,0,0,0,0,0,0,0,0,0,1,12,2,0,0,0,0,0,0,0,0,-1,0,0,0,0,0,0,0,0,0
10,1,0,0,0,0,0,0,0,0,0,0,10,3,0,0,0,0,0,0,0,0,-1,0,0,0,0,0,0,0,0,0
9,1,0,0,0,0,0,0,0,0,0,0,9,2,0,0,0,0,0,0,0,0,-1,0,0,0,0,0,0,0,0,0
15,1,0,0,0,0,0,0,0,0,0,0,15,3,0,0,0,0,0,0,0,0,-1,0,0,0,0,0,0,0,0,0
6,1,0,0,0,0,0,0,0,0,0,0,6,2,0,0,0,0,0,0,0,0,-1,0,0,0,0,0,0,0,0,0
13,1,0,1,0,0,0,0,0,0,0,0,13,3,0,0,0,0,0,0,0,0,-1,0,0,0,0,0,0,0,0,0
9,1,0,0,0,0,0,0,0,0,0,0,9,3,0,0,0,0,0,0,0,0,-1,0,0,0,0,0,0,0,0,0
13,1,0,1,0,0,0,0,0,0,0,0,13,3,0,0,0,0,0,0,0,0,-1,0,0,0,0,0,0,0,0,0
17,1,0,1,0,0,0,0,0,0,0,0,17,3,0,0,0,0,0,0,0,0,-1,0,0,0,0,0,0,0,0,0
15,1,0,0,0,0,0,0,0,0,0,0,15,3,0,0,0,0,0,0,0,0,-1,0,0,0,0,0,0,0,0,0
13,1,0,1,0,0,0,0,0,0,0,0,13,3,0,0,0,0,0,0,0,0,-1,0,0,0,0,0,0,0,0,0
10,1,0,0,0,0,0,0,0,0,0,0,10,3,0,0,0,0,0,0,0,0,-1,0,0,0,0,0,0,0,0,0
17,1,0,0,0,0,0,0,0,0,0,0,17,3,0,0,0,0,0,0,0,0,-1,0,0,0,0,0,0,0,0,0
10,1,0,0,0,0,0,0,0,0,0,0,10,3,0,0,0,0,0,0,0,0,-1,0,0,0,0,0,0,0,0,0
9,1,0,0,0,0,0,0,0,0,0,0,9,3,0,0,0,0,0,0,0,0,-1,0,0,0,0,0,0,0,0,0
15,1,0,0,0,0,0,0,0,0,0,0,15,4,0,0,0,0,0,0,0,0,-1,0,0,0,0,0,0,0,0,0
12,1,0,0,0,0,0,0,0,0,0,0,12,3,0,0,0,0,0,0,0,0,-1,0,0,0,0,0,0,0,0,0
13,1,0,0,0,0,0,0,0,0,0,0,13,2,0,0,0,0,0,0,0,0,-1,0,0,0,0,0,0,0,0,0
13,2,0,0,0,0,0,0,0,0,0,1,13,2,0,0,0,0,0,0,0,0,-1,0,0,0,0,0,0,0,0,0
13,1,0,0,0,0,0,0,0,0,0,0,13,4,0,0,0,0,0,0,0,0,-1,0,0,0,0,0,0,0,0,0
6,1,0,0,0,0,0,0,0,0,0,0,6,3,0,0,0,0,0,0,0,0,-1,0,0,0,0,0,0,0,0,0
12,1,0,0,0,0,0,0,0,0,0,0,12,2,0,0,0,0,0,0,0,0,-1,0,0,0,0,0,0,0,0,0
9,1,0,0,0,0,0,0,0,0,0,0,9,3,0,0,0,0,0,0,0,0,-1,0,0,0,0,0,0,0,0,0
13,1,0,0,0,0,0,0,0,0,0,0,13,3,0,0,0,0,0,0,0,0,-1,0,0,0,0,0,0,0,0,0
12,1,0,1,0,0,0,0,0,0,0,0,12,3,0,0,0,0,0,0,0,0,-1,0,0,0,0,0,0,0,0,0
10,1,0,0,0,0,0,0,0,0,0,0,10,3,0,0,0,0,0,0,0,0,-1,0,0,0,0,0,0,0,0,0
5,1,0,0,0,0,0,0,0,0,0,0,5,2,0,0,0,0,0,0,0,0,-1,0,0,0,0,0,0,0,0,0
13,1,0,0,0,0,0,0,0,0,0,0,13,3,0,0,0,0,0,0,0,0,-1,0,0,0,0,0,0,0,0,0
12,1,0,0,0,0,0,0,0,0,0,0,12,3,0,0,0,0,0,0,0,0,-1,0,0,0,0,0,0,0,0,0
13,1,0,1,0,0,0,0,0,0,0,0,13,3,0,0,0,0,0,0,0,0,-1,0,0,0,0,0,0,0,0,0
13,1,0,1,0,0,0,0,0,0,0,0,13,3,0,0,0,0,0,0,0,0,-1,0,0,0,0,0,0,0,0,0
6,1,0,0,0,0,0,0,0,0,0,0,6,2,0,0,0,0,0,0,0,0,-1,0,0,0,0,0,0,0,0,0
9,1,0,0,0,0,0,0,0,0,0,0,9,2,0,0,0,0,0,0,0,0,-1,0,0,0,0,0,0,0,0,0
8,1,0,0,0,0,0,0,0,0,0,0,8,3,0,0,0,0,0,0,0,0,-1,0,0,0,0,0,0,0,0,0
10,1,0,0,0,0,0,0,0,0,0,0,10,3,0,0,0,0,0,0,0,0,-1,0,0,0,0,0,0,0,0,0
26,1,0,0,0,0,0,0,0,0,0,0,26,3,0,0,0,0,0,0,0,0,-1,0,0,0,0,0,0,0,0,0
22,1,0,2,0,0,0,0,0,0,0,0,22,2,0,0,0,0,0,0,0,0,-1,0,0,0,0,0,0,0,0,0
13,1,0,0,0,0,0,0,0,0,0,0,13,2,0,0,0,0,0,0,0,0,-1,0,0,0,0,0,0,0,0,0
13,1,0,0,0,0,0,0,0,0,0,0,13,3,0,0,0,0,0,0,0,0,-1,0,0,0,0,0,0,0,0,0
13,1,0,0,0,0,0,0,0,0,0,0,13,3,0,0,0,0,0,0,0,0,-1,0,0,0,0,0,0,0,0,0
13,2,0,0,0,0,0,0,0,0,0,1,13,2,0,0,0,0,0,0,0,0,-1,0,0,0,0,0,0,0,0,0
8,1,0,0,0,0,0,0,0,0,0,0,8,2,0,0,0,0,0,0,0,0,-1,0,0,0,0,0,0,0,0,0
9,1,0,0,0,0,0,0,0,0,0,0,9,3,0,0,0,0,0,0,0,0,-1,0,0,0,0,0,0,0,0,0
10,1,0,0,0,0,0,0,0,0,0,0,10,3,0,0,0,0,0,0,0,0,-1,0,0,0,0,0,0,0,0,0
18,1,0,0,0,0,0,0,0,0,0,0,18,3,0,0,0,0,0,0,0,0,-1,0,0,0,0,0,0,0,0,0
10,1,0,0,0,0,0,0,0,0,0,0,10,3,0,0,0,0,0,0,0,0,-1,0,0,0,0,0,0,0,0,0
13,1,0,0,0,0,0,0,0,0,0,0,13,3,0,0,0,0,0,0,0,0,-1,0,0,0,0,0,0,0,0,0
15,1,0,0,0,0,0,0,0,0,0,0,15,3,0,0,0,0,0,0,0,0,-1,0,0,0,0,0,0,0,0,0
12,1,0,0,0,0,0,0,0,0,0,0,12,3,0,0,0,0,0,0,0,0,-1,0,0,0,0,0,0,0,0,0
10,1,0,0,0,0,0,0,0,0,0,0,10,3,0,0,0,0,0,0,0,0,-1,0,0,0,0,0,0,0,0,0
10,1,0,0,0,0,0,0,0,0,0,0,10,3,0,0,0,0,0,0,0,0,-1,0,0,0,0,0,0,0,0,0
15,1,0,0,0,0,0,0,0,0,0,0,15,3,0,0,0,0,0,0,0,0,-1,0,0,0,0,0,0,0,0,0
10,1,0,0,0,0,0,0,0,0,0,0,10,3,0,0,0,0,0,0,0,0,-1,0,0,0,0,0,0,0,0,0
13,1,0,0,0,0,0,0,0,0,0,0,13,3,0,0,0,0,0,0,0,0,-1,0,0,0,0,0,0,0,0,0
11,1,0,0,0,0,0,0,0,0,0,0,11,3,0,0,0,0,0,0,0,0,-1,0,0,0,0,0,0,0,0,0
12,1,0,0,0,0,0,0,0,0,0,0,12,3,0,0,0,0,0,0,0,0,-1,0,0,0,0,0,0,0,0,0
9,1,0,0,0,0,0,0,0,0,0,0,9,4,0,0,0,0,0,0,0,0,-1,0,0,0,0,0,0,0,0,0
13,1,0,0,0,0,0,0,0,0,0,0,13,2,0,0,0,0,0,0,0,0,-1,0,0,0,0,0,0,0,0,0
12,1,0,0,0,0,0,0,0,0,0,0,12,2,0,0,0,0,0,0,0,0,-1,0,0,0,0,0,0,0,0,0
8,1,0,0,0,0,0,0,0,0,0,0,8,2,0,0,0,0,0,0,0,0,-1,0,0,0,0,0,0,0,0,0
14,1,0,1,0,0,0,0,0,0,0,0,14,3,0,0,0,0,0,0,0,0,-1,0,0,0,0,0,0,0,0,0
7,1,0,0,0,0,0,0,0,0,0,0,7,3,0,0,0,0,0,0,0,0,-1,0,0,0,0,0,0,0,0,0
16,1,0,0,0,0,0,0,0,0,0,0,16,3,0,0,0,0,0,0,0,0,-1,0,0,0,0,0,0,0,0,0
14,1,0,0,0,0,0,0,0,0,0,0,14,3,0,0,0,0,0,0,0,0,-1,0,0,0,0,0,0,0,0,0
6,1,0,0,0,0,0,0,0,0,0,0,6,3,0,0,0,0,0,0,0,0,-1,0,0,0,0,0,0,0,0,0
9,1,0,0,0,0,0,0,0,0,0,0,9,2,0,0,0,0,0,0,0,0,-1,0,0,0,0,0,0,0,0,0
16,1,0,0,0,0,0,0,0,0,0,0,16,4,0,0,0,0,0,0,0,0,-1,0,0,0,0,0,0,0,0,0
10,1,0,0,0,0,0,0,0,0,0,0,10,2,0,0,0,0,0,0,0,0,-1,0,0,0,0,0,0,0,0,0
17,1,0,1,0,0,0,0,0,0,0,0,17,3,0,0,0,0,0,0,0,0,-1,0,0,0,0,0,0,0,0,0
11,1,0,0,0,0,0,0,0,0,0,0,11,3,0,0,0,0,0,0,0,0,-1,0,0,0,0,0,0,0,0,0
15,2,0,0,0,0,0,0,0,0,0,1,15,2,0,0,0,0,0,0,0,0,-1,0,0,0,0,0,0,0,0,0
13,1,0,1,0,0,0,0,0,0,0,0,13,3,0,0,0,0,0,0,0,0,-1,0,0,0,0,0,0,0,0,0
17,1,0,0,0,0,0,0,0,0,0,0,17,3,0,0,0,0,0,0,0,0,-1,0,0,0,0,0,0,0,0,0
9,1,0,0,0,0,0,0,0,0,0,0,9,2,0,0,0,0,0,0,0,0,-1,0,0,0,0,0,0,0,0,0
10,1,0,0,0,0,0,0,0,0,0,0,10,3,0,0,0,0,0,0,0,0,-1,0,0,0,0,0,0,0,0,0
9,1,0,0,0,0,0,0,0,0,0,0,9,3,0,0,0,0,0,0,0,0,-1,0,0,0,0,0,0,0,0,0
21,1,0,1,0,0,0,0,0,0,0,0,21,3,0,0,0,0,0,0,0,0,-1,0,0,0,0,0,0,0,0,0
12,1,0,0,0,0,0,0,0,0,0,0,12,2,0,0,0,0,0,0,0,0,-1,0,0,0,0,0,0,0,0,0
11,1,0,0,0,0,0,0,0,0,0,0,11,3,0,0,0,0,0,0,0,0,-1,0,0,0,0,0,0,0,0,0
11,1,0,0,0,0,0,0,0,0,0,0,11,2,0,0,0,0,0,0,0,0,-1,0,0,0,0,0,0,0,0,0
13,1,0,0,0,0,0,0,0,0,0,0,13,3,0,0,0,0,0,0,0,0,-1,0,0,0,0,0,0,0,0,0
13,1,0,0,0,0,0,0,0,0,0,0,13,3,0,0,0,0,0,0,0,0,-1,0,0,0,0,0,0,0,0,0
13,1,0,0,0,0,0,0,0,0,0,0,13,3,0,0,0,0,0,0,0,0,-1,0,0,0,0,0,0,0,0,0
15,1,0,1,0,0,0,0,0,0,0,0,15,2,0,0,0,0,0,0,0,0,-1,0,0,0,0,0,0,0,0,0
7,1,0,0,0,0,0,0,0,0,0,0,7,3,0,0,0,0,0,0,0,0,-1,0,0,0,0,0,0,0,0,0
14,1,0,0,0,0,0,0,0,0,0,0,14,3,0,0,0,0,0,0,0,0,-1,0,0,0,0,0,0,0,0,0
14,1,0,0,0,0,0,0,0,0,0,0,14,3,0,0,0,0,0,0,0,0,-1,0,0,0,0,0,0,0,0,0
6,1,0,0,0,0,0,0,0,0,0,0,6,3,0,0,0,0,0,0,0,0,-1,0,0,0,0,0,0,0,0,0
14,1,0,0,0,0,0,0,0,0,0,0,14,3,0,0,0,0,0,0,0,0,-1,0,0,0,0,0,0,0,0,0
19,1,0,0,0,0,0,0,0,0,0,0,19,3,0,0,0,0,0,0,0,0,-1,0,0,0,0,0,0,0,0,0
14,2,0,0,0,0,0,0,0,0,0,1,14,2,0,0,0,0,0,0,0,0,-1,0,0,0,0,0,0,0,0,0
7,1,0,0,0,0,0,0,0,0,0,0,7,2,0,0,1,0,0,0,0,0,-1,0,0,0,0,0,0,0,0,0
10,2,0,0,0,0,0,0,0,0,0,1,10,2,0,0,0,0,0,0,0,0,-1,0,0,0,0,0,0,0,0,0
13,2,0,0,0,0,0,0,0,0,0,1,13,2,0,0,0,0,0,0,0,0,-1,0,0,0,0,0,0,0,0,0
11,1,0,1,0,0,0,0,0,0,0,0,11,3,0,0,0,0,0,0,0,0,-1,0,0,0,0,0,0,0,0,0
17,1,0,0,0,0,0,0,0,0,0,0,17,3,0,0,0,0,0,0,0,0,-1,0,0,0,0,0,0,0,0,0
9,1,0,0,0,0,0,0,0,0,0,0,9,3,0,0,0,0,0,0,0,0,-1,0,0,0,0,0,0,0,0,0
9,1,0,0,0,0,0,0,0,0,0,0,9,2,0,0,0,0,0,0,0,0,-1,0,0,0,0,0,0,0,0,0
10,1,0,0,0,0,0,0,0,0,0,0,10,2,0,0,0,0,0,0,0,0,-1,0,0,0,0,0,0,0,0,0
11,1,0,0,0,0,0,0,0,0,0,0,11,3,0,0,0,0,0,0,0,0,-1,0,0,0,0,0,0,0,0,0
6,1,0,0,0,0,0,0,0,0,0,0,6,3,0,0,0,0,0,0,0,0,-1,0,0,0,0,0,0,0,0,0
16,1,0,0,0,0,0,0,0,0,0,0,16,2,0,0,0,0,0,0,0,0,-1,0,0,0,0,0,0,0,0,0
13,1,0,1,0,0,0,0,0,0,0,0,13,3,0,0,0,0,0,0,0,0,-1,0,0,0,0,0,0,0,0,0
13,1,0,0,0,0,0,0,0,0,0,0,13,3,0,0,0,0,0,0,0,0,-1,0,0,0,0,0,0,0,0,0
13,2,0,0,0,0,0,0,0,0,0,1,13,2,0,0,0,0,0,0,0,0,-1,0,0,0,0,0,0,0,0,0
10,1,0,0,0,0,0,0,0,0,0,0,10,3,0,0,0,0,0,0,0,0,-1,0,0,0,0,0,0,0,0,0
13,1,0,1,0,0,0,0,0,0,0,0,13,3,0,0,0,0,0,0,0,0,-1,0,0,0,0,0,0,0,0,0
12,1,0,0,0,0,0,0,0,0,0,0,12,3,0,0,0,0,0,0,0,0,-1,0,0,0,0,0,0,0,0,0
17,1,0,0,0,0,0,0,0,0,0,0,17,3,0,0,0,0,0,0,0,0,-1,0,0,0,0,0,0,0,0,0
5,1,0,0,0,0,0,0,0,0,0,0,5,2,0,0,0,0,0,0,0,0,-1,0,0,0,0,0,0,0,0,0
9,1,0,0,0,0,0,0,0,0,0,0,9,2,0,0,0,0,0,0,0,0,-1,0,0,0,0,0,0,0,0,0
19,1,0,0,0,0,0,0,0,0,0,0,19,3,0,0,0,0,0,0,0,0,-1,0,0,0,0,0,0,0,0,0
11,1,0,0,0,0,0,0,0,0,0,0,11,3,0,0,0,0,0,0,0,0,-1,0,0,0,0,0,0,0,0,0
11,1,0,0,0,0,0,0,0,0,0,0,11,3,0,0,0,0,0,0,0,0,-1,0,0,0,0,0,0,0,0,0
15,1,0,0,0,0,0,0,0,0,0,0,15,3,0,0,0,0,0,0,0,0,-1,0,0,0,0,0,0,0,0,0
14,1,0,0,0,0,0,0,0,0,0,0,14,3,0,0,0,0,0,0,0,0,-1,0,0,0,0,0,0,0,0,0
11,1,0,0,0,0,0,0,0,0,0,0,11,3,0,0,0,0,0,0,0,0,-1,0,0,0,0,0,0,0,0,0
13,2,0,0,0,0,0,0,0,0,0,1,13,2,0,0,0,0,0,0,0,0,-1,0,0,0,0,0,0,0,0,0
10,1,0,0,0,0,0,0,0,0,0,0,10,3,0,0,0,0,0,0,0,0,-1,0,0,0,0,0,0,0,0,0
9,1,0,0,0,0,0,0,0,0,0,0,9,2,0,0,0,0,0,0,0,0,-1,0,0,0,0,0,0,0,0,0
14,1,0,0,0,0,0,0,0,0,0,0,14,3,0,0,0,0,0,0,0,0,-1,0,0,0,0,0,0,0,0,0
12,1,0,0,0,0,0,0,0,0,0,0,12,3,0,0,0,0,0,0,0,0,-1,0,0,0,0,0,0,0,0,0
14,1,0,0,0,0,0,0,0,0,0,0,14,3,0,0,0,0,0,0,0,0,-1,0,0,0,0,0,0,0,0,0
16,1,0,0,0,0,0,0,0,0,0,0,16,3,0,0,0,0,0,0,0,0,-1,0,0,0,0,0,0,0,0,0
8,1,0,0,0,0,0,0,0,0,0,0,8,3,0,0,0,0,0,0,0,0,-1,0,0,0,0,0,0,0,0,0
11,2,0,0,0,0,0,0,0,0,0,1,11,2,0,0,0,0,0,0,0,0,-1,0,0,0,0,0,0,0,0,0
23,1,0,0,0,0,0,0,0,0,0,0,23,3,0,0,0,0,0,0,0,0,-1,0,0,0,0,0,0,0,0,0
13,1,0,1,0,0,0,0,0,0,0,0,13,3,0,0,0,0,0,0,0,0,-1,0,0,0,0,0,0,0,0,0
10,1,0,0,0,0,0,0,0,0,0,0,10,3,0,0,0,0,0,0,0,0,-1,0,0,0,0,0,0,0,0,0
14,1,0,0,0,0,0,0,0,0,0,0,14,3,0,0,0,0,0,0,0,0,-1,0,0,0,0,0,0,0,0,0
11,1,0,0,0,0,0,0,0,0,0,0,11,3,0,0,0,0,0,0,0,0,-1,0,0,0,0,0,0,0,0,0
12,1,0,0,0,0,0,0,0,0,0,0,12,3,0,0,0,0,0,0,0,0,-1,0,0,0,0,0,0,0,0,0
14,1,0,0,0,0,0,0,0,0,0,0,14,3,0,0,0,0,0,0,0,0,-1,0,0,0,0,0,0,0,0,0
9,1,0,0,0,0,0,0,0,0,0,0,9,2,0,0,0,0,0,0,0,0,-1,0,0,0,0,0,0,0,0,0
12,1,0,0,0,0,0,0,0,0,0,0,12,3,0,0,0,0,0,0,0,0,-1,0,0,0,0,0,0,0,0,0
13,1,0,0,0,0,0,0,0,0,0,0,13,2,0,0,0,0,0,0,0,0,-1,0,0,0,0,0,0,0,0,0
13,1,0,0,0,0,0,0,0,0,0,0,13,3,0,0,0,0,0,0,0,0,-1,0,0,0,0,0,0,0,0,0
11,1,0,0,0,0,0,0,0,0,0,0,11,3,0,0,0,0,0,0,0,0,-1,0,0,0,0,0,0,0,0,0
11,1,0,0,0,0,0,0,0,0,0,0,11,2,0,0,0,0,0,0,0,0,-1,0,0,0,0,0,0,0,0,0
11,1,0,0,0,0,0,0,0,0,0,0,11,3,0,0,0,0,0,0,0,0,-1,0,0,0,0,0,0,0,0,0
13,1,0,1,0,0,0,0,0,0,0,0,13,3,0,0,0,0,0,0,0,0,-1,0,0,0,0,0,0,0,0,0
17,1,0,2,0,0,0,0,0,0,0,0,17,3,0,0,0,0,0,0,0,0,-1,0,0,0,0,0,0,0,0,0
11,1,0,0,0,0,0,0,0,0,0,0,11,2,0,0,0,0,0,0,0,0,-1,0,0,0,0,0,0,0,0,0
18,1,0,0,0,0,0,0,0,0,0,0,18,3,0,0,0,0,0,0,0,0,-1,0,0,0,0,0,0,0,0,0
13,1,0,0,0,0,0,0,0,0,0,0,13,2,0,0,0,0,0,0,0,0,-1,0,0,0,0,0,0,0,0,0
10,1,0,0,0,0,0,0,0,0,0,0,10,3,0,0,0,0,0,0,0,0,-1,0,0,0,0,0,0,0,0,0
10,1,0,0,0,0,0,0,0,0,0,0,10,2,0,0,0,0,0,0,0,0,-1,0,0,0,0,0,0,0,0,0
11,1,0,1,0,0,0,0,0,0,0,0,11,3,0,0,0,0,0,0,0,0,-1,0,0,0,0,0,0,0,0,0
14,1,0,0,0,0,0,0,0,0,0,0,14,2,0,0,0,0,0,0,0,0,-1,0,0,0,0,0,0,0,0,0
12,1,0,0,0,0,0,0,0,0,0,0,12,3,0,0,0,0,0,0,0,0,-1,0,0,0,0,0,0,0,0,0
7,1,0,0,0,0,0,0,0,0,0,0,7,2,0,0,0,0,0,0,0,0,-1,0,0,0,0,0,0,0,0,0
13,1,0,1,0,0,0,0,0,0,0,0,13,3,0,0,0,0,0,0,0,0,-1,0,0,0,0,0,0,0,0,0
13,1,0,1,0,0,0,0,0,0,0,0,13,3,0,0,0,0,0,0,0,0,-1,0,0,0,0,0,0,0,0,0
9,1,0,0,0,0,0,0,0,0,0,0,9,3,0,0,0,0,0,0,0,0,-1,0,0,0,0,0,0,0,0,0
13,2,0,1,0,0,0,0,0,0,0,1,13,2,0,0,0,0,0,0,0,0,-1,0,0,0,0,0,0,0,0,0
9,1,0,0,0,0,0,0,0,0,0,0,9,3,0,0,0,0,0,0,0,0,-1,0,0,0,0,0,0,0,0,0
12,1,0,0,0,0,0,0,0,0,0,0,12,3,0,0,0,0,0,0,0,0,-1,0,0,0,0,0,0,0,0,0
15,1,0,0,0,0,0,0,0,0,0,0,15,3,0,0,0,0,0,0,0,0,-1,0,0,0,0,0,0,0,0,0
7,1,0,0,0,0,0,0,0,0,0,0,7,3,0,0,0,0,0,0,0,0,-1,0,0,0,0,0,0,0,0,0
10,1,0,0,0,0,0,0,0,0,0,0,10,3,0,0,0,0,0,0,0,0,-1,0,0,0,0,0,0,0,0,0
13,1,0,1,0,0,0,0,0,0,0,0,13,3,0,0,0,0,0,0,0,0,-1,0,0,0,0,0,0,0,0,0
9,1,0,0,0,0,0,0,0,0,0,0,9,3,0,0,0,0,0,0,0,0,-1,0,0,0,0,0,0,0,0,0
5,1,0,0,0,0,0,0,0,0,0,0,5,2,0,0,0,0,0,0,0,0,-1,0,0,0,0,0,0,0,0,0
11,1,0,0,0,0,0,0,0,0,0,0,11,3,0,0,0,0,0,0,0,0,-1,0,0,0,0,0,0,0,0,0
5,1,0,0,0,0,0,0,0,0,0,0,5,2,0,0,0,0,0,0,0,0,-1,0,0,0,0,0,0,0,0,0
10,1,0,0,0,0,0,0,0,0,0,0,10,3,0,0,0,0,0,0,0,0,-1,0,0,0,0,0,0,0,0,0
15,1,0,0,0,0,0,0,0,0,0,0,15,2,0,0,0,0,0,0,0,0,-1,0,0,0,0,0,0,0,0,0
9,1,0,0,0,0,0,0,0,0,0,0,9,2,0,0,0,0,0,0,0,0,-1,0,0,0,0,0,0,0,0,0
17,2,0,0,0,0,0,0,0,0,0,1,17,2,0,0,0,0,0,0,0,0,-1,0,0,0,0,0,0,0,0,0
8,1,0,0,0,0,0,0,0,0,0,0,8,2,0,0,0,0,0,0,0,0,-1,0,0,0,0,0,0,0,0,0
15,1,0,0,0,0,0,0,0,0,0,0,15,3,0,0,0,0,0,0,0,0,-1,0,0,0,0,0,0,0,0,0
13,1,0,1,0,0,0,0,0,0,0,0,13,3,0,0,0,0,0,0,0,0,-1,0,0,0,0,0,0,0,0,0
13,1,0,0,0,0,0,0,0,0,0,0,13,3,0,0,0,0,0,0,0,0,-1,0,0,0,0,0,0,0,0,0
10,2,0,0,0,0,0,0,0,0,0,1,10,2,0,0,0,0,0,0,0,0,-1,0,0,0,0,0,0,0,0,0
11,1,0,0,0,0,0,0,0,0,0,0,11,2,0,0,0,0,0,0,0,0,-1,0,0,0,0,0,0,0,0,0
10,1,0,0,0,0,0,0,0,0,0,0,10,3,0,0,0,0,0,0,0,0,-1,0,0,0,0,0,0,0,0,0
13,1,0,1,0,0,0,0,0,0,0,0,13,3,0,0,0,0,0,0,0,0,-1,0,0,0,0,0,0,0,0,0
16,1,0,0,0,0,0,0,0,0,0,0,16,3,0,0,0,0,0,0,0,0,-1,0,0,0,0,0,0,0,0,0
12,1,0,0,0,0,0,0,0,0,0,0,12,3,0,0,0,0,0,0,0,0,-1,0,0,0,0,0,0,0,0,0
15,2,0,0,0,0,0,0,0,0,0,1,15,2,0,0,0,0,0,0,0,0,-1,0,0,0,0,0,0,0,0,0
9,1,0,0,0,0,0,0,0,0,0,0,9,2,0,0,0,0,0,0,0,0,-1,0,0,0,0,0,0,0,0,0
10,1,0,0,0,0,0,0,0,0,0,0,10,2,0,0,0,0,0,0,0,0,-1,0,0,0,0,0,0,0,0,0
10,1,0,0,0,0,0,0,0,0,0,0,10,3,0,0,0,0,0,0,0,0,-1,0,0,0,0,0,0,0,0,0
8,1,0,0,0,0,0,0,0,0,0,0,8,3,0,0,0,0,0,0,0,0,-1,0,0,0,0,0,0,0,0,0
13,1,0,0,0,0,0,0,0,0,0,0,13,3,0,0,0,0,0,0,0,0,-1,0,0,0,0,0,0,0,0,0
13,1,0,1,0,0,0,0,0,0,0,0,13,3,0,0,0,0,0,0,0,0,-1,0,0,0,0,0,0,0,0,0
20,1,0,0,0,0,0,0,0,0,0,0,20,3,0,0,0,0,0,0,0,0,-1,0,0,0,0,0,0,0,0,0
11,1,0,0,0,0,0,0,0,0,0,0,11,3,0,0,0,0,0,0,0,0,-1,0,0,0,0,0,0,0,0,0
14,1,0,0,0,0,0,0,0,0,0,0,14,3,0,0,0,0,0,0,0,0,-1,0,0,0,0,0,0,0,0,0
11,1,0,0,0,0,0,0,0,0,0,0,11,3,0,0,0,0,0,0,0,0,-1,0,0,0,0,0,0,0,0,0
9,1,0,0,0,0,0,0,0,0,0,0,9,3,0,0,0,0,0,0,0,0,-1,0,0,0,0,0,0,0,0,0
6,1,0,0,0,0,0,0,0,0,0,0,6,3,0,0,0,0,0,0,0,0,-1,0,0,0,0,0,0,0,0,0
17,1,0,0,0,0,0,0,0,0,0,0,17,3,0,0,0,0,0,0,0,0,-1,0,0,0,0,0,0,0,0,0
6,1,0,0,0,0,0,0,0,0,0,0,6,3,0,0,0,0,0,0,0,0,-1,0,0,0,0,0,0,0,0,0
12,1,0,0,0,0,0,0,0,0,0,0,12,2,0,0,0,0,0,0,0,0,-1,0,0,0,0,0,0,0,0,0
7,1,0,0,0,0,0,0,0,0,0,0,7,2,0,0,0,0,0,0,0,0,-1,0,0,0,0,0,0,0,0,0
9,1,0,0,0,0,0,0,0,0,0,0,9,3,0,0,0,0,0,0,0,0,-1,0,0,0,0,0,0,0,0,0
13,1,0,0,0,0,0,0,0,0,0,0,13,3,0,0,0,0,0,0,0,0,-1,0,0,0,0,0,0,0,0,0
17,1,0,1,0,0,0,0,0,0,0,0,17,3,0,0,0,0,0,0,0,0,-1,0,0,0,0,0,0,0,0,0
12,1,0,0,0,0,0,0,0,0,0,0,12,3,0,0,0,0,0,0,0,0,-1,0,0,0,0,0,0,0,0,0
9,1,0,0,0,0,0,0,0,0,0,0,9,3,0,0,0,0,0,0,0,0,-1,0,0,0,0,0,0,0,0,0
11,1,0,0,0,0,0,0,0,0,0,0,11,3,0,0,0,0,0,0,0,0,-1,0,0,0,0,0,0,0,0,0
9,1,0,0,0,0,0,0,0,0,0,0,9,3,0,0,0,0,0,0,0,0,-1,0,0,0,0,0,0,0,0,0
8,1,0,0,0,0,0,0,0,0,0,0,8,3,0,0,0,0,0,0,0,0,-1,0,0,0,0,0,0,0,0,0
13,2,0,0,0,0,0,0,0,0,0,1,13,2,0,0,0,0,0,0,0,0,-1,0,0,0,0,0,0,0,0,0
13,1,0,1,0,0,0,0,0,0,0,0,13,3,0,0,0,0,0,0,0,0,-1,0,0,0,0,0,0,0,0,0
12,1,0,0,0,0,0,0,0,0,0,0,12,3,0,0,0,0,0,0,0,0,-1,0,0,0,0,0,0,0,0,0
11,1,0,0,0,0,0,0,0,0,0,0,11,3,0,0,0,0,0,0,0,0,-1,0,0,0,0,0,0,0,0,0
13,1,0,1,0,0,0,0,0,0,0,0,13,3,0,0,0,0,0,0,0,0,-1,0,0,0,0,0,0,0,0,0
11,1,0,0,0,0,0,0,0,0,0,0,11,2,0,0,0,0,0,0,0,0,-1,0,0,0,0,0,0,0,0,0
12,1,0,0,0,0,0,0,0,0,0,0,12,3,0,0,0,0,0,0,0,0,-1,0,0,0,0,0,0,0,0,0
14,2,0,0,0,0,0,0,0,0,0,1,14,2,0,0,0,0,0,0,0,0,-1,0,0,0,0,0,0,0,0,0
15,1,0,0,0,0,0,0,0,0,0,0,15,3,0,0,0,0,0,0,0,0,-1,0,0,0,0,0,0,0,0,0
10,1,0,0,0,0,0,0,0,0,0,0,10,2,0,0,0,0,0,0,0,0,-1,0,0,0,0,0,0,0,0,0
12,1,0,0,0,0,0,0,0,0,0,0,12,3,0,0,0,0,0,0,0,0,-1,0,0,0,0,0,0,0,0,0
15,1,0,0,0,0,0,0,0,0,0,0,15,3,0,0,0,0,0,0,0,0,-1,0,0,0,0,0,0,0,0,0
12,1,0,0,0,0,0,0,0,0,0,0,12,3,0,0,0,0,0,0,0,0,-1,0,0,0,0,0,0,0,0,0
6,1,0,0,0,0,0,0,0,0,0,0,6,2,0,0,0,0,0,0,0,0,-1,0,0,0,0,0,0,0,0,0
6,1,0,0,0,0,0,0,0,0,0,0,6,3,0,0,0,0,0,0,0,0,-1,0,0,0,0,0,0,0,0,0
11,1,0,0,0,0,0,0,0,0,0,0,11,3,0,0,0,0,0,0,0,0,-1,0,0,0,0,0,0,0,0,0
8,1,0,0,0,0,0,0,0,0,0,0,8,3,0,0,0,0,0,0,0,0,-1,0,0,0,0,0,0,0,0,0
8,1,0,0,0,0,0,0,0,0,0,0,8,2,0,0,0,0,0,0,0,0,-1,0,0,0,0,0,0,0,0,0
11,1,0,0,0,0,0,0,0,0,0,0,11,3,0,0,0,0,0,0,0,0,-1,0,0,0,0,0,0,0,0,0
13,1,0,0,0,0,0,0,0,0,0,0,13,4,0,0,0,0,0,0,0,0,-1,0,0,0,0,0,0,0,0,0
12,1,0,0,0,0,0,0,0,0,0,0,12,3,0,0,0,0,0,0,0,0,-1,0,0,0,0,0,0,0,0,0
14,1,0,1,0,0,0,0,0,0,0,0,14,2,0,0,0,0,0,0,0,0,-1,0,0,0,0,0,0,0,0,0
10,1,0,0,0,0,0,0,0,0,0,0,10,2,0,0,0,0,0,0,0,0,-1,0,0,0,0,0,0,0,0,0
5,1,0,0,0,0,0,0,0,0,0,0,5,2,0,0,0,0,0,0,0,0,-1,0,0,0,0,0,0,0,0,0
13,1,0,1,0,0,0,0,0,0,0,0,13,3,0,0,0,0,0,0,0,0,-1,0,0,0,0,0,0,0,0,0
13,1,0,0,0,0,0,0,0,0,0,0,13,3,0,0,0,0,0,0,0,0,-1,0,0,0,0,0,0,0,0,0
13,1,0,1,0,0,0,0,0,0,0,0,13,3,0,0,0,0,0,0,0,0,-1,0,0,0,0,0,0,0,0,0
8,1,0,1,0,0,0,0,0,0,0,0,8,2,0,0,0,0,0,0,0,0,-1,0,0,0,0,0,0,0,0,0
21,1,0,3,0,0,0,0,0,0,0,0,21,3,0,0,0,0,0,0,0,0,-1,0,0,0,0,0,0,0,0,0
7,1,0,0,0,0,0,0,0,0,0,0,7,3,0,0,0,0,0,0,0,0,-1,0,0,0,0,0,0,0,0,0
12,1,0,1,0,0,0,0,0,0,0,0,12,3,0,0,0,0,0,0,0,0,-1,0,0,0,0,0,0,0,0,0
9,1,0,0,0,0,0,0,0,0,0,0,9,3,0,0,0,0,0,0,0,0,-1,0,0,0,0,0,0,0,0,0
12,1,0,0,0,0,0,0,0,0,0,0,12,3,0,0,0,0,0,0,0,0,-1,0,0,0,0,0,0,0,0,0
16,1,0,0,0,0,0,0,0,0,0,0,16,3,0,0,0,0,0,0,0,0,-1,0,0,0,0,0,0,0,0,0
14,1,0,0,0,0,0,0,0,0,0,0,14,3,0,0,0,0,0,0,0,0,-1,0,0,0,0,0,0,0,0,0
14,1,0,0,0,0,0,0,0,0,0,0,14,4,0,0,0,0,0,0,0,0,-1,0,0,0,0,0,0,0,0,0
6,1,0,0,0,0,0,0,0,0,0,0,6,2,0,0,0,0,0,0,0,0,-1,0,0,0,0,0,0,0,0,0
16,1,0,0,0,0,0,0,0,0,0,0,16,3,0,0,0,0,0,0,0,0,-1,0,0,0,0,0,0,0,0,0
10,1,0,0,0,0,0,0,0,0,0,0,10,3,0,0,0,0,0,0,0,0,-1,0,0,0,0,0,0,0,0,0
12,1,0,0,0,0,0,0,0,0,0,0,12,3,0,0,0,0,0,0,0,0,-1,0,0,0,0,0,0,0,0,0
12,1,0,0,0,0,0,0,0,0,0,0,12,3,0,0,0,0,0,0,0,0,-1,0,0,0,0,0,0,0,0,0
9,1,0,0,0,0,0,0,0,0,0,0,9,2,0,0,0,0,0,0,0,0,-1,0,0,0,0,0,0,0,0,0
9,1,0,0,0,0,0,0,0,0,0,0,9,3,0,0,0,0,0,0,0,0,-1,0,0,0,0,0,0,0,0,0
16,1,0,0,0,0,0,0,0,0,0,0,16,3,0,0,0,0,0,0,0,0,-1,0,0,0,0,0,0,0,0,0
8,1,0,0,0,0,0,0,0,0,0,0,8,2,0,0,0,0,0,0,0,0,-1,0,0,0,0,0,0,0,0,0
15,1,0,0,0,0,0,0,0,0,0,0,15,3,0,0,0,0,0,0,0,0,-1,0,0,0,0,0,0,0,0,0
9,1,0,0,0,0,0,0,0,0,0,0,9,3,0,0,0,0,0,0,0,0,-1,0,0,0,0,0,0,0,0,0
16,1,0,0,0,0,0,0,0,0,0,0,16,3,0,0,0,0,0,0,0,0,-1,0,0,0,0,0,0,0,0,0
11,2,0,0,0,0,0,0,0,0,0,1,11,2,0,0,0,0,0,0,0,0,-1,0,0,0,0,0,0,0,0,0
13,1,0,0,0,0,0,0,0,0,0,0,13,3,0,0,0,0,0,0,0,0,-1,0,0,0,0,0,0,0,0,0
11,1,0,0,0,0,0,0,0,0,0,0,11,3,0,0,0,0,0,0,0,0,-1,0,0,0,0,0,0,0,0,0
6,1,0,0,0,0,0,0,0,0,0,0,6,2,0,0,0,0,0,0,0,0,-1,0,0,0,0,0,0,0,0,0
13,2,0,0,0,0,0,0,0,0,0,1,13,2,0,0,0,0,0,0,0,0,-1,0,0,0,0,0,0,0,0,0
13,1,0,1,0,0,0,0,0,0,0,0,13,3,0,0,0,0,0,0,0,0,-1,0,0,0,0,0,0,0,0,0
11,1,0,0,0,0,0,0,0,0,0,0,11,3,0,0,0,0,0,0,0,0,-1,0,0,0,0,0,0,0,0,0
10,1,0,0,0,0,0,0,0,0,0,0,10,2,0,0,0,0,0,0,0,0,-1,0,0,0,0,0,0,0,0,0
9,1,0,0,0,0,0,0,0,0,0,0,9,3,0,0,0,0,0,0,0,0,-1,0,0,0,0,0,0,0,0,0
9,1,0,0,0,0,0,0,0,0,0,0,9,3,0,0,0,0,0,0,0,0,-1,0,0,0,0,0,0,0,0,0
12,1,0,0,0,0,0,0,0,0,0,0,12,3,0,0,0,0,0,0,0,0,-1,0,0,0,0,0,0,0,0,0
16,1,0,0,0,0,0,0,0,0,0,0,16,3,0,0,0,0,0,0,0,0,-1,0,0,0,0,0,0,0,0,0
27,1,0,2,0,0,0,0,0,0,0,0,27,2,0,0,0,0,0,0,0,0,-1,0,0,0,0,0,0,0,0,0
9,1,0,0,0,0,0,0,0,0,0,0,9,4,0,0,0,0,0,0,0,0,-1,0,0,0,0,0,0,0,0,0
13,1,0,0,0,0,0,0,0,0,0,0,13,3,0,0,0,0,0,0,0,0,-1,0,0,0,0,0,0,0,0,0
14,1,0,0,0,0,0,0,0,0,0,0,14,3,0,0,0,0,0,0,0,0,-1,0,0,0,0,0,0,0,0,0
11,2,0,0,0,0,0,0,0,0,0,1,11,2,0,0,0,0,0,0,0,0,-1,0,0,0,0,0,0,0,0,0
8,1,0,0,0,0,0,0,0,0,0,0,8,3,0,0,0,0,0,0,0,0,-1,0,0,0,0,0,0,0,0,0
9,1,0,0,0,0,0,0,0,0,0,0,9,3,0,0,0,0,0,0,0,0,-1,0,0,0,0,0,0,0,0,0
9,1,0,0,0,0,0,0,0,0,0,0,9,2,0,0,0,0,0,0,0,0,-1,0,0,0,0,0,0,0,0,0
13,1,0,1,0,0,0,0,0,0,0,0,13,3,0,0,0,0,0,0,0,0,-1,0,0,0,0,0,0,0,0,0
10,1,0,0,0,0,0,0,0,0,0,0,10,3,0,0,0,0,0,0,0,0,-1,0,0,0,0,0,0,0,0,0
10,1,0,0,0,0,0,0,0,0,0,0,10,3,0,0,0,0,0,0,0,0,-1,0,0,0,0,0,0,0,0,0
12,1,0,0,0,0,0,0,0,0,0,0,12,3,0,0,0,0,0,0,0,0,-1,0,0,0,0,0,0,0,0,0
6,1,0,0,0,0,0,0,0,0,0,0,6,2,0,0,0,0,0,0,0,0,-1,0,0,0,0,0,0,0,0,0
10,1,0,0,0,0,0,0,0,0,0,0,10,3,0,0,0,0,0,0,0,0,-1,0,0,0,0,0,0,0,0,0
15,1,0,0,0,0,0,0,0,0,0,0,15,3,0,0,0,0,0,0,0,0,-1,0,0,0,0,0,0,0,0,0
12,1,0,0,0,0,0,0,0,0,0,0,12,3,0,0,0,0,0,0,0,0,-1,0,0,0,0,0,0,0,0,0
6,1,0,0,0,0,0,0,0,0,0,0,6,2,0,0,0,0,0,0,0,0,-1,0,0,0,0,0,0,0,0,0
12,1,0,0,0,0,0,0,0,0,0,0,12,3,0,0,0,0,0,0,0,0,-1,0,0,0,0,0,0,0,0,0
8,1,0,0,0,0,0,0,0,0,0,0,8,2,0,0,0,0,0,0,0,0,-1,0,0,0,0,0,0,0,0,0
14,1,0,0,0,0,0,0,0,0,0,0,14,3,0,0,0,0,0,0,0,0,-1,0,0,0,0,0,0,0,0,0
13,1,0,1,0,0,0,0,0,0,0,0,13,3,0,0,0,0,0,0,0,0,-1,0,0,0,0,0,0,0,0,0
8,1,0,0,0,0,0,0,0,0,0,0,8,3,0,0,0,0,0,0,0,0,-1,0,0,0,0,0,0,0,0,0
13,1,0,0,0,0,0,0,0,0,0,0,13,3,0,0,0,0,0,0,0,0,-1,0,0,0,0,0,0,0,0,0
9,1,0,0,0,0,0,0,0,0,0,0,9,3,0,0,0,0,0,0,0,0,-1,0,0,0,0,0,0,0,0,0
11,1,0,0,0,0,0,0,0,0,0,0,11,3,0,0,0,0,0,0,0,0,-1,0,0,0,0,0,0,0,0,0
8,1,0,0,0,0,0,0,0,0,0,0,8,3,0,0,0,0,0,0,0,0,-1,0,0,0,0,0,0,0,0,0
6,1,0,0,0,0,0,0,0,0,0,0,6,3,0,0,0,0,0,0,0,0,-1,0,0,0,0,0,0,0,0,0
12,1,0,0,0,0,0,0,0,0,0,0,12,2,0,0,0,0,0,0,0,0,-1,0,0,0,0,0,0,0,0,0
13,1,0,0,0,0,0,0,0,0,0,0,13,3,0,0,0,0,0,0,0,0,-1,0,0,0,0,0,0,0,0,0
7,1,0,0,0,0,0,0,0,0,0,0,7,3,0,0,0,0,0,0,0,0,-1,0,0,0,0,0,0,0,0,0
13,1,0,1,0,0,0,0,0,0,0,0,13,3,0,0,0,0,0,0,0,0,-1,0,0,0,0,0,0,0,0,0
9,1,0,0,0,0,0,0,0,0,0,0,9,2,0,0,0,0,0,0,0,0,-1,0,0,0,0,0,0,0,0,0
16,1,0,0,0,0,0,0,0,0,0,0,16,3,0,0,0,0,0,0,0,0,-1,0,0,0,0,0,0,0,0,0
6,1,0,0,0,0,0,0,0,0,0,0,6,2,0,0,0,0,0,0,0,0,-1,0,0,0,0,0,0,0,0,0
10,1,0,0,0,0,0,0,0,0,0,0,10,3,0,0,0,0,0,0,0,0,-1,0,0,0,0,0,0,0,0,0
9,1,0,0,0,0,0,0,0,0,0,0,9,3,0,0,0,0,0,0,0,0,-1,0,0,0,0,0,0,0,0,0
9,1,0,0,0,0,0,0,0,0,0,0,9,2,0,0,0,0,0,0,0,0,-1,0,0,0,0,0,0,0,0,0
13,1,0,1,0,0,0,0,0,0,0,0,13,3,0,0,0,0,0,0,0,0,-1,0,0,0,0,0,0,0,0,0
14,1,0,0,0,0,0,0,0,0,0,0,14,3,0,0,0,0,0,0,0,0,-1,0,0,0,0,0,0,0,0,0
18,1,0,0,0,0,0,0,0,0,0,0,18,3,0,0,0,0,0,0,0,0,-1,0,0,0,0,0,0,0,0,0
17,1,0,0,0,0,0,0,0,0,0,0,17,4,0,0,0,0,0,0,0,0,-1,0,0,0,0,0,0,0,0,0
8,1,0,0,0,0,0,0,0,0,0,0,8,3,0,0,0,0,0,0,0,0,-1,0,0,0,0,0,0,0,0,0
8,1,0,0,0,0,0,0,0,0,0,0,8,2,0,0,0,0,0,0,0,0,-1,0,0,0,0,0,0,0,0,0
14,1,0,0,0,0,0,0,0,0,0,0,14,3,0,0,0,0,0,0,0,0,-1,0,0,0,0,0,0,0,0,0
11,1,0,0,0,0,0,0,0,0,0,0,11,3,0,0,0,0,0,0,0,0,-1,0,0,0,0,0,0,0,0,0
15,2,0,0,0,0,0,0,0,0,0,1,15,2,0,0,0,0,0,0,0,0,-1,0,0,0,0,0,0,0,0,0
17,1,0,0,0,0,0,0,0,0,0,0,17,3,0,0,0,0,0,0,0,0,-1,0,0,0,0,0,0,0,0,0
9,1,0,0,0,0,0,0,0,0,0,0,9,2,0,0,0,0,0,0,0,0,-1,0,0,0,0,0,0,0,0,0
8,1,0,0,0,0,0,0,0,0,0,0,8,3,0,0,0,0,0,0,0,0,-1,0,0,0,0,0,0,0,0,0
12,1,0,0,0,0,0,0,0,0,0,0,12,3,0,0,0,0,0,0,0,0,-1,0,0,0,0,0,0,0,0,0
7,1,0,0,0,0,0,0,0,0,0,0,7,2,0,0,0,0,0,0,0,0,-1,0,0,0,0,0,0,0,0,0
12,1,0,0,0,0,0,0,0,0,0,0,12,3,0,0,0,0,0,0,0,0,-1,0,0,0,0,0,0,0,0,0
13,1,0,0,0,0,0,0,0,0,0,0,13,3,0,0,0,0,0,0,0,0,-1,0,0,0,0,0,0,0,0,0
13,1,0,1,0,0,0,0,0,0,0,0,13,3,0,0,0,0,0,0,0,0,-1,0,0,0,0,0,0,0,0,0
13,1,0,0,0,0,0,0,0,0,0,0,13,3,0,0,0,0,0,0,0,0,-1,0,0,0,0,0,0,0,0,0
9,1,0,0,0,0,0,0,0,0,0,0,9,2,0,0,0,0,0,0,0,0,-1,0,0,0,0,0,0,0,0,0
8,1,0,0,0,0,0,0,0,0,0,0,8,3,0,0,0,0,0,0,0,0,-1,0,0,0,0,0,0,0,0,0
7,1,0,0,0,0,0,0,0,0,0,0,7,3,0,0,0,0,0,0,0,0,-1,0,0,0,0,0,0,0,0,0
11,1,0,0,0,0,0,0,0,0,0,0,11,3,0,0,0,0,0,0,0,0,-1,0,0,0,0,0,0,0,0,0
16,1,0,1,0,0,0,0,0,0,0,0,16,3,0,0,0,0,0,0,0,0,-1,0,0,0,0,0,0,0,0,0
10,1,0,0,0,0,0,0,0,0,0,0,10,3,0,0,0,0,0,0,0,0,-1,0,0,0,0,0,0,0,0,0
13,1,0,1,0,0,0,0,0,0,0,0,13,3,0,0,0,0,0,0,0,0,-1,0,0,0,0,0,0,0,0,0
5,1,0,0,0,0,0,0,0,0,0,0,5,2,0,0,0,0,0,0,0,0,-1,0,0,0,0,0,0,0,0,0
7,1,0,0,0,0,0,0,0,0,0,0,7,2,0,0,0,0,0,0,0,0,-1,0,0,0,0,0,0,0,0,0
11,1,0,0,0,0,0,0,0,0,0,0,11,3,0,0,0,0,0,0,0,0,-1,0,0,0,0,0,0,0,0,0
13,1,0,1,0,0,0,0,0,0,0,0,13,3,0,0,0,0,0,0,0,0,-1,0,0,0,0,0,0,0,0,0
10,1,0,0,0,0,0,0,0,0,0,0,10,3,0,0,0,0,0,0,0,0,-1,0,0,0,0,0,0,0,0,0
9,1,0,0,0,0,0,0,0,0,0,0,9,3,0,0,0,0,0,0,0,0,-1,0,0,0,0,0,0,0,0,0
10,1,0,0,0,0,0,0,0,0,0,0,10,3,0,0,0,0,0,0,0,0,-1,0,0,0,0,0,0,0,0,0
10,1,0,0,0,0,0,0,0,0,0,0,10,3,0,0,0,0,0,0,0,0,-1,0,0,0,0,0,0,0,0,0
13,1,0,0,0,0,0,0,0,0,0,0,13,3,0,0,0,0,0,0,0,0,-1,0,0,0,0,0,0,0,0,0
13,1,0,0,0,0,0,0,0,0,0,0,13,3,0,0,0,0,0,0,0,0,-1,0,0,0,0,0,0,0,0,0
9,1,0,0,0,0,0,0,0,0,0,0,9,2,0,0,0,0,0,0,0,0,-1,0,0,0,0,0,0,0,0,0
11,1,0,0,0,0,0,0,0,0,0,0,11,3,0,0,0,0,0,0,0,0,-1,0,0,0,0,0,0,0,0,0
20,1,0,0,0,0,0,0,0,0,0,0,20,3,0,0,0,0,0,0,0,0,-1,0,0,0,0,0,0,0,0,0
8,1,0,0,0,0,0,0,0,0,0,0,8,2,0,0,0,0,0,0,0,0,-1,0,0,0,0,0,0,0,0,0
6,1,0,0,0,0,0,0,0,0,0,0,6,2,0,0,0,0,0,0,0,0,-1,0,0,0,0,0,0,0,0,0
9,1,0,0,0,0,0,0,0,0,0,0,9,2,0,0,0,0,0,0,0,0,-1,0,0,0,0,0,0,0,0,0
10,1,0,0,0,0,0,0,0,0,0,0,10,3,0,0,0,0,0,0,0,0,-1,0,0,0,0,0,0,0,0,0
6,1,0,0,0,0,0,0,0,0,0,0,6,2,0,0,0,0,0,0,0,0,-1,0,0,0,0,0,0,0,0,0
15,1,0,0,0,0,0,0,0,0,0,0,15,3,0,0,0,0,0,0,0,0,-1,0,0,0,0,0,0,0,0,0
6,1,0,0,0,0,0,0,0,0,0,0,6,2,0,0,0,0,0,0,0,0,-1,0,0,0,0,0,0,0,0,0
10,1,0,0,0,0,0,0,0,0,0,0,10,2,0,0,0,0,0,0,0,0,-1,0,0,0,0,0,0,0,0,0
12,1,0,0,0,0,0,0,0,0,0,0,12,2,0,0,0,0,0,0,0,0,-1,0,0,0,0,0,0,0,0,0
12,1,0,0,0,0,0,0,0,0,0,0,12,3,0,0,0,0,0,0,0,0,-1,0,0,0,0,0,0,0,0,0
12,1,0,0,0,0,0,0,0,0,0,0,12,3,0,0,0,0,0,0,0,0,-1,0,0,0,0,0,0,0,0,0
13,1,0,0,0,0,0,0,0,0,0,0,13,3,0,0,0,0,0,0,0,0,-1,0,0,0,0,0,0,0,0,0
19,1,0,0,0,0,0,0,0,0,0,0,19,3,0,0,0,0,0,0,0,0,-1,0,0,0,0,0,0,0,0,0
12,1,0,0,0,0,0,0,0,0,0,0,12,3,0,0,0,0,0,0,0,0,-1,0,0,0,0,0,0,0,0,0
13,1,0,1,0,0,0,0,0,0,0,0,13,3,0,0,0,0,0,0,0,0,-1,0,0,0,0,0,0,0,0,0
13,1,0,0,0,0,0,0,0,0,0,0,13,2,0,0,0,0,0,0,0,0,-1,0,0,0,0,0,0,0,0,0
15,1,0,0,0,0,0,0,0,0,0,0,15,3,0,0,0,0,0,0,0,0,-1,0,0,0,0,0,0,0,0,0
10,1,0,0,0,0,0,0,0,0,0,0,10,3,0,0,0,0,0,0,0,0,-1,0,0,0,0,0,0,0,0,0
12,1,0,0,0,0,0,0,0,0,0,0,12,3,0,0,0,0,0,0,0,0,-1,0,0,0,0,0,0,0,0,0
10,1,0,0,0,0,0,0,0,0,0,0,10,3,0,0,0,0,0,0,0,0,-1,0,0,0,0,0,0,0,0,0
7,1,0,0,0,0,0,0,0,0,0,0,7,3,0,0,0,0,0,0,0,0,-1,0,0,0,0,0,0,0,0,0
16,1,0,0,0,0,0,0,0,0,0,0,16,3,0,0,0,0,0,0,0,0,-1,0,0,0,0,0,0,0,0,0
13,1,0,0,0,0,0,0,0,0,0,0,13,2,0,0,0,0,0,0,0,0,-1,0,0,0,0,0,0,0,0,0
13,1,0,0,0,0,0,0,0,0,0,0,13,3,0,0,0,0,0,0,0,0,-1,0,0,0,0,0,0,0,0,0
7,1,0,0,0,0,0,0,0,0,0,0,7,2,0,0,0,0,0,0,0,0,-1,0,0,0,0,0,0,0,0,0
12,1,0,0,0,0,0,0,0,0,0,0,12,2,0,0,0,0,0,0,0,0,-1,0,0,0,0,0,0,0,0,0
10,1,0,0,0,0,0,0,0,0,0,0,10,3,0,0,0,0,0,0,0,0,-1,0,0,0,0,0,0,0,0,0
19,1,0,0,0,0,0,0,0,0,0,0,19,3,0,0,0,0,0,0,0,0,-1,0,0,0,0,0,0,0,0,0
7,1,0,0,0,0,0,0,0,0,0,0,7,3,0,0,0,0,0,0,0,0,-1,0,0,0,0,0,0,0,0,0
14,2,0,0,0,0,0,0,0,0,0,1,14,2,0,0,0,0,0,0,0,0,-1,0,0,0,0,0,0,0,0,0
10,1,0,0,0,0,0,0,0,0,0,0,10,2,0,0,0,0,0,0,0,0,-1,0,0,0,0,0,0,0,0,0
17,1,0,0,0,0,0,0,0,0,0,0,17,3,0,0,0,0,0,0,0,0,-1,0,0,0,0,0,0,0,0,0
12,1,0,0,0,0,0,0,0,0,0,0,12,3,0,0,0,0,0,0,0,0,-1,0,0,0,0,0,0,0,0,0
13,1,0,0,0,0,0,0,0,0,0,0,13,3,0,0,0,0,0,0,0,0,-1,0,0,0,0,0,0,0,0,0
9,1,0,0,0,0,0,0,0,0,0,0,9,2,0,0,0,0,0,0,0,0,-1,0,0,0,0,0,0,0,0,0
13,1,0,0,0,0,0,0,0,0,0,0,13,3,0,0,0,0,0,0,0,0,-1,0,0,0,0,0,0,0,0,0
12,1,0,0,0,0,0,0,0,0,0,0,12,3,0,0,0,0,0,0,0,0,-1,0,0,0,0,0,0,0,0,0
8,1,0,0,0,0,0,0,0,0,0,0,8,3,0,0,0,0,0,0,0,0,-1,0,0,0,0,0,0,0,0,0
15,1,0,0,0,0,0,0,0,0,0,0,15,3,0,0,0,0,0,0,0,0,-1,0,0,0,0,0,0,0,0,0
12,1,0,0,0,0,0,0,0,0,0,0,12,3,0,0,0,0,0,0,0,0,-1,0,0,0,0,0,0,0,0,0
17,1,0,0,0,0,0,0,0,0,0,0,17,3,0,0,0,0,0,0,0,0,-1,0,0,0,0,0,0,0,0,0
6,1,0,0,0,0,0,0,0,0,0,0,6,2,0,0,0,0,0,0,0,0,-1,0,0,0,0,0,0,0,0,0
14,1,0,0,0,0,0,0,0,0,0,0,14,3,0,0,0,0,0,0,0,0,-1,0,0,0,0,0,0,0,0,0
13,1,0,1,0,0,0,0,0,0,0,0,13,3,0,0,0,0,0,0,0,0,-1,0,0,0,0,0,0,0,0,0
15,1,0,0,0,0,0,0,0,0,0,0,15,2,0,0,0,0,0,0,0,0,-1,0,0,0,0,0,0,0,0,0
9,2,0,0,0,0,0,0,0,0,0,1,9,2,0,0,0,0,0,0,0,0,-1,0,0,0,0,0,0,0,0,0
9,2,0,0,0,0,0,0,0,0,0,1,9,2,0,0,0,0,0,0,0,0,-1,0,0,0,0,0,0,0,0,0
11,1,0,0,0,0,0,0,0,0,0,0,11,3,0,0,0,0,0,0,0,0,-1,0,0,0,0,0,0,0,0,0
7,1,0,0,0,0,0,0,0,0,0,0,7,2,0,0,0,0,0,0,0,0,-1,0,0,0,0,0,0,0,0,0
15,1,0,0,0,0,0,0,0,0,0,0,15,3,0,0,0,0,0,0,0,0,-1,0,0,0,0,0,0,0,0,0
14,1,0,0,0,0,0,0,0,0,0,0,14,3,0,0,0,0,0,0,0,0,-1,0,0,0,0,0,0,0,0,0
10,1,0,0,0,0,0,0,0,0,0,0,10,3,0,0,0,0,0,0,0,0,-1,0,0,0,0,0,0,0,0,0
13,2,0,0,0,0,0,0,0,0,0,1,13,2,0,0,0,0,0,0,0,0,-1,0,0,0,0,0,0,0,0,0
6,1,0,0,0,0,0,0,0,0,0,0,6,2,0,0,0,0,0,0,0,0,-1,0,0,0,0,0,0,0,0,0
14,1,0,1,0,0,0,0,0,0,0,0,14,2,0,0,0,0,0,0,0,0,-1,0,0,0,0,0,0,0,0,0
12,2,0,0,0,0,0,0,0,0,0,1,12,2,0,0,0,0,0,0,0,0,-1,0,0,0,0,0,0,0,0,0
18,1,0,1,0,0,0,0,0,0,0,0,18,3,0,0,0,0,0,0,0,0,-1,0,0,0,0,0,0,0,0,0
14,1,0,0,0,0,0,0,0,0,0,0,14,3,0,0,0,0,0,0,0,0,-1,0,0,0,0,0,0,0,0,0
11,1,0,0,0,0,0,0,0,0,0,0,11,2,0,0,0,0,0,0,0,0,-1,0,0,0,0,0,0,0,0,0
9,1,0,0,0,0,0,0,0,0,0,0,9,2,0,0,0,0,0,0,0,0,-1,0,0,0,0,0,0,0,0,0
13,1,0,1,0,0,0,0,0,0,0,0,13,3,0,0,0,0,0,0,0,0,-1,0,0,0,0,0,0,0,0,0
8,1,0,0,0,0,0,0,0,0,0,0,8,2,0,0,0,0,0,0,0,0,-1,0,0,0,0,0,0,0,0,0
13,1,0,0,0,0,0,0,0,0,0,0,13,2,0,0,0,0,0,0,0,0,-1,0,0,0,0,0,0,0,0,0
9,2,0,0,0,0,0,0,0,0,0,1,9,2,0,0,0,0,0,0,0,0,-1,0,0,0,0,0,0,0,0,0
6,1,0,0,0,0,0,0,0,0,0,0,6,2,0,0,0,0,0,0,0,0,-1,0,0,0,0,0,0,0,0,0
8,1,0,0,0,0,0,0,0,0,0,0,8,3,0,0,0,0,0,0,0,0,-1,0,0,0,0,0,0,0,0,0
8,1,0,0,0,0,0,0,0,0,0,0,8,2,0,0,0,0,0,0,0,0,-1,0,0,0,0,0,0,0,0,0
14,1,0,0,0,0,0,0,0,0,0,0,14,3,0,0,0,0,0,0,0,0,-1,0,0,0,0,0,0,0,0,0
17,1,0,0,0,0,0,0,0,0,0,0,17,3,0,0,0,0,0,0,0,0,-1,0,0,0,0,0,0,0,0,0
9,2,0,0,0,0,0,0,0,0,0,1,9,2,0,0,0,0,0,0,0,0,-1,0,0,0,0,0,0,0,0,0
15,1,0,0,0,0,0,0,0,0,0,0,15,3,0,0,0,0,0,0,0,0,-1,0,0,0,0,0,0,0,0,0
9,1,0,0,0,0,0,0,0,0,0,0,9,3,0,0,0,0,0,0,0,0,-1,0,0,0,0,0,0,0,0,0
16,1,0,0,0,0,0,0,0,0,0,0,16,3,0,0,0,0,0,0,0,0,-1,0,0,0,0,0,0,0,0,0
12,1,0,0,0,0,0,0,0,0,0,0,12,3,0,0,0,0,0,0,0,0,-1,0,0,0,0,0,0,0,0,0
13,1,0,0,0,0,0,0,0,0,0,0,13,3,0,0,0,0,0,0,0,0,-1,0,0,0,0,0,0,0,0,0
12,1,0,0,0,0,0,0,0,0,0,0,12,3,0,0,0,0,0,0,0,0,-1,0,0,0,0,0,0,0,0,0
13,1,0,0,0,0,0,0,0,0,0,0,13,3,0,0,0,0,0,0,0,0,-1,0,0,0,0,0,0,0,0,0
7,1,0,0,0,0,0,0,0,0,0,0,7,2,0,0,0,0,0,0,0,0,-1,0,0,0,0,0,0,0,0,0
19,1,0,0,0,0,0,0,0,0,0,0,19,3,0,0,0,0,0,0,0,0,-1,0,0,0,0,0,0,0,0,0
16,1,0,0,0,0,0,0,0,0,0,0,16,3,0,0,0,0,0,0,0,0,-1,0,0,0,0,0,0,0,0,0
13,2,0,0,0,0,0,0,0,0,0,1,13,2,0,0,0,0,0,0,0,0,-1,0,0,0,0,0,0,0,0,0
13,1,0,1,0,0,0,0,0,0,0,0,13,3,0,0,0,0,0,0,0,0,-1,0,0,0,0,0,0,0,0,0
9,1,0,0,0,0,0,0,0,0,0,0,9,3,0,0,0,0,0,0,0,0,-1,0,0,0,0,0,0,0,0,0
10,1,0,0,0,0,0,0,0,0,0,0,10,3,0,0,0,0,0,0,0,0,-1,0,0,0,0,0,0,0,0,0
16,1,0,0,0,0,0,0,0,0,0,0,16,8,0,0,0,0,0,0,0,0,-1,0,0,0,0,0,0,0,0,0
9,1,0,0,0,0,0,0,0,0,0,0,9,3,0,0,0,0,0,0,0,0,-1,0,0,0,0,0,0,0,0,0
16,2,0,0,0,0,0,0,0,0,0,1,16,2,0,0,0,0,0,0,0,0,-1,0,0,0,0,0,0,0,0,0
13,1,0,1,0,0,0,0,0,0,0,0,13,3,0,0,0,0,0,0,0,0,-1,0,0,0,0,0,0,0,0,0
11,1,0,0,0,0,0,0,0,0,0,0,11,3,0,0,0,0,0,0,0,0,-1,0,0,0,0,0,0,0,0,0
7,1,0,0,0,0,0,0,0,0,0,0,7,3,0,0,0,0,0,0,0,0,-1,0,0,0,0,0,0,0,0,0
17,1,0,0,0,0,0,0,0,0,0,0,17,3,0,0,0,0,0,0,0,0,-1,0,0,0,0,0,0,0,0,0
11,1,0,1,0,0,0,0,0,0,0,0,11,3,0,0,0,0,0,0,0,0,-1,0,0,0,0,0,0,0,0,0
12,1,0,0,0,0,0,0,0,0,0,0,12,3,0,0,0,0,0,0,0,0,-1,0,0,0,0,0,0,0,0,0
14,1,0,0,0,0,0,0,0,0,0,0,14,3,0,0,0,0,0,0,0,0,-1,0,0,0,0,0,0,0,0,0
14,1,0,1,0,0,0,0,0,0,0,0,14,3,0,0,0,0,0,0,0,0,-1,0,0,0,0,0,0,0,0,0
13,1,0,0,0,0,0,0,0,0,0,0,13,3,0,0,0,0,0,0,0,0,-1,0,0,0,0,0,0,0,0,0
11,1,0,0,0,0,0,0,0,0,0,0,11,3,0,0,0,0,0,0,0,0,-1,0,0,0,0,0,0,0,0,0
10,1,0,0,0,0,0,0,0,0,0,0,10,2,0,0,0,0,0,0,0,0,-1,0,0,0,0,0,0,0,0,0
5,1,0,0,0,0,0,0,0,0,0,0,5,2,0,0,0,0,0,0,0,0,-1,0,0,0,0,0,0,0,0,0
8,1,0,0,0,0,0,0,0,0,0,0,8,3,0,0,0,0,0,0,0,0,-1,0,0,0,0,0,0,0,0,0
12,1,0,0,0,0,0,0,0,0,0,0,12,3,0,0,0,0,0,0,0,0,-1,0,0,0,0,0,0,0,0,0
12,1,0,0,0,0,0,0,0,0,0,0,12,3,0,0,0,0,0,0,0,0,-1,0,0,0,0,0,0,0,0,0
13,2,0,0,0,0,0,0,0,0,0,1,13,2,0,0,0,0,0,0,0,0,-1,0,0,0,0,0,0,0,0,0
14,1,0,0,0,0,0,0,0,0,0,0,14,3,0,0,0,0,0,0,0,0,-1,0,0,0,0,0,0,0,0,0
16,2,0,1,0,0,0,0,0,0,0,1,16,2,0,0,0,0,0,0,0,0,-1,0,0,0,0,0,0,0,0,1
35,2,2,0,0,0,0,0,0,0,0,0,11,3,0,0,0,0,0,0,0,0,-1,0,0,0,0,0,0,0,0,1
31,2,3,0,0,0,0,0,0,0,0,0,14,3,0,0,0,0,0,0,0,0,-1,0,0,0,0,0,0,0,0,1
88,3,3,1,0,0,0,0,0,0,0,1,21,2,0,0,0,5,0,0,1,0,0,0,0,0,0,0,0,0,0,1
235,2,3,1,0,0,0,0,0,0,0,0,23,3,0,0,0,5,0,0,1,0,0,0,0,0,0,0,0,0,0,1
118,2,5,16,0,0,0,0,0,0,0,0,11,3,0,0,0,0,0,0,0,0,0,0,0,0,0,0,0,0,0,1
45,2,6,1,0,0,0,0,0,0,0,1,11,3,0,0,1,0,0,0,0,0,-1,0,0,0,0,0,0,0,0,1
46,1,1,2,0,0,0,0,0,0,0,0,18,3,0,0,0,1,0,0,1,0,-1,0,0,0,0,0,0,0,0,1
44,2,3,1,0,0,0,0,0,0,0,1,22,3,0,0,0,0,0,0,0,0,0,0,0,0,0,0,0,0,0,1
45,1,2,4,0,0,0,0,0,0,0,0,12,3,0,0,1,0,0,0,0,0,-1,0,0,0,0,0,0,0,0,1
62,2,3,3,0,0,0,0,0,0,0,0,19,3,0,0,1,0,0,0,0,0,-1,0,0,0,0,0,0,0,0,1
64,3,5,1,0,0,0,0,0,0,0,1,20,2,0,0,1,0,0,0,0,0,0,0,0,0,0,0,0,0,0,1
30,1,3,0,0,0,0,0,0,0,0,0,11,3,0,0,1,0,0,0,0,0,-1,0,0,0,0,0,0,0,0,1
61,4,4,1,0,0,0,0,0,0,0,1,32,2,0,0,0,0,0,0,0,0,0,0,0,0,0,0,0,0,0,1
51,3,3,0,0,0,0,0,0,0,0,1,21,2,0,0,0,1,0,0,1,0,0,0,0,0,0,0,0,0,0,1
48,1,4,0,0,0,0,0,0,0,0,0,21,3,0,0,0,0,0,0,0,0,0,0,0,0,0,0,0,0,0,1
44,3,3,0,0,0,0,0,0,0,0,1,21,3,0,0,0,0,0,0,0,0,-1,0,0,0,0,0,0,0,0,1
52,2,1,0,0,0,0,0,0,0,0,0,9,2,0,0,1,3,0,0,1,0,-1,0,0,0,0,0,0,0,0,1
46,2,5,1,0,0,0,0,0,0,0,1,15,3,0,0,0,0,0,0,0,0,-1,0,0,0,0,0,0,0,0,1
34,3,3,1,0,0,0,0,0,0,0,1,11,2,0,0,0,0,0,0,0,0,0,0,0,0,0,0,0,0,0,1
48,2,3,1,0,0,0,0,0,0,0,0,22,3,0,0,0,0,0,0,0,0,-1,0,0,0,0,0,0,0,0,1
42,6,0,0,0,0,0,0,0,0,0,5,42,2,0,0,0,0,0,0,0,0,-1,0,0,0,0,0,0,0,0,1
34,1,4,0,0,0,0,0,0,0,0,0,7,3,0,0,0,0,0,0,0,0,-1,0,0,0,0,0,0,0,0,1
83,2,5,6,0,0,0,0,0,0,0,0,11,3,0,0,1,0,0,0,0,0,-1,0,0,0,0,0,0,0,0,1
33,1,3,0,0,0,0,0,0,0,0,0,16,3,0,0,1,0,0,0,0,0,-1,0,0,0,0,0,0,0,0,1
33,2,1,0,0,0,0,0,0,0,0,0,13,3,0,0,1,1,0,0,1,0,-1,0,0,0,0,0,0,0,0,1
29,1,2,0,0,0,0,0,0,0,0,0,14,3,0,0,0,0,0,0,0,0,-1,0,0,0,0,0,0,0,0,1
84,1,6,6,0,0,0,0,0,0,0,0,17,3,0,0,1,0,0,0,0,0,0,0,0,0,0,0,0,0,0,1
70,2,4,0,0,0,0,0,0,0,0,1,27,3,0,0,1,0,0,0,0,0,0,0,0,0,0,0,0,0,0,1
34,2,2,0,0,0,0,0,0,0,0,1,16,3,0,0,0,0,0,0,0,0,-1,0,0,0,0,0,0,0,0,1
80,2,5,0,0,0,0,0,0,0,0,1,18,3,0,0,1,0,0,0,0,0,-1,0,0,0,0,0,0,0,0,1
53,2,3,2,0,0,0,0,0,0,0,0,17,3,0,0,1,0,0,0,0,0,-1,0,0,0,0,0,0,0,0,1
38,2,2,0,0,0,0,0,0,0,0,1,17,3,0,0,1,0,0,0,0,0,-1,0,0,0,0,0,0,0,0,1
33,1,2,0,0,0,0,0,0,0,0,0,13,3,0,0,0,0,0,0,0,0,-1,0,0,0,0,0,0,0,0,1
64,3,1,0,0,0,0,0,0,0,0,1,21,3,0,0,1,5,0,0,1,0,-1,0,0,0,0,0,0,0,0,1
102,3,3,0,0,0,0,0,0,0,0,0,21,3,0,0,0,5,0,0,1,0,0,0,0,0,0,0,0,0,0,1
48,2,1,0,0,0,0,0,0,0,0,1,16,3,0,0,1,5,0,0,1,0,-1,0,0,0,0,0,0,0,0,1
29,1,3,0,0,0,0,0,0,0,0,0,14,3,0,0,0,0,0,0,0,0,-1,0,0,0,0,0,0,0,0,1
67,3,5,0,0,0,0,0,0,0,0,1,14,3,0,0,1,3,0,0,1,0,0,0,0,0,0,0,0,0,0,1
44,3,5,0,0,0,0,0,0,0,0,1,11,2,0,0,0,0,0,0,0,0,0,0,0,0,0,0,0,0,0,1
87,2,4,0,1,0,0,0,0,0,0,1,15,3,0,1,0,1,0,0,1,0,0,0,0,0,0,0,0,0,0,1
34,2,2,0,0,0,0,0,0,0,0,1,20,3,0,0,0,0,0,0,0,0,-1,0,0,0,0,0,0,0,0,1
36,2,2,0,0,0,0,0,0,0,0,1,16,3,0,0,0,0,0,0,0,0,-1,0,0,0,0,0,0,0,0,1
99,2,3,7,0,0,0,0,0,0,0,1,25,3,0,0,1,0,0,0,0,0,-1,0,0,0,0,0,0,0,0,1
14,1,0,0,0,0,0,0,0,0,0,0,14,3,0,0,0,0,0,0,0,0,-1,0,0,0,0,0,0,0,0,1
26,1,0,0,0,0,0,0,0,0,0,0,26,3,0,0,0,0,0,0,0,0,-1,0,0,0,0,0,0,0,0,1
82,1,4,6,0,0,0,0,0,0,0,0,14,3,0,0,0,0,0,0,0,0,0,0,0,0,0,0,0,0,0,1
29,1,4,0,0,0,0,0,0,0,0,0,9,3,0,0,0,0,0,0,0,0,-1,0,0,0,0,0,0,0,0,1
31,2,2,0,0,0,0,0,0,0,0,0,13,3,0,0,0,0,0,0,0,0,-1,0,0,0,0,0,0,0,0,1
129,2,4,0,0,0,0,0,0,0,0,0,13,3,0,0,1,5,0,0,1,0,0,0,0,0,0,0,0,0,0,1
100,4,5,11,0,0,0,0,0,0,0,2,16,2,0,0,0,0,0,0,0,0,0,0,0,0,0,0,0,0,0,1
49,2,4,1,0,0,0,0,0,0,0,1,23,3,0,0,0,0,0,0,0,0,0,0,0,0,0,0,0,0,0,1
31,2,1,0,0,0,0,0,0,0,0,1,17,3,0,0,0,0,0,0,0,0,-1,0,0,0,0,0,0,0,0,1
46,2,2,0,0,0,0,0,0,0,0,1,16,3,0,0,0,0,0,0,0,0,-1,0,0,0,0,0,0,0,0,1
6,1,0,0,0,0,0,0,0,0,0,0,6,2,0,0,0,0,0,0,0,0,-1,0,0,0,0,0,0,0,0,1
91,3,5,0,0,0,0,0,0,0,0,1,27,3,0,0,1,0,0,0,0,0,-1,0,0,0,0,0,0,0,0,1
43,1,5,1,0,0,0,0,0,0,0,0,12,3,0,0,0,0,0,0,0,0,-1,0,0,0,0,0,0,0,0,1
17,1,0,0,0,0,0,0,0,0,0,0,17,3,0,0,0,0,0,0,0,0,-1,0,0,0,0,0,0,0,0,1
121,2,5,0,0,0,0,0,0,0,0,0,9,3,0,0,0,0,0,0,0,0,-1,0,0,0,0,0,0,0,0,1
46,1,3,0,0,0,0,0,0,0,0,0,6,2,0,0,0,0,0,0,0,0,-1,0,0,0,0,0,0,0,0,1
32,4,3,0,0,0,0,0,0,0,0,2,18,2,0,0,0,0,0,0,0,0,0,0,0,0,0,0,0,0,0,1
172,3,3,10,0,0,0,0,0,0,0,1,16,2,0,0,1,5,0,0,1,0,0,0,0,0,0,0,0,0,0,1
24,2,2,0,0,0,0,0,0,0,0,0,9,3,0,0,0,0,0,0,0,0,-1,0,0,0,0,0,0,0,0,1
28,2,0,0,0,0,0,0,0,0,0,1,28,3,0,0,0,0,0,0,0,0,-1,0,0,0,0,0,0,0,0,1
18,1,0,0,0,0,0,0,0,0,0,0,18,3,0,0,0,0,0,0,0,0,-1,0,0,0,0,0,0,0,0,1
44,4,3,0,0,0,0,0,0,0,0,2,26,2,0,0,0,0,0,0,0,0,0,0,0,0,0,0,0,0,0,1
39,2,4,1,0,0,0,0,0,0,0,1,14,3,0,0,0,0,0,0,0,0,0,0,0,0,0,0,0,0,0,1
50,2,5,0,0,0,0,0,0,0,0,0,14,3,0,0,1,0,0,0,0,0,-1,0,0,0,0,0,0,0,0,1
55,3,3,0,0,0,0,0,0,0,0,1,17,3,0,0,0,2,0,0,1,0,0,0,0,0,0,0,0,1,0,1
29,3,2,0,0,0,0,0,0,0,0,1,15,3,0,0,0,0,0,0,0,0,-1,0,0,0,0,0,0,0,0,1
32,1,3,0,0,0,0,0,0,0,0,0,12,3,0,0,0,0,0,0,0,0,-1,0,0,0,0,0,0,0,0,1
29,2,0,0,0,0,0,0,0,0,0,1,29,3,0,0,0,0,0,0,0,0,-1,0,0,0,0,0,0,0,0,1
20,1,0,0,0,0,0,0,0,0,0,0,20,3,0,0,0,0,0,0,0,0,-1,0,0,0,0,0,0,0,0,1
33,1,1,0,0,0,0,0,0,0,0,0,9,3,0,0,0,1,0,0,1,0,-1,0,0,0,0,0,0,0,0,1
37,1,3,0,0,0,0,0,0,0,0,0,12,3,0,0,0,0,0,0,0,0,-1,0,0,0,0,0,0,0,0,1
39,1,5,0,0,0,0,0,0,0,0,0,13,3,0,0,1,0,0,0,0,0,-1,0,0,0,0,0,0,0,0,1
67,2,1,5,0,0,0,0,0,0,0,1,15,3,0,0,1,0,0,0,0,0,-1,0,0,0,0,0,0,0,0,1
120,2,1,5,0,0,0,0,0,0,0,0,15,3,0,0,1,0,0,0,0,0,-1,0,0,0,0,0,0,0,0,1
111,2,3,9,0,0,0,0,0,0,0,1,21,3,0,0,0,0,0,0,0,0,-1,0,0,0,0,0,0,0,0,1
50,3,2,0,0,0,0,0,0,0,0,0,17,3,0,0,0,1,0,0,1,0,-1,0,0,0,0,0,0,0,0,1
66,2,5,3,0,0,0,0,0,0,0,1,19,2,0,0,0,0,0,0,0,0,1,0,0,0,0,0,0,0,1,1
64,2,1,3,0,0,0,0,0,0,0,1,33,4,0,0,0,0,0,0,0,0,-1,0,0,0,0,0,0,0,0,1
31,1,1,0,0,0,0,0,0,0,0,0,11,3,0,0,0,1,0,0,1,0,-1,0,0,0,0,0,0,0,0,1
20,1,0,1,0,0,0,0,0,0,0,0,20,3,0,0,0,0,0,0,0,0,-1,0,0,0,0,0,0,0,0,1
104,1,2,17,0,0,0,0,0,0,0,0,10,3,0,0,0,3,0,0,0,0,-1,0,0,0,0,0,0,1,0,1
58,2,4,4,0,0,0,0,0,0,0,0,10,3,0,0,1,0,0,0,0,0,-1,0,0,0,0,0,0,0,0,1
60,2,5,1,0,0,0,0,0,0,0,0,20,3,0,0,0,0,0,0,0,0,0,0,0,0,0,0,0,0,0,1
153,3,10,3,0,0,0,0,0,0,0,1,20,2,0,0,1,0,0,0,0,0,0,0,0,0,0,1,0,0,0,1
36,1,4,0,0,0,0,0,0,0,0,0,8,3,0,0,0,0,0,0,0,0,-1,0,0,0,0,0,0,0,0,1
22,1,1,0,0,0,0,0,0,0,0,0,10,3,0,0,0,0,0,0,0,0,-1,0,0,0,0,0,0,0,0,1
65,3,3,0,0,0,0,0,0,0,0,1,20,2,0,0,0,3,0,0,1,0,0,0,0,0,0,0,0,0,0,1
228,1,5,7,0,0,0,0,0,0,0,0,10,2,0,0,0,5,0,0,0,0,0,0,0,0,0,0,0,1,0,1
68,1,2,7,0,0,0,0,0,0,0,0,8,3,0,0,0,0,0,0,0,0,-1,0,0,0,0,0,0,0,0,1
54,1,3,0,0,0,0,0,0,0,0,0,14,3,0,0,0,0,0,0,0,0,-1,0,0,0,0,0,0,0,0,1
19,2,0,0,0,0,0,0,0,0,0,1,19,4,0,0,0,0,0,0,0,0,-1,0,0,0,0,0,0,0,0,1
97,1,7,4,0,0,0,0,0,0,0,0,15,2,0,0,0,0,0,0,0,0,0,0,0,0,0,0,0,0,0,1
73,4,3,0,0,0,0,0,0,0,0,1,20,2,0,0,0,3,0,0,1,0,0,0,0,0,0,0,0,0,0,1
33,2,2,0,0,0,0,0,0,0,0,1,16,3,0,0,0,0,0,0,0,0,-1,0,0,0,0,0,0,0,0,1
107,1,5,9,0,0,0,0,0,0,0,0,15,3,0,0,1,0,0,0,0,0,1,0,0,0,0,0,0,0,1,1
80,4,3,0,0,0,0,0,0,0,0,2,20,2,0,0,0,5,0,0,1,0,0,0,0,0,0,0,0,0,0,1
22,2,1,0,0,0,0,0,0,0,0,0,10,3,0,0,0,0,0,0,0,0,-1,0,0,0,0,0,0,0,0,1
50,2,4,2,0,0,0,0,0,0,0,1,21,2,0,0,0,0,0,0,0,0,0,0,0,0,0,0,0,0,0,1
112,1,6,12,0,0,0,0,0,0,0,0,12,3,0,0,1,0,0,0,0,0,-1,0,0,0,0,0,0,0,0,1
41,1,5,1,0,0,0,0,0,0,0,0,12,3,0,0,0,0,0,0,0,0,-1,0,0,0,0,0,0,0,0,1
79,3,5,4,0,0,0,0,0,0,0,2,22,2,0,0,1,0,0,0,0,0,0,0,0,0,0,0,0,0,0,1
27,2,0,0,0,0,0,0,0,0,0,1,27,3,0,0,0,0,0,0,0,0,-1,0,0,0,0,0,0,0,0,1
112,3,6,5,0,0,0,0,0,0,0,1,14,3,0,0,0,0,0,0,0,0,0,0,0,0,0,0,0,0,0,1
22,1,0,0,0,0,0,0,0,0,0,0,22,3,0,0,0,0,0,0,0,0,-1,0,0,0,0,0,0,0,0,1
13,1,0,0,0,0,0,0,0,0,0,0,13,3,0,0,0,0,0,0,0,0,-1,0,0,0,0,0,0,0,0,1
38,2,2,0,0,0,0,0,0,0,0,1,19,3,0,0,0,0,0,0,0,0,-1,0,0,0,0,0,0,0,0,1
150,1,3,21,0,0,0,0,0,0,0,0,13,3,0,0,1,0,0,0,0,0,-1,0,0,0,0,0,0,0,0,1
89,4,5,4,0,0,0,0,0,0,0,1,21,2,0,0,0,1,0,0,1,0,0,0,0,0,0,0,0,0,0,1
12,1,0,0,0,0,0,0,0,0,0,0,12,3,0,0,0,0,0,0,0,0,-1,0,0,0,0,0,0,0,0,1
41,1,2,2,0,0,0,0,0,0,0,0,17,3,0,0,0,0,0,0,0,0,-1,0,0,0,0,0,0,0,0,1
119,2,5,7,0,0,0,0,0,0,0,0,13,3,0,0,1,1,0,0,1,0,0,0,0,0,0,0,0,0,0,1
80,1,3,0,0,0,0,0,0,0,0,0,9,4,0,0,1,5,0,0,0,0,0,0,0,0,0,0,0,1,0,1
84,1,2,11,0,0,0,0,0,0,0,0,18,3,0,0,1,0,0,0,0,0,-1,0,0,0,0,0,0,0,0,1
50,3,3,1,0,0,0,0,0,0,0,1,26,3,0,0,0,1,0,0,1,0,0,0,0,0,0,0,0,0,0,1
76,2,4,6,0,0,0,0,0,0,0,0,12,3,0,0,1,0,0,0,0,0,-1,0,0,0,0,0,0,0,0,1
24,1,0,0,0,0,0,0,0,0,0,0,24,3,0,0,0,0,0,0,0,0,-1,0,0,0,0,0,0,0,0,1
80,3,6,0,0,0,0,0,0,0,0,1,23,3,0,0,0,0,0,0,0,0,-1,0,0,0,0,0,0,0,0,1
51,1,3,1,0,0,0,0,0,0,0,0,10,2,0,0,0,0,0,0,0,0,-1,0,0,0,0,0,0,0,0,1
22,1,0,1,0,0,0,0,0,0,0,0,22,3,0,0,0,0,0,0,0,0,-1,0,0,0,0,0,0,0,0,1
47,2,2,0,0,0,0,0,0,0,0,1,16,3,0,0,0,0,0,0,0,0,-1,0,0,0,0,0,0,0,0,1
92,3,3,1,0,0,0,0,0,0,0,1,27,2,0,0,0,5,0,0,1,0,0,0,0,0,0,0,0,0,0,1
52,2,2,2,0,0,0,0,0,0,0,0,11,2,0,0,0,0,0,0,0,0,-1,0,0,0,0,0,0,0,0,1
22,1,0,1,0,0,0,0,0,0,0,0,22,3,0,0,0,0,0,0,0,0,-1,0,0,0,0,0,0,0,0,1
85,2,4,12,0,0,0,0,0,0,0,0,13,2,0,0,1,0,0,0,0,0,0,0,0,0,0,0,0,0,0,1
58,4,4,1,0,0,0,0,0,0,0,0,15,3,0,0,1,0,0,0,0,0,-1,0,0,0,0,0,0,0,0,1
290,2,3,1,1,0,0,0,0,0,0,0,11,3,0,1,0,5,0,0,1,0,1,0,0,0,0,0,0,1,1,1
136,2,7,10,0,0,0,0,0,0,0,1,15,2,0,0,0,0,0,0,0,0,0,0,0,0,0,0,0,0,0,1
87,2,7,4,0,0,0,0,0,0,0,0,6,2,0,0,0,0,0,0,0,0,0,0,0,0,0,0,0,0,0,1
53,3,4,2,0,0,0,0,0,0,0,1,22,3,0,0,0,0,0,0,0,0,0,0,0,0,0,0,0,0,0,1
46,2,4,1,0,0,0,0,0,0,0,1,17,3,0,0,1,0,0,0,0,0,-1,0,0,0,0,0,0,0,0,1
30,2,0,0,0,0,0,0,0,0,0,1,30,3,0,0,0,0,0,0,0,0,-1,0,0,0,0,0,0,0,0,1
41,1,2,1,0,0,0,0,0,0,0,0,14,3,0,0,0,0,0,0,0,0,-1,0,0,0,0,0,0,0,0,1
44,2,3,0,0,0,0,0,0,0,0,0,17,3,0,0,0,0,0,0,0,0,-1,0,0,0,0,0,0,0,0,1
81,3,3,0,0,0,0,0,0,0,0,1,18,2,0,0,0,5,0,0,1,0,0,0,0,0,0,0,0,0,0,1
77,2,4,0,0,0,0,0,0,0,0,0,26,3,0,0,0,0,0,0,0,0,-1,0,0,0,0,0,0,0,0,1
62,2,5,0,0,0,0,0,0,0,0,1,23,3,0,0,0,0,0,0,0,0,0,0,0,0,0,0,0,0,0,1
108,1,5,9,0,0,0,0,0,0,0,0,12,3,0,0,1,0,0,0,0,0,0,0,0,0,0,0,0,0,0,1
49,1,3,1,0,0,0,0,0,0,0,0,12,3,0,0,1,0,0,0,0,0,-1,0,0,0,0,0,0,0,0,1
63,2,1,0,0,0,0,0,0,0,0,0,25,3,0,0,0,0,0,0,0,0,-1,0,0,0,0,0,0,0,0,1
51,1,4,1,0,0,0,0,0,0,0,0,13,3,0,0,0,0,0,0,0,0,-1,0,0,0,0,0,0,0,0,1
41,2,1,3,0,0,0,0,0,0,0,0,10,3,0,0,0,0,0,0,0,0,-1,0,0,0,0,0,0,0,0,1
52,1,3,3,0,0,0,0,0,0,0,0,15,3,0,0,0,0,0,0,0,0,-1,0,0,0,0,0,0,0,0,1
86,4,3,2,0,0,0,0,0,0,0,2,25,2,0,0,0,3,0,0,1,0,0,0,0,0,0,0,0,0,0,1
83,2,3,0,0,0,0,0,0,0,0,0,11,2,0,0,0,5,0,0,1,0,0,0,0,0,0,0,0,0,0,1
42,1,4,0,0,0,0,0,0,0,0,0,12,3,0,0,0,0,0,0,0,0,-1,0,0,0,0,0,0,0,0,1
27,2,2,0,0,0,0,0,0,0,0,0,8,2,0,0,0,0,0,0,0,0,-1,0,0,0,0,0,0,0,0,1
72,2,4,3,0,0,0,0,0,0,0,0,18,3,0,0,1,0,0,0,0,0,-1,0,0,0,0,0,0,0,0,1
97,1,4,10,0,0,0,0,0,0,0,0,6,3,0,0,1,0,0,0,0,0,0,0,0,0,0,0,0,0,0,1
79,3,2,0,0,0,0,0,0,0,0,1,18,3,0,0,1,1,0,0,1,0,-1,0,0,0,0,0,0,0,0,1
20,1,0,0,0,0,0,0,0,0,0,0,20,3,0,0,0,0,0,0,0,0,-1,0,0,0,0,0,0,0,0,1
33,2,2,0,0,0,0,0,0,0,0,1,16,3,0,0,0,0,0,0,0,0,-1,0,0,0,0,0,0,0,0,1
19,2,0,0,0,0,0,0,0,0,0,1,19,3,0,0,0,0,0,0,0,0,-1,0,0,0,0,0,0,0,0,1
62,1,3,0,0,0,0,0,0,0,0,0,9,4,0,0,1,5,0,0,0,0,0,0,0,0,0,0,0,1,0,1
24,2,0,0,0,0,0,0,0,0,0,1,24,3,0,0,0,0,0,0,0,0,-1,0,0,0,0,0,0,0,0,1
15,1,0,0,0,0,0,0,0,0,0,0,15,3,0,0,0,0,0,0,0,0,-1,0,0,0,0,0,0,0,0,1
73,2,2,1,0,0,0,0,0,0,0,1,21,3,0,0,1,2,0,0,0,0,-1,0,0,0,0,0,0,1,0,1
87,1,5,9,0,0,0,0,0,0,0,0,10,3,0,0,1,0,0,0,0,0,0,0,0,0,0,0,0,0,0,1
72,2,1,6,0,0,0,0,0,0,0,0,17,3,0,0,0,1,0,0,0,0,-1,0,0,0,0,0,0,1,0,1
230,3,3,13,0,0,0,0,0,0,0,1,20,3,0,0,0,5,0,0,1,0,0,0,0,0,0,0,0,0,0,1
58,3,4,0,0,0,0,0,0,0,0,1,24,2,0,0,0,0,0,0,0,0,0,0,0,0,0,0,0,0,0,1
31,1,1,2,0,0,0,0,0,0,0,0,11,3,0,0,0,1,0,0,1,0,-1,0,0,0,0,0,0,0,0,1
20,1,1,0,0,0,0,0,0,0,0,0,11,3,0,0,0,0,0,0,0,0,-1,0,0,0,0,0,0,0,0,1
106,3,3,0,0,0,0,0,0,0,0,1,23,2,0,0,0,5,0,0,1,0,0,0,0,0,0,0,0,0,0,1
30,1,0,0,0,0,0,0,0,0,0,0,30,3,0,0,0,0,0,0,0,0,-1,0,0,0,0,0,0,0,0,1
124,2,3,3,0,0,0,0,0,0,0,0,9,2,0,0,0,5,0,0,1,0,0,0,0,0,0,0,0,0,0,1
49,3,4,0,0,0,0,0,0,0,0,1,19,2,0,0,0,0,0,0,0,0,0,0,0,0,0,0,0,0,0,1
57,2,3,2,0,0,0,0,0,0,0,1,14,3,0,0,0,0,0,0,0,0,-1,0,0,0,0,0,0,0,0,1
53,2,3,1,0,0,0,0,0,0,0,0,13,3,0,0,0,0,0,0,0,0,-1,0,0,0,0,0,0,0,0,1
96,2,6,6,0,0,0,0,0,0,0,0,7,3,0,0,1,0,0,0,0,0,-1,0,0,0,0,0,0,0,0,1
66,3,5,2,0,0,0,0,0,0,0,2,30,3,0,0,1,0,0,0,0,0,-1,0,0,0,0,0,0,0,0,1
40,1,2,1,0,0,0,0,0,0,0,0,15,3,0,0,0,0,0,0,0,0,-1,0,0,0,0,0,0,0,0,1
13,1,0,0,0,0,0,0,0,0,0,0,13,3,0,0,0,0,0,0,0,0,-1,0,0,0,0,0,0,0,0,1
78,2,4,5,0,0,0,0,0,0,0,1,28,3,0,0,1,0,0,0,0,0,-1,0,0,0,0,0,0,0,0,1
34,2,2,0,0,0,0,0,0,0,0,1,16,3,0,0,0,0,0,0,0,0,-1,0,0,0,0,0,0,0,0,1
75,2,1,5,0,0,0,0,0,0,0,0,17,3,0,0,0,3,0,0,1,0,-1,0,0,0,0,0,0,0,0,1
28,1,2,0,0,0,0,0,0,0,0,0,13,2,0,0,1,0,0,0,0,0,-1,0,0,0,0,0,0,0,0,1
114,1,5,13,0,0,0,0,0,0,0,0,7,3,0,0,1,0,0,0,0,0,0,0,0,0,0,0,0,0,0,1
62,1,3,5,0,0,0,0,0,0,0,0,15,3,0,0,1,0,0,0,0,0,-1,0,0,0,0,0,0,0,0,1
85,2,2,9,0,0,0,0,0,0,0,0,18,3,0,0,1,0,0,0,0,0,-1,0,0,0,0,0,0,0,0,1
34,1,4,0,0,0,0,0,0,0,0,0,7,3,0,0,0,0,0,0,0,0,-1,0,0,0,0,0,0,0,0,1
36,3,2,0,0,0,0,0,0,0,0,1,20,3,0,0,0,0,0,0,0,0,-1,0,0,0,0,0,0,0,0,1
26,1,1,0,0,0,0,0,0,0,0,0,12,3,0,0,0,0,0,0,0,0,-1,0,0,0,0,0,0,0,0,1
11,1,0,0,0,0,0,0,0,0,0,0,11,3,0,0,0,0,0,0,0,0,-1,0,0,0,0,0,0,0,0,1
68,2,3,2,0,0,0,0,0,0,0,1,28,3,0,0,0,0,0,0,0,0,0,0,0,0,0,0,0,0,0,1
51,1,4,3,0,0,0,0,0,0,0,0,9,3,0,0,0,0,0,0,0,0,-1,0,0,0,0,0,0,0,0,1
79,3,5,5,0,0,0,0,0,0,0,2,29,2,0,0,0,0,0,0,0,0,0,0,0,0,0,0,0,0,0,1
52,4,3,1,0,0,0,0,0,0,0,1,15,3,0,0,1,1,0,0,1,0,-1,0,0,0,0,0,0,0,0,1
77,2,3,6,0,0,0,0,0,0,0,0,14,3,0,0,1,0,0,0,0,0,-1,0,0,0,0,0,0,0,0,1
22,1,1,0,0,0,0,0,0,0,0,0,15,3,0,0,0,1,0,0,1,0,-1,0,0,0,0,0,0,0,0,1
77,3,9,0,0,0,0,0,0,0,0,0,11,3,0,0,0,1,0,0,1,0,0,0,0,0,0,1,0,0,0,1
45,2,2,2,0,0,0,0,0,0,0,1,21,3,0,0,1,0,0,0,0,0,-1,0,0,0,0,0,0,0,0,1
43,1,3,2,0,0,0,0,0,0,0,0,13,3,0,0,1,0,0,0,0,0,-1,0,0,0,0,0,0,0,0,1
47,2,3,0,0,0,0,0,0,0,0,1,17,3,0,0,0,0,0,0,0,0,-1,0,0,0,0,0,0,0,0,1
54,1,5,1,0,0,0,0,0,0,0,0,13,3,0,0,1,0,0,0,0,0,-1,0,0,0,0,0,0,0,0,1
26,1,0,1,0,0,0,0,0,0,0,0,26,2,0,0,0,0,0,0,0,0,-1,0,0,0,0,0,0,0,0,1
30,2,3,0,0,0,0,0,0,0,0,0,13,4,0,0,0,0,0,0,0,0,0,0,0,0,0,0,0,0,0,1
47,3,4,0,0,0,0,0,0,0,0,1,16,3,0,0,0,0,0,0,0,0,-1,0,0,0,0,0,0,0,0,1
25,1,1,0,0,0,0,0,0,0,0,0,17,3,0,0,0,0,0,0,0,0,-1,0,0,0,0,0,0,0,0,1
35,1,4,0,0,0,0,0,0,0,0,0,8,3,0,0,0,0,0,0,0,0,-1,0,0,0,0,0,0,0,0,1
67,1,5,0,0,0,0,0,0,0,0,0,13,3,0,0,1,0,0,0,0,0,-1,0,0,0,0,0,0,0,0,1
31,1,1,0,0,0,0,0,0,0,0,0,11,3,0,0,0,1,0,0,1,0,-1,0,0,0,0,0,0,0,0,1
33,2,2,0,0,0,0,0,0,0,0,1,15,3,0,0,0,0,0,0,0,0,-1,0,0,0,0,0,0,0,0,1
47,1,3,2,0,0,0,0,0,0,0,0,13,3,0,0,1,0,0,0,0,0,-1,0,0,0,0,0,0,0,0,1
91,2,4,5,0,0,0,0,0,0,0,0,11,3,0,0,1,5,0,0,1,0,0,0,0,0,0,0,0,0,0,1
36,1,3,0,0,0,0,0,0,0,0,0,13,3,0,0,1,0,0,0,0,0,-1,0,0,0,0,0,0,0,0,1
69,1,3,5,0,0,0,0,0,0,0,0,12,3,0,0,1,0,0,0,0,0,-1,0,0,0,0,0,0,0,0,1
64,2,1,4,0,0,0,0,0,0,0,0,15,4,0,0,1,0,0,0,0,0,-1,0,0,0,0,0,0,0,0,1
33,1,2,0,0,0,0,0,0,0,0,0,16,3,0,0,1,0,0,0,0,0,-1,0,0,0,0,0,0,0,0,1
98,1,3,0,0,0,0,0,0,0,0,0,9,4,0,0,1,5,0,0,0,0,0,0,0,0,0,0,0,1,0,1
96,3,4,0,0,0,0,0,0,0,0,1,15,3,0,0,0,5,0,0,1,0,0,0,0,0,0,0,0,0,0,1
56,2,4,0,0,0,0,0,0,0,0,0,19,3,0,0,0,0,0,0,0,0,-1,0,0,0,0,0,0,0,0,1
53,3,3,1,0,0,0,0,0,0,0,1,28,2,0,0,0,0,0,0,0,0,0,0,0,0,0,0,0,0,0,1
26,1,1,0,0,0,0,0,0,0,0,0,10,3,0,0,0,0,0,0,0,0,-1,0,0,0,0,0,0,0,0,1
49,1,1,6,0,0,0,0,0,0,0,0,16,3,0,0,0,0,0,0,0,0,-1,0,0,0,0,0,0,0,0,1
81,2,2,8,0,0,0,0,0,0,0,0,20,3,0,0,0,0,0,0,0,0,-1,0,0,0,0,0,0,0,0,1
8,1,0,0,0,0,0,0,0,0,0,0,8,3,0,0,0,0,0,0,0,0,-1,0,0,0,0,0,0,0,0,1
71,2,1,4,0,0,0,0,0,0,0,0,28,3,0,0,0,0,0,0,0,0,-1,0,0,0,0,0,0,0,0,1
112,1,4,14,0,0,0,0,0,0,0,0,13,3,0,0,1,0,0,0,0,0,0,0,0,0,0,0,0,0,0,1
43,2,2,2,0,0,0,0,0,0,0,0,10,3,0,0,0,0,0,0,0,0,-1,0,0,0,0,0,0,0,0,1
58,1,2,6,0,0,0,0,0,0,0,0,10,3,0,0,0,0,0,0,0,0,-1,0,0,0,0,0,0,0,0,1
97,2,1,0,0,0,0,0,0,0,0,0,20,3,0,0,0,5,0,0,1,0,-1,0,0,0,0,0,0,1,0,1
99,1,2,0,0,0,0,0,0,0,0,0,9,3,0,0,1,1,0,0,0,0,-1,0,0,0,0,0,0,1,0,1
73,3,6,3,0,0,0,0,0,0,0,1,29,3,0,0,1,0,0,0,0,0,-1,0,0,0,0,0,0,0,0,1
34,2,0,0,0,0,0,0,0,0,0,1,34,3,0,0,0,0,0,0,0,0,-1,0,0,0,0,0,0,0,0,1
36,1,2,0,0,0,0,0,0,0,0,0,10,3,0,0,0,0,0,0,0,0,-1,0,0,0,0,0,0,0,0,1
142,2,5,22,0,0,0,0,0,0,0,0,12,3,0,0,1,0,0,0,0,0,-1,0,0,0,0,0,0,0,0,1
57,1,3,4,0,0,0,0,0,0,0,0,13,3,0,0,1,0,0,0,0,0,-1,0,0,0,0,0,0,0,0,1
41,2,2,0,0,0,0,0,0,0,0,0,16,3,0,0,1,1,0,0,1,0,-1,0,0,0,0,0,0,0,0,1
28,2,0,1,0,0,0,0,0,0,0,1,28,3,0,0,0,0,0,0,0,0,-1,0,0,0,0,0,0,0,0,1
25,1,2,0,0,0,0,0,0,0,0,0,13,3,0,0,0,1,0,0,1,0,-1,0,0,0,0,0,0,0,0,1
13,1,0,0,0,0,0,0,0,0,0,0,13,3,0,0,0,0,0,0,0,0,-1,0,0,0,0,0,0,0,0,1
35,1,3,2,0,0,0,0,0,0,0,0,8,3,0,0,1,0,0,0,0,0,-1,0,0,0,0,0,0,0,0,1
83,3,4,1,0,0,0,0,0,0,0,1,25,2,0,0,1,2,0,0,0,0,-1,0,0,0,0,0,0,1,0,1
93,3,9,6,0,0,0,0,0,0,0,0,14,3,0,0,1,0,0,0,0,0,0,0,1,0,0,1,0,0,0,1
73,2,5,1,0,0,0,0,0,0,0,0,34,3,0,0,0,0,0,0,0,0,0,0,0,0,0,0,0,0,0,1
19,2,0,0,0,0,0,0,0,0,0,1,19,3,0,0,0,0,0,0,0,0,-1,0,0,0,0,0,0,0,0,1
81,2,3,1,0,0,0,0,0,0,0,0,13,3,0,0,0,5,0,0,1,0,0,0,0,0,0,0,0,0,0,1
35,2,2,0,0,0,0,0,0,0,0,0,15,3,0,0,0,0,0,0,0,0,-1,0,0,0,0,0,0,0,0,1
27,2,1,0,0,0,0,0,0,0,0,1,15,3,0,0,0,0,0,0,0,0,-1,0,0,0,0,0,0,0,0,1
80,1,3,0,0,0,0,0,0,0,0,0,9,4,0,0,1,5,0,0,0,0,0,0,0,0,0,0,0,1,0,1
65,2,6,3,0,0,0,0,0,0,0,1,11,3,0,0,1,0,0,0,0,0,-1,0,0,0,0,0,0,0,0,1
105,1,2,13,0,0,0,0,0,0,0,0,18,3,0,0,1,0,0,0,0,0,-1,0,0,0,0,0,0,0,0,1
27,1,0,2,0,0,0,0,0,0,0,0,27,2,0,0,0,0,0,0,0,0,-1,0,0,1,0,0,0,0,0,1
92,2,2,1,0,0,0,0,0,0,0,0,17,3,0,0,1,5,0,0,1,0,-1,0,0,0,0,0,0,0,0,1
60,2,6,0,0,0,0,0,0,0,0,0,17,3,0,0,0,0,0,0,0,0,-1,0,0,0,0,0,0,0,0,1
16,1,0,0,0,0,0,0,0,0,0,0,16,3,0,0,0,0,0,0,0,0,-1,0,0,0,0,0,0,0,0,1
99,2,1,5,0,0,0,0,0,0,0,0,15,3,0,0,1,0,0,0,0,0,-1,0,0,0,0,0,0,0,0,1
59,4,4,1,0,0,0,0,0,0,0,2,20,2,0,0,1,0,0,0,0,0,0,0,0,0,0,0,0,0,0,1
29,1,2,0,0,0,0,0,0,0,0,0,10,3,0,0,0,0,0,0,0,0,-1,0,0,0,0,0,0,0,0,1
112,4,3,1,0,0,0,0,0,0,0,1,20,2,0,0,1,5,0,0,1,0,0,0,0,0,0,0,0,0,0,1
50,2,2,2,0,0,0,0,0,0,0,0,12,3,0,0,1,0,0,0,0,0,-1,0,0,0,0,0,0,0,0,1
109,3,3,2,0,0,0,0,0,0,0,1,15,2,0,0,1,5,0,0,1,0,0,0,0,0,0,0,0,0,0,1
118,3,4,0,0,0,0,0,0,0,0,1,19,3,0,0,1,5,0,0,1,0,0,0,0,0,0,0,0,0,0,1
131,3,9,7,0,0,0,0,0,0,0,0,14,3,0,0,1,0,0,0,0,0,0,0,1,0,0,1,0,0,0,1
63,3,3,1,0,0,0,0,0,0,0,1,24,3,0,0,0,0,0,0,0,0,-1,0,0,0,0,0,0,0,0,1
32,1,3,0,0,0,0,0,0,0,0,0,14,3,0,0,1,0,0,0,0,0,-1,0,0,0,0,0,0,0,0,1
102,2,5,9,0,0,0,0,0,0,0,1,21,2,0,0,0,0,0,0,0,0,0,0,0,0,0,0,0,0,0,1
163,1,4,5,0,0,0,0,0,0,0,0,21,3,0,0,1,5,0,0,1,0,-1,0,0,0,0,0,0,1,0,1
68,3,3,6,0,0,0,0,0,0,0,1,27,3,0,0,1,0,0,0,0,0,-1,0,0,0,0,0,0,0,0,1
58,3,3,0,0,0,0,0,0,0,0,1,17,3,0,0,0,3,0,0,1,0,0,0,0,0,0,0,0,0,0,1
47,2,2,0,0,0,0,0,0,0,0,1,20,3,0,0,0,0,0,0,0,0,-1,0,0,0,0,0,0,0,0,1
38,3,2,1,0,0,0,0,0,0,0,1,12,3,0,0,0,1,0,0,1,0,-1,0,0,0,0,0,0,0,0,1
61,2,2,0,0,0,0,0,0,0,0,0,16,3,0,0,0,3,0,0,1,0,-1,0,0,0,0,0,0,0,0,1
37,2,1,0,0,0,0,0,0,0,0,0,24,3,0,0,0,0,0,0,0,0,-1,0,0,0,0,0,0,0,0,1
63,1,4,3,0,0,0,0,0,0,0,0,14,3,0,0,1,0,0,0,0,0,-1,0,0,0,0,0,0,0,0,1
45,2,3,0,0,0,0,0,0,0,0,0,14,3,0,0,0,0,0,0,0,0,-1,0,0,0,0,0,0,0,0,1
66,1,3,4,0,0,0,0,0,0,0,0,17,3,0,0,1,0,0,0,0,0,-1,0,0,0,0,0,0,0,0,1
51,2,2,1,0,0,0,0,0,0,0,0,20,3,0,0,0,1,0,0,1,0,-1,0,0,0,0,0,0,0,0,1
39,2,2,0,0,0,0,0,0,0,0,0,12,2,0,0,1,1,0,0,1,0,-1,0,0,0,0,0,0,0,0,1
38,2,1,2,0,0,0,0,0,0,0,0,24,3,0,0,0,0,0,0,0,0,-1,0,0,0,0,0,0,0,0,1
12,1,0,0,0,0,0,0,0,0,0,0,12,3,0,0,0,0,0,0,0,0,-1,0,0,0,0,0,0,0,0,1
63,2,3,1,0,0,0,0,0,0,0,0,14,3,0,0,0,3,0,0,1,0,0,0,0,0,0,0,0,0,0,1
35,4,3,0,0,0,0,0,0,0,0,2,13,2,0,0,0,0,0,0,0,0,-1,0,0,0,0,0,0,0,0,1
16,1,0,0,0,0,0,0,0,0,0,0,16,3,0,0,0,0,0,0,0,0,-1,0,0,0,0,0,0,0,0,1
34,2,2,0,0,0,0,0,0,0,0,0,14,3,0,0,0,0,0,0,0,0,-1,0,0,0,0,0,0,0,0,1
103,3,3,0,0,0,0,0,0,0,0,0,23,2,0,0,0,5,0,0,1,0,0,0,0,0,0,0,0,0,0,1
54,1,4,2,0,0,0,0,0,0,0,0,12,3,0,0,1,0,0,0,0,0,-1,0,0,0,0,0,0,0,0,1
74,2,1,0,0,0,0,0,0,0,0,0,11,3,0,0,1,5,0,0,1,0,-1,0,0,0,0,0,0,0,0,1
72,1,5,3,0,0,0,0,0,0,0,0,19,3,0,0,1,0,0,0,0,0,0,0,0,0,0,0,0,0,0,1
45,1,2,3,0,0,0,0,0,0,0,0,18,3,0,0,1,0,0,0,0,0,-1,0,0,0,0,0,0,0,0,1
80,4,6,6,0,0,0,0,0,0,0,1,17,2,0,0,1,1,0,0,1,0,0,0,0,0,0,0,0,0,0,1
61,3,3,0,0,0,0,0,0,0,0,1,15,2,0,0,0,3,0,0,1,0,0,0,0,0,0,0,0,1,0,1
67,2,5,4,0,0,0,0,0,0,0,1,20,2,0,0,0,0,0,0,0,0,0,0,0,0,0,0,0,0,0,1
75,2,6,3,0,0,0,0,0,0,0,0,10,2,0,0,0,1,0,0,1,0,0,0,0,0,0,0,0,0,0,1
33,1,1,1,0,0,0,0,0,0,0,0,23,3,0,0,0,0,0,0,0,0,-1,0,0,0,0,0,0,0,0,1
65,2,6,4,0,0,0,0,0,0,0,1,29,3,0,0,0,0,0,0,0,0,0,0,0,0,0,0,0,0,0,1
64,1,3,1,0,0,0,0,0,0,0,0,12,3,0,0,1,1,0,0,1,0,-1,0,0,0,0,0,0,0,0,1
60,2,1,1,0,0,0,0,0,0,0,0,18,3,0,0,1,0,0,0,0,0,-1,0,0,0,0,0,0,0,0,1
18,3,0,0,0,0,0,0,0,0,0,2,18,3,0,0,0,0,0,0,0,0,-1,0,0,0,0,0,0,0,0,1
69,3,4,2,0,0,0,0,0,0,0,1,27,3,0,0,1,0,0,0,0,0,-1,0,0,0,0,0,0,0,0,1
40,1,4,0,0,0,0,0,0,0,0,0,13,3,0,0,1,1,0,0,1,0,-1,0,0,0,0,0,0,0,0,1
49,2,1,0,0,0,0,0,0,0,0,0,12,3,0,0,1,3,0,0,1,0,-1,0,0,0,0,0,0,0,0,1
21,2,0,0,0,0,0,0,0,0,0,1,21,3,0,0,0,0,0,0,0,0,-1,0,0,0,0,0,0,0,0,1
94,4,3,0,0,0,0,0,0,0,0,2,21,2,0,0,0,5,0,0,1,0,0,0,0,0,0,0,0,0,0,1
38,4,3,0,0,0,0,0,0,0,0,2,20,2,0,0,0,0,0,0,0,0,0,0,0,0,0,0,0,0,0,1
92,1,6,6,0,0,0,0,0,0,0,0,14,3,0,0,1,0,0,0,0,0,0,0,0,0,0,0,0,0,0,1
12,1,0,0,0,0,0,0,0,0,0,0,12,3,0,0,0,0,0,0,0,0,-1,0,0,0,0,0,0,0,0,1
65,3,4,2,0,0,0,0,0,0,0,1,32,3,0,0,0,0,0,0,0,0,0,0,0,0,0,0,0,0,0,1
121,3,3,0,0,0,0,0,0,0,0,1,20,3,0,0,0,5,0,0,1,0,0,0,0,0,0,0,0,0,0,1
58,1,4,3,0,0,0,0,0,0,0,0,11,3,0,0,0,0,0,0,0,0,-1,0,0,0,0,0,0,0,0,1
31,1,1,0,0,0,0,0,0,0,0,0,11,3,0,0,0,1,0,0,1,0,-1,0,0,0,0,0,0,0,0,1
45,2,2,1,0,0,0,0,0,0,0,1,16,3,0,0,0,0,0,0,0,0,-1,0,0,0,0,0,0,0,0,1
34,3,3,0,0,0,0,0,0,0,0,1,21,2,0,0,0,0,0,0,0,0,0,0,0,0,0,0,0,0,0,1
71,4,4,0,0,0,0,0,0,0,0,2,19,2,0,0,0,3,0,0,1,0,0,0,0,0,0,0,0,0,0,1
54,2,2,3,0,0,0,0,0,0,0,0,14,3,0,0,1,0,0,0,0,0,-1,0,0,0,0,0,0,0,0,1
32,1,3,0,0,0,0,0,0,0,0,0,10,3,0,0,1,1,0,0,1,0,-1,0,0,0,0,0,0,0,0,1
30,2,1,0,0,0,0,0,0,0,0,1,22,3,0,0,1,1,0,0,1,0,-1,0,0,0,0,0,0,0,0,1
57,2,2,0,0,0,0,0,0,0,0,1,16,3,0,0,0,0,0,0,0,0,-1,0,0,0,0,0,0,0,0,1
41,1,2,1,0,0,0,0,0,0,0,0,21,3,0,0,0,0,0,0,0,0,-1,0,0,0,0,0,0,0,0,1
34,1,2,0,0,0,0,0,0,0,0,0,18,3,0,0,0,0,0,0,0,0,-1,0,0,0,0,0,0,0,0,1
23,1,1,0,0,0,0,0,0,0,0,0,10,3,0,0,0,0,0,0,0,0,-1,0,0,0,0,0,0,0,0,1
121,3,5,0,0,0,0,0,0,0,0,0,10,2,0,0,1,0,0,0,0,0,0,0,0,0,0,0,0,0,0,1
31,1,1,0,0,0,0,0,0,0,0,0,11,3,0,0,0,1,0,0,1,0,-1,0,0,0,0,0,0,0,0,1
12,1,0,0,0,0,0,0,0,0,0,0,12,3,0,0,0,0,0,0,0,0,-1,0,0,0,0,0,0,0,0,1
12,1,0,0,0,0,0,0,0,0,0,0,12,3,0,0,0,0,0,0,0,0,-1,0,0,0,0,0,0,0,0,1
45,1,3,1,0,0,0,0,0,0,0,0,11,3,0,0,1,0,0,0,0,0,-1,0,0,0,0,0,0,0,0,1
150,2,5,15,0,0,0,0,0,0,0,0,15,3,0,0,1,0,0,0,0,0,-1,0,0,0,0,0,0,0,0,1
62,2,3,3,0,0,0,0,0,0,0,1,18,3,0,0,0,0,0,0,0,0,-1,0,0,0,0,0,0,0,0,1
12,1,0,0,0,0,0,0,0,0,0,0,12,3,0,0,0,0,0,0,0,0,-1,0,0,0,0,0,0,0,0,1
81,2,3,0,0,0,0,0,0,0,0,0,11,3,0,0,0,0,0,0,0,0,-1,0,0,0,0,0,0,0,0,1
121,2,6,11,0,0,0,0,0,0,0,0,11,3,0,0,1,1,0,0,1,0,0,1,0,0,0,0,0,0,0,1
77,3,7,0,0,0,0,0,0,0,0,1,20,3,0,0,1,2,0,0,1,0,0,0,0,0,0,0,0,1,0,1
49,1,3,3,0,0,0,0,0,0,0,0,9,3,0,0,0,0,0,0,0,0,-1,0,0,0,0,0,0,0,0,1
66,2,3,4,0,0,0,0,0,0,0,0,14,3,0,0,1,0,0,0,0,0,-1,0,0,0,0,0,0,0,0,1
28,3,2,0,0,0,0,0,0,0,0,1,15,3,0,0,0,0,0,0,0,0,-1,0,0,0,0,0,0,0,0,1
98,4,3,0,0,0,0,0,0,0,0,2,20,2,0,0,0,5,0,0,1,0,0,0,0,0,0,0,0,0,0,1
44,1,3,0,0,0,0,0,0,0,0,0,10,3,0,0,1,0,0,0,0,0,-1,0,0,0,0,0,0,0,0,1
103,2,5,7,0,0,0,0,0,0,0,0,12,2,0,0,0,0,0,0,0,0,0,0,0,0,0,0,0,0,0,1
75,3,4,0,0,0,0,0,0,0,0,1,23,3,0,0,1,0,0,0,0,0,-1,0,0,0,0,0,0,0,0,1
86,2,4,9,0,0,0,0,0,0,0,0,12,3,0,0,0,0,0,0,0,0,0,0,0,0,0,0,0,0,0,1
34,2,3,0,0,0,0,0,0,0,0,0,11,3,0,0,0,0,0,0,0,0,-1,0,0,0,0,0,0,0,0,1
69,2,3,0,0,0,0,0,0,0,0,0,19,3,0,0,1,1,0,0,1,0,-1,0,1,0,0,0,0,0,0,1
83,2,5,9,0,0,0,0,0,0,0,0,7,2,0,0,1,0,0,0,0,0,0,0,0,0,0,0,0,0,0,1
98,4,3,0,0,0,0,0,0,0,0,2,24,2,0,0,0,5,0,0,1,0,0,0,0,0,0,0,0,0,0,1
49,2,3,0,0,0,0,0,0,0,0,0,12,3,0,0,0,0,0,0,0,0,-1,0,0,0,0,0,0,0,0,1
80,1,3,0,0,0,0,0,0,0,0,0,9,4,0,0,1,5,0,0,0,0,0,0,0,0,0,0,0,1,0,1
122,4,8,13,0,0,0,0,0,0,0,2,19,2,0,0,1,0,0,0,0,0,0,0,0,0,0,1,0,0,0,1
95,1,5,6,0,0,0,0,0,0,0,0,19,3,0,0,1,0,0,0,0,0,-1,0,0,0,0,0,0,0,0,1
35,1,4,0,0,0,0,0,0,0,0,0,6,3,0,0,0,0,0,0,0,0,-1,0,0,0,0,0,0,0,0,1
18,1,0,1,0,0,0,0,0,0,0,0,18,3,0,0,0,0,0,0,0,0,-1,0,0,0,0,0,0,0,0,1
16,1,0,0,0,0,0,0,0,0,0,0,16,3,0,0,0,0,0,0,0,0,-1,0,0,0,0,0,0,0,0,1
58,1,4,3,0,0,0,0,0,0,0,0,12,3,0,0,1,0,0,0,0,0,-1,0,0,0,0,0,0,0,0,1
23,1,2,0,0,0,0,0,0,0,0,0,8,3,0,0,1,0,0,0,0,0,-1,0,0,0,0,0,0,0,0,1
34,3,1,1,0,0,0,0,0,0,0,1,23,2,0,0,0,0,0,0,0,0,-1,0,0,0,0,0,0,0,0,1
47,2,2,0,0,0,0,0,0,0,0,0,7,2,0,0,1,3,0,0,1,0,-1,0,1,0,0,0,0,0,0,1
20,2,0,0,0,0,0,0,0,0,0,1,20,2,0,0,0,0,0,0,0,0,-1,0,0,0,0,0,0,0,0,1
54,2,2,0,0,0,0,0,0,0,0,1,16,3,0,0,0,0,0,0,0,0,-1,0,0,0,0,0,0,0,0,1
88,3,4,11,0,0,0,0,0,0,0,1,15,2,0,0,1,0,0,0,0,0,0,0,0,0,0,0,0,0,0,1
85,1,5,0,0,0,0,0,0,0,0,0,9,2,0,0,0,5,0,0,0,0,0,0,0,0,0,0,0,1,0,1
85,3,3,1,0,0,0,0,0,0,0,1,20,2,0,0,0,5,0,0,1,0,0,0,0,0,0,0,0,0,0,1
50,3,4,2,0,0,0,0,0,0,0,1,17,2,0,0,0,0,0,0,0,0,0,0,0,0,0,0,0,0,0,1
39,3,4,0,0,0,0,0,0,0,0,1,19,3,0,0,0,0,0,0,0,0,0,0,0,0,0,0,0,0,0,1
44,1,2,0,0,0,0,0,0,0,0,0,21,3,0,0,0,0,0,0,0,0,-1,0,0,0,0,0,0,0,0,1
15,1,0,0,0,0,0,0,0,0,0,0,15,3,0,0,0,0,0,0,0,0,-1,0,0,0,0,0,0,0,0,1
54,2,2,0,0,0,0,0,0,0,0,0,16,3,0,0,0,0,0,0,0,0,-1,0,0,0,0,0,0,0,0,1
16,1,0,0,0,0,0,0,0,0,0,0,16,3,0,0,0,0,0,0,0,0,-1,0,0,0,0,0,0,0,0,1
29,2,2,0,0,0,0,0,0,0,0,0,11,3,0,0,0,0,0,0,0,0,-1,0,0,0,0,0,0,0,0,1
49,2,3,1,0,0,0,0,0,0,0,0,20,3,0,0,0,0,0,0,0,0,-1,0,0,0,0,0,0,0,0,1
15,1,0,0,0,0,0,0,0,0,0,0,15,3,0,0,0,0,0,0,0,0,-1,0,0,0,0,0,0,0,0,1
60,4,3,0,0,0,0,0,0,0,0,1,15,2,0,0,0,2,0,0,1,0,0,0,0,0,0,0,0,1,0,1
112,2,5,1,0,0,0,0,0,0,0,0,15,2,0,0,1,4,0,0,0,0,0,0,0,0,0,0,0,1,0,1
68,3,5,5,0,0,0,0,0,0,0,1,13,2,0,0,0,0,0,0,0,0,0,0,0,0,0,0,0,0,0,1
17,1,0,0,0,0,0,0,0,0,0,0,17,3,0,0,0,0,0,0,0,0,-1,0,0,0,0,0,0,0,0,1
39,1,5,1,0,0,0,0,0,0,0,0,12,3,0,0,0,0,0,0,0,0,-1,0,0,0,0,0,0,0,0,1
52,2,2,2,0,0,0,0,0,0,0,0,17,3,0,0,0,0,0,0,1,0,-1,0,0,0,0,0,0,0,0,1
47,3,5,0,0,0,0,0,0,0,0,2,22,2,0,0,0,0,0,0,0,0,0,0,0,0,0,0,0,0,0,1
38,1,2,3,0,0,0,0,0,0,0,0,9,3,0,0,0,0,0,0,0,0,-1,0,0,0,0,0,0,0,0,1
71,1,3,0,0,0,0,0,0,0,0,0,9,4,0,0,1,5,0,0,0,0,0,0,0,0,0,0,0,1,0,1
11,1,0,0,0,0,0,0,0,0,0,0,11,3,0,0,0,0,0,0,0,0,-1,0,0,0,0,0,0,0,0,1
29,2,1,0,0,0,0,0,0,0,0,0,11,3,0,0,1,1,0,0,1,0,-1,0,0,0,0,0,0,0,0,1
37,2,1,0,0,0,0,0,0,0,0,0,26,3,0,0,0,0,0,0,0,0,-1,0,0,0,0,0,0,0,0,1
38,1,0,0,0,0,0,0,0,0,0,0,38,3,0,0,0,0,0,0,0,0,-1,0,0,0,0,0,0,0,0,1
26,1,2,0,0,0,0,0,0,0,0,0,13,3,0,0,0,0,0,0,0,0,-1,0,0,0,0,0,0,0,0,1
39,2,1,1,0,0,0,0,0,0,0,0,13,3,0,0,0,0,0,0,0,0,-1,0,0,0,0,0,0,0,0,1
50,2,1,5,0,0,0,0,0,0,0,0,21,3,0,0,0,0,0,0,0,0,-1,0,0,0,0,0,0,0,0,1
17,1,0,0,0,0,0,0,0,0,0,0,17,2,0,0,0,0,0,0,0,0,-1,0,0,0,0,0,0,0,0,1
175,3,3,5,0,0,0,0,0,0,0,1,18,3,0,0,1,5,0,0,1,0,0,0,0,0,0,0,0,0,0,1
26,2,2,1,0,0,0,0,0,0,0,1,16,3,0,0,0,0,0,0,0,0,-1,0,0,0,0,0,0,0,0,1
56,3,4,1,0,0,0,0,0,0,0,0,17,3,0,0,1,0,0,0,0,0,-1,0,0,0,0,0,0,0,0,1
77,2,1,8,0,0,0,0,0,0,0,0,15,3,0,0,1,0,0,0,0,0,-1,0,0,0,0,0,0,0,0,1
45,3,4,0,0,0,0,0,0,0,0,1,16,2,0,0,1,0,0,0,0,0,0,0,0,0,0,0,0,0,0,1
13,2,0,0,0,0,0,0,0,0,0,1,13,2,0,0,0,0,0,0,0,0,-1,0,0,0,0,0,0,0,0,1
164,2,6,0,0,0,1,0,0,0,0,1,21,3,0,0,0,1,0,0,1,0,0,0,0,0,0,0,0,0,0,1
45,2,3,0,0,0,0,0,0,0,0,0,11,3,0,0,0,0,0,0,0,0,-1,0,0,0,0,0,0,0,0,1
78,3,3,0,0,0,0,0,0,0,0,1,18,2,0,0,0,5,0,0,1,0,0,0,0,0,0,0,0,0,0,1
37,2,2,0,0,0,0,0,0,0,0,1,16,3,0,0,0,0,0,0,0,0,-1,0,0,0,0,0,0,0,0,1
55,3,2,0,0,0,0,0,0,0,0,1,18,2,0,0,0,0,0,0,0,0,-1,0,0,0,0,0,0,0,0,1
88,1,4,10,0,0,0,0,0,0,0,0,11,3,0,0,1,0,0,0,0,0,0,0,0,0,0,0,0,0,0,1
12,1,0,0,0,0,0,0,0,0,0,0,12,3,0,0,0,0,0,0,0,0,-1,0,0,0,0,0,0,0,0,1
53,3,4,1,0,0,0,0,0,0,0,1,23,2,0,0,0,0,0,0,0,0,0,0,0,0,0,0,0,0,0,1
69,2,2,0,0,0,0,0,0,0,0,1,16,3,0,0,0,1,0,0,0,0,-1,0,0,0,0,0,0,1,0,1
32,2,2,2,0,0,0,0,0,0,0,0,11,3,0,0,1,0,0,0,0,0,-1,0,0,0,0,0,0,0,0,1
102,1,6,11,0,0,0,0,0,0,0,0,10,3,0,0,1,0,0,0,0,0,0,0,0,0,0,0,0,0,0,1
41,1,5,1,0,0,0,0,0,0,0,0,12,3,0,0,0,0,0,0,0,0,-1,0,0,0,0,0,0,0,0,1
18,1,0,0,0,0,0,0,0,0,0,0,18,4,0,0,0,0,0,0,0,0,-1,0,0,0,0,0,0,0,0,1
90,1,10,0,0,0,0,0,0,0,0,0,6,2,0,0,0,0,0,0,0,0,0,0,0,0,0,1,0,0,0,1
22,1,1,1,0,0,0,0,0,0,0,0,10,3,0,0,0,0,0,0,0,0,-1,0,0,0,0,0,0,0,0,1
38,3,2,0,0,0,0,0,0,0,0,1,16,3,0,0,0,0,0,0,0,0,-1,0,0,0,0,0,0,0,0,1
208,3,6,0,0,0,0,0,0,0,0,1,13,2,0,0,0,4,0,0,1,0,0,0,0,0,0,0,0,0,0,1
102,2,7,6,0,0,0,0,0,0,0,0,17,3,0,0,0,0,0,0,0,0,0,0,0,0,0,0,0,0,0,1
19,2,0,0,0,0,0,0,0,0,0,1,19,4,0,0,0,0,0,0,0,0,-1,0,0,0,0,0,0,0,0,1
36,1,2,2,0,0,0,0,0,0,0,0,11,3,0,0,0,0,0,0,0,0,-1,0,0,0,0,0,0,0,0,1
82,3,3,0,0,0,0,0,0,0,0,1,18,2,0,0,0,5,0,0,1,0,0,0,0,0,0,0,0,0,0,1
99,3,3,2,0,0,0,0,0,0,0,1,34,2,0,0,0,5,0,0,1,0,0,0,0,0,0,0,0,0,0,1
52,7,2,0,0,0,1,0,0,0,1,5,45,3,0,0,1,0,0,0,0,0,0,0,0,0,0,0,0,0,0,1
25,2,2,0,0,0,0,0,0,0,0,1,10,3,0,0,0,0,0,0,0,0,-1,0,0,0,0,0,0,0,0,1
54,1,3,0,0,0,0,0,0,0,0,0,17,3,0,0,0,1,0,0,1,0,-1,0,0,0,0,0,0,0,0,1
130,2,4,13,0,0,0,0,0,0,0,0,13,3,0,0,1,2,0,0,0,0,-1,0,0,0,0,0,0,1,0,1
33,1,2,1,0,0,0,0,0,0,0,0,12,3,0,0,0,0,0,0,0,0,-1,0,0,0,0,0,0,0,0,1
50,2,1,2,0,0,0,0,0,0,0,1,36,3,0,0,0,0,0,0,0,0,-1,0,0,0,0,0,0,0,0,1
31,2,1,0,0,0,0,0,0,0,0,1,22,3,0,0,0,0,0,0,0,0,-1,0,0,0,0,0,0,0,0,1
52,2,4,0,0,0,0,0,0,0,0,0,21,3,0,0,1,0,0,0,0,0,-1,0,0,0,0,0,0,0,0,1
50,2,3,0,0,0,0,0,0,0,0,0,18,3,0,0,1,0,0,0,0,0,-1,0,0,0,0,0,0,0,0,1
94,2,4,8,0,0,0,0,0,0,0,0,12,3,0,0,0,0,0,0,0,0,0,0,0,0,0,0,0,0,0,1
61,1,2,4,0,0,0,0,0,0,0,0,15,3,0,0,1,0,0,0,0,0,-1,0,0,0,0,0,0,0,0,1
23,1,2,0,0,0,0,0,0,0,0,0,8,3,0,0,1,0,0,0,0,0,-1,0,0,0,0,0,0,0,0,1
16,1,1,0,0,0,0,0,0,0,0,0,6,3,0,0,0,0,0,0,0,0,-1,0,0,0,0,0,0,0,0,1
62,2,1,3,0,0,0,0,0,0,0,0,8,3,0,0,1,0,0,0,0,0,-1,0,0,0,0,0,0,0,0,1
33,3,3,0,0,0,0,0,0,0,0,1,11,2,0,0,0,1,0,0,1,0,0,0,0,0,0,0,0,0,0,1
95,2,2,8,0,0,0,0,0,0,0,0,14,3,0,0,1,0,0,0,0,0,-1,0,0,0,0,0,0,0,0,1
30,2,0,0,0,0,0,0,0,0,0,1,30,3,0,0,0,0,0,0,0,0,-1,0,0,0,0,0,0,0,0,1
41,3,3,1,0,0,0,0,0,0,0,1,14,3,0,0,0,0,0,0,0,0,0,0,0,0,0,0,0,0,0,1
21,1,1,0,0,0,0,0,0,0,0,0,11,3,0,0,0,0,0,0,0,0,-1,0,0,0,0,0,0,0,0,1
69,3,7,1,0,0,0,0,0,0,0,2,24,2,0,0,1,0,0,0,0,0,0,0,0,0,0,0,0,0,0,1
40,2,2,0,0,0,0,0,0,0,0,0,19,3,0,0,0,0,0,0,0,0,-1,0,0,0,0,0,0,0,0,1
20,2,0,0,0,0,0,0,0,0,0,1,20,3,0,0,0,0,0,0,0,0,-1,0,0,0,0,0,0,0,0,1
23,2,0,0,0,0,0,0,0,0,0,1,23,2,0,0,0,0,0,0,0,0,-1,0,0,0,0,0,0,0,0,1
34,1,2,2,0,0,0,0,0,0,0,0,14,3,0,0,0,0,0,0,0,0,-1,0,0,0,0,0,0,0,0,1
37,1,3,1,0,0,0,0,0,0,0,0,10,3,0,0,0,0,0,0,0,0,-1,0,0,0,0,0,0,0,0,1
15,1,0,0,0,0,0,0,0,0,0,0,15,3,0,0,0,0,0,0,0,0,-1,0,0,0,0,0,0,0,0,1
40,2,3,0,0,0,0,0,0,0,0,0,15,3,0,0,1,0,0,0,0,0,-1,0,0,0,0,0,0,0,0,1
23,1,1,1,0,0,0,0,0,0,0,0,10,3,0,0,1,0,0,0,0,0,-1,0,0,0,0,0,0,0,0,1
54,1,3,3,0,0,0,0,0,0,0,0,18,3,0,0,1,0,0,0,0,0,-1,0,0,0,0,0,0,0,0,1
55,1,3,2,0,0,0,0,0,0,0,0,12,3,0,0,1,0,0,0,0,0,-1,0,0,0,0,0,0,0,0,1
44,2,2,0,0,0,0,0,0,0,0,0,10,3,0,0,1,0,0,0,0,0,-1,0,0,0,0,0,0,0,0,1
85,1,5,7,0,0,0,0,0,0,0,0,6,3,0,0,0,0,0,0,0,0,0,0,0,0,0,0,0,0,0,1
76,3,7,1,0,0,0,0,0,0,0,1,21,2,0,0,0,0,0,0,0,0,0,0,0,0,0,0,0,0,0,1
146,11,4,0,0,0,0,0,0,0,0,0,12,3,0,0,1,1,0,0,1,0,0,0,0,0,0,0,0,0,0,1
73,2,1,10,0,0,0,0,0,0,0,0,12,3,0,0,1,0,0,0,0,0,-1,0,0,0,0,0,0,0,0,1
46,2,5,1,0,0,0,0,0,0,0,1,15,3,0,0,0,0,0,0,0,0,-1,0,0,0,0,0,0,0,0,1
73,1,2,8,0,0,0,0,0,0,0,0,12,3,0,0,1,0,0,0,0,0,-1,0,0,0,0,0,0,0,0,1
123,2,3,4,0,0,0,0,0,0,0,0,22,3,0,0,0,5,0,0,1,0,0,0,0,0,0,0,0,0,0,1
22,2,1,0,0,0,0,0,0,0,0,0,10,3,0,0,0,0,0,0,0,0,-1,0,0,0,0,0,0,0,0,1
59,2,1,6,0,0,0,0,0,0,0,0,10,3,0,0,0,0,0,0,0,0,-1,0,0,0,0,0,0,0,0,1
36,1,2,0,0,0,0,0,0,0,0,0,11,3,0,0,0,2,0,0,0,0,-1,0,0,0,0,0,0,1,0,1
81,3,3,0,0,0,0,0,0,0,0,1,16,2,0,0,0,5,0,0,1,0,0,0,0,0,0,0,0,0,0,1
98,1,3,0,0,0,0,0,0,0,0,0,9,4,0,0,1,5,0,0,0,0,0,0,0,0,0,0,0,1,0,1
30,1,1,1,0,0,0,0,0,0,0,0,18,3,0,0,0,0,0,0,0,0,-1,0,0,0,0,0,0,0,0,1
51,3,4,2,0,0,0,0,0,0,0,1,18,2,0,0,0,0,0,0,0,0,0,0,0,0,0,0,0,0,0,1
34,3,1,1,0,0,0,0,0,0,0,1,22,2,0,0,0,0,0,0,0,0,-1,0,0,0,0,0,0,0,0,1
71,2,1,0,0,0,0,0,0,0,0,1,20,3,0,0,1,1,0,0,0,0,-1,0,0,0,0,0,0,1,0,1
54,1,1,0,0,0,0,0,0,0,0,0,12,3,0,0,0,1,0,0,1,0,-1,0,0,0,0,0,0,0,0,1
54,2,2,1,0,0,0,0,0,0,0,0,20,3,0,0,1,3,0,0,1,0,-1,0,0,0,0,0,0,0,0,1
51,1,4,0,0,0,0,0,0,0,0,0,11,3,0,0,0,2,0,0,0,0,-1,0,0,0,0,0,0,1,0,1
41,2,1,0,0,0,0,0,0,0,0,0,25,3,0,0,0,1,0,0,1,0,-1,0,0,0,0,0,0,0,0,1
86,1,6,5,0,0,0,0,0,0,0,0,14,3,0,0,1,0,0,0,0,0,0,0,0,0,0,0,0,0,0,1
36,1,2,2,0,0,0,0,0,0,0,0,10,3,0,0,0,0,0,0,0,0,-1,0,0,0,0,0,0,0,0,1
69,1,3,5,0,0,0,0,0,0,0,0,12,3,0,0,1,0,0,0,0,0,-1,0,0,0,0,0,0,0,0,1
45,2,4,0,0,0,0,0,0,0,0,0,10,3,0,0,1,1,0,0,1,0,0,0,0,0,0,0,0,0,0,1
69,2,3,0,0,0,0,0,0,0,0,0,19,3,0,0,1,1,0,0,1,0,-1,0,1,0,0,0,0,0,0,1
78,1,5,4,0,0,0,0,0,0,0,0,10,3,0,0,1,5,0,0,0,0,-1,0,0,0,0,0,0,1,0,1
70,1,5,3,0,0,0,0,0,0,0,0,21,3,0,0,1,0,0,0,0,0,-1,0,0,0,0,0,0,0,0,1
18,1,1,0,0,0,0,0,0,0,0,0,10,3,0,0,0,0,0,0,0,0,-1,0,0,0,0,0,0,0,0,1
33,1,4,0,0,0,0,0,0,0,0,0,12,3,0,0,0,0,0,0,0,0,-1,0,0,0,0,0,0,0,0,1
121,3,3,1,0,0,0,0,0,0,0,1,21,2,0,0,0,5,0,0,1,0,0,0,0,0,0,0,0,0,0,1
79,2,7,2,0,0,0,0,0,0,0,0,11,3,0,0,0,0,0,0,0,0,0,0,0,0,0,0,0,0,0,1
31,1,1,0,0,0,0,0,0,0,0,0,11,3,0,0,0,1,0,0,1,0,-1,0,0,0,0,0,0,0,0,1
15,1,0,0,0,0,0,0,0,0,0,0,15,3,0,0,0,0,0,0,0,0,-1,0,0,0,0,0,0,0,0,1
98,8,8,0,0,0,1,0,1,0,0,1,14,2,0,0,0,0,0,0,0,0,0,0,0,0,0,1,0,0,0,1
11,1,0,0,0,0,0,0,0,0,0,0,11,3,0,0,0,0,0,0,0,0,-1,0,0,0,0,0,0,0,0,1
48,3,2,2,0,0,0,0,0,0,0,1,16,2,0,0,1,0,0,0,0,0,-1,0,0,0,0,0,0,0,0,1
22,1,0,0,0,0,0,0,0,0,0,0,22,3,0,0,0,0,0,0,0,0,-1,0,0,0,0,0,0,0,0,1
38,2,2,1,0,0,0,0,0,0,0,0,9,3,0,0,1,1,0,0,1,0,-1,0,0,0,0,0,0,0,0,1
46,1,3,0,0,0,0,0,0,0,0,0,16,3,0,0,0,0,0,0,0,0,-1,0,0,0,0,0,0,0,0,1
126,2,7,4,0,0,0,0,0,0,0,1,19,3,0,0,0,5,0,0,1,0,0,0,0,0,0,0,0,0,0,1
75,2,4,0,0,0,0,0,0,0,0,0,19,3,0,0,1,0,0,0,0,0,-1,0,0,0,0,0,0,0,0,1
21,1,2,0,0,0,0,0,0,0,0,0,8,3,0,0,0,0,0,0,0,0,-1,0,0,0,0,0,0,0,0,1
116,5,4,0,0,0,0,0,0,0,0,0,12,3,0,0,1,1,0,0,1,0,0,0,0,0,0,0,0,0,0,1
42,1,2,3,0,0,0,0,0,0,0,0,14,3,0,0,0,0,0,0,0,0,-1,0,0,0,0,0,0,0,0,1
117,1,4,11,0,0,0,0,0,0,0,0,19,3,0,0,1,0,0,0,0,0,-1,0,0,0,0,0,0,0,0,1
10,1,0,0,0,0,0,0,0,0,0,0,10,3,0,0,0,0,0,0,0,0,-1,0,0,0,0,0,0,0,0,1
59,3,4,2,0,0,0,0,0,0,0,1,16,2,0,0,0,0,0,0,0,0,0,0,0,0,0,0,0,0,0,1
23,1,1,1,0,0,0,0,0,0,0,0,10,3,0,0,1,0,0,0,0,0,-1,0,0,0,0,0,0,0,0,1
65,2,5,4,0,0,0,0,0,0,0,1,15,3,0,0,1,1,0,0,0,0,-1,0,0,0,0,0,0,1,0,1
23,1,1,0,0,0,0,0,0,0,0,0,10,3,0,0,0,0,0,0,0,0,-1,0,0,0,0,0,0,0,0,1
38,1,2,0,0,0,0,0,0,0,0,0,18,3,0,0,0,0,0,0,0,0,-1,0,0,0,0,0,0,0,0,1
37,1,2,0,0,0,0,0,0,0,0,0,14,3,0,0,0,0,0,0,0,0,-1,0,0,0,0,0,0,0,0,1
113,1,4,11,1,0,0,0,0,0,0,0,10,3,0,1,0,1,0,0,1,0,0,0,0,0,0,0,0,0,0,1
74,2,4,8,0,0,0,0,0,0,0,0,11,3,0,0,0,0,0,0,0,0,-1,0,0,0,0,0,0,0,0,1
83,1,3,0,0,0,0,0,0,0,0,0,9,4,0,0,1,5,0,0,0,0,0,0,0,0,0,0,0,1,0,1
34,2,1,2,0,0,0,0,0,0,0,0,13,3,0,0,0,0,0,0,0,0,-1,0,0,0,0,0,0,0,0,1
33,2,1,0,0,0,0,0,0,0,0,1,20,3,0,0,0,0,0,0,0,0,-1,0,0,0,0,0,0,0,0,1
14,1,1,0,0,0,0,0,0,0,0,0,6,3,0,0,0,0,0,0,0,0,-1,0,0,0,0,0,0,0,0,1
11,1,0,0,0,0,0,0,0,0,0,0,11,2,0,0,0,0,0,0,0,0,-1,0,0,0,0,0,0,0,0,1
31,1,1,0,0,0,0,0,0,0,0,0,11,3,0,0,0,1,0,0,1,0,-1,0,0,0,0,0,0,0,0,1
39,2,1,0,0,0,0,0,0,0,0,1,20,3,0,0,0,0,0,0,0,0,-1,0,0,0,0,0,0,0,0,1
12,1,0,0,0,0,0,0,0,0,0,0,12,3,0,0,0,0,0,0,0,0,-1,0,0,0,0,0,0,0,0,1
71,4,7,0,0,0,0,0,0,0,0,2,19,3,0,0,0,0,0,0,0,0,0,0,0,0,0,0,0,0,0,1
25,3,0,0,0,0,0,0,0,0,0,2,25,2,0,0,0,0,0,0,0,0,-1,0,0,0,0,0,0,0,0,1
131,1,5,12,0,0,0,0,0,0,0,0,19,3,0,0,1,0,0,0,0,0,-1,0,0,0,0,0,0,0,0,1
16,2,0,0,0,0,0,0,0,0,0,1,16,3,0,0,0,0,0,0,0,0,-1,0,0,0,0,0,0,0,0,1
29,1,2,0,0,0,0,0,0,0,0,0,9,3,0,0,0,0,0,0,0,0,-1,0,0,0,0,0,0,0,0,1
39,1,6,0,0,0,0,0,0,0,0,0,14,3,0,0,1,0,0,0,0,0,-1,0,0,0,0,0,0,0,0,1
103,2,4,0,0,0,0,0,0,0,0,0,19,3,0,0,1,0,0,0,0,0,-1,0,0,0,0,0,0,0,0,1
81,3,3,5,0,0,0,0,0,0,0,1,30,3,0,0,1,0,0,0,0,0,-1,0,0,0,0,0,0,0,0,1
46,4,3,0,0,0,0,0,0,0,0,2,28,2,0,0,0,0,0,0,0,0,0,0,0,0,0,0,0,0,0,1
104,1,4,12,0,0,0,0,0,0,0,0,6,3,0,0,1,0,0,0,0,0,0,0,0,0,0,0,0,0,0,1
41,2,2,1,0,0,0,0,0,0,0,0,20,3,0,0,1,0,0,0,0,0,-1,0,0,0,0,0,0,0,0,1
70,1,2,7,0,0,0,0,0,0,0,0,14,3,0,0,1,0,0,0,0,0,-1,0,0,0,0,0,0,0,0,1
31,1,2,0,0,0,0,0,0,0,0,0,11,3,0,0,0,0,0,0,0,0,-1,0,0,0,0,0,0,0,0,1
43,3,2,0,0,0,0,0,0,0,0,1,12,3,0,0,0,0,0,0,0,0,-1,0,0,0,0,0,0,0,0,1
25,2,0,0,0,0,0,0,0,0,0,1,25,3,0,0,0,0,0,0,0,0,-1,0,0,0,0,0,0,0,0,1
61,3,3,0,0,0,0,0,0,0,0,1,28,3,0,0,0,0,0,0,1,0,-1,0,0,0,0,0,0,0,0,1
64,1,3,4,0,0,0,0,0,0,0,0,10,3,0,0,1,0,0,0,0,0,-1,0,0,0,0,0,0,0,0,1
34,1,2,0,0,0,0,0,0,0,0,0,19,3,0,0,1,1,0,0,1,0,-1,0,0,0,0,0,0,0,0,1
30,2,1,0,0,0,0,0,0,0,0,0,17,3,0,0,0,0,0,0,0,0,-1,0,0,0,0,0,0,0,0,1
68,1,1,8,0,0,0,0,0,0,0,0,14,3,0,0,1,0,0,0,0,0,-1,0,0,0,0,0,0,0,0,1
25,1,1,0,0,0,0,0,0,0,0,0,10,3,0,0,0,0,0,0,0,0,-1,0,0,0,0,0,0,0,0,1
34,1,4,0,0,0,0,0,0,0,0,0,12,3,0,0,0,0,0,0,0,0,-1,0,0,0,0,0,0,0,0,1
88,1,5,7,0,0,0,0,0,0,0,0,9,3,0,0,1,0,0,0,0,0,-1,0,0,0,0,0,0,0,0,1
243,3,5,0,0,0,0,0,0,0,0,1,22,3,0,0,0,0,0,0,0,0,0,0,0,0,0,0,0,0,0,1
93,2,5,9,0,0,0,0,0,0,0,0,14,3,0,0,0,0,0,0,0,0,0,0,0,0,0,0,0,0,0,1
50,1,2,3,0,0,0,0,0,0,0,0,14,3,0,0,0,0,0,0,0,0,-1,0,0,0,0,0,0,0,0,1
158,1,5,5,0,0,0,0,0,0,0,0,9,3,0,0,0,5,0,0,0,0,0,0,0,0,0,0,0,1,0,1
111,1,5,0,0,0,0,0,0,0,0,0,7,2,0,0,1,5,0,0,1,0,0,0,0,0,0,0,0,0,0,1
40,2,4,0,0,0,0,0,0,0,0,0,13,3,0,0,0,0,0,0,0,0,0,0,0,0,0,0,0,0,0,1
105,4,8,0,0,0,0,0,0,0,0,1,19,3,0,0,0,1,0,0,0,0,0,0,0,0,0,1,0,1,0,1
32,2,0,0,0,0,0,0,0,0,0,1,32,3,0,0,0,0,0,0,0,0,-1,0,0,0,0,0,0,0,0,1
80,1,3,0,0,0,0,0,0,0,0,0,9,4,0,0,1,5,0,0,0,0,0,0,0,0,0,0,0,1,0,1
130,3,5,0,0,0,0,0,0,0,0,1,18,2,0,0,0,3,0,0,1,0,0,0,0,0,0,0,0,0,0,1
98,5,5,2,0,0,0,0,0,0,0,0,23,2,0,1,0,2,0,0,1,0,0,0,0,0,0,0,0,1,0,1
53,2,2,0,0,0,0,0,0,0,0,0,25,3,0,0,1,1,0,0,1,0,-1,0,0,0,0,0,0,0,0,1
79,2,4,5,0,0,0,0,0,0,0,1,25,3,0,0,1,0,0,0,0,0,-1,0,0,0,0,0,0,0,0,1
30,2,1,0,0,0,0,0,0,0,0,0,17,3,0,0,0,0,0,0,0,0,-1,0,0,0,0,0,0,0,0,1
74,2,3,2,0,0,0,0,0,0,0,0,10,3,0,0,1,3,0,0,1,0,-1,0,0,0,0,0,0,0,0,1
77,2,3,0,0,0,0,0,0,0,0,0,21,3,0,0,1,0,0,0,0,0,-1,0,0,0,0,0,0,0,0,1
65,2,1,4,0,0,0,0,0,0,0,0,30,3,0,0,0,0,0,0,0,0,-1,0,0,0,0,0,0,0,0,1
57,1,3,2,0,0,0,0,0,0,0,0,16,3,0,0,1,0,0,0,0,0,-1,0,0,0,0,0,0,0,0,1
63,1,1,6,0,0,0,0,0,0,0,0,16,3,0,0,0,0,0,0,0,0,-1,0,0,0,0,0,0,0,0,1
43,2,2,0,0,0,0,0,0,0,0,1,16,3,0,0,0,0,0,0,0,0,-1,0,0,0,0,0,0,0,0,1
148,4,3,0,0,0,0,0,0,0,0,0,16,3,0,0,0,5,0,0,1,0,0,0,0,0,0,0,0,0,0,1
124,3,3,4,0,0,0,0,0,0,0,1,20,2,0,0,1,5,0,0,1,0,0,0,0,0,0,0,0,0,0,1
73,1,5,5,0,0,0,0,0,0,0,0,14,3,0,0,1,0,0,0,0,0,-1,0,0,0,0,0,0,0,0,1
43,1,3,1,0,0,0,0,0,0,0,0,12,3,0,0,1,0,0,0,0,0,-1,0,0,0,0,0,0,0,0,1
83,3,3,0,0,0,0,0,0,0,0,1,22,2,0,0,0,5,0,0,1,0,0,0,0,0,0,0,0,0,0,1
50,2,3,0,0,0,0,0,0,0,0,1,28,3,0,0,0,0,0,0,0,0,0,0,0,0,0,0,0,0,0,1
132,3,3,2,0,0,0,0,0,0,0,1,25,2,0,0,0,5,0,0,1,0,0,0,0,0,0,0,0,0,0,1
72,2,5,6,0,0,0,0,0,0,0,0,10,3,0,0,1,0,0,0,0,0,-1,0,0,0,0,0,0,0,0,1
26,2,2,0,0,0,0,0,0,0,0,1,16,3,0,0,0,0,0,0,0,0,-1,0,0,0,0,0,0,0,0,1
33,1,3,1,0,0,0,0,0,0,0,0,9,3,0,0,0,0,0,0,0,0,-1,0,0,0,0,0,0,0,0,1
54,1,3,4,0,0,0,0,0,0,0,0,10,3,0,0,1,0,0,0,0,0,-1,0,0,0,0,0,0,0,0,1
97,3,3,7,0,0,0,0,0,0,0,1,48,3,0,0,1,0,0,0,0,0,-1,0,0,0,0,0,0,0,0,1
18,1,1,0,0,0,0,0,0,0,0,0,6,3,0,0,0,0,0,0,0,0,-1,0,0,0,0,0,0,0,0,1
150,2,5,11,0,0,0,0,0,0,0,1,36,3,0,0,1,0,0,0,0,0,-1,0,0,0,0,0,0,0,0,1
50,2,2,0,0,0,0,0,0,0,0,1,16,3,0,0,0,0,0,0,0,0,-1,0,0,0,0,0,0,0,0,1
36,2,2,0,0,0,0,0,0,0,0,0,8,3,0,0,1,1,0,0,1,0,-1,0,0,0,0,0,0,0,0,1
18,1,0,0,0,0,0,0,0,0,0,0,18,3,0,0,0,0,0,0,0,0,-1,0,0,0,0,0,0,0,0,1
83,2,3,0,0,0,0,0,0,0,0,0,18,3,0,0,0,5,0,0,1,0,0,0,0,0,0,0,0,0,0,1
23,1,0,2,0,0,0,0,0,0,1,0,23,3,0,0,0,0,0,0,0,0,-1,0,0,0,0,0,0,0,0,1
36,3,2,0,0,0,0,0,0,0,0,1,12,3,0,0,1,1,0,0,1,0,-1,0,0,0,0,0,0,0,0,1
19,1,0,0,0,0,0,0,0,0,0,0,19,3,0,0,0,0,0,0,0,0,-1,0,0,0,0,0,0,0,0,1
45,2,2,2,0,0,0,0,0,0,0,0,15,3,0,0,0,0,0,0,0,0,-1,0,0,0,0,0,0,0,0,1
62,1,3,6,0,0,0,0,0,0,0,0,6,3,0,0,1,0,0,0,0,0,-1,0,0,0,0,0,0,0,0,1
129,3,3,11,0,0,0,0,0,0,0,1,14,2,0,0,1,5,0,0,1,0,0,0,0,0,0,0,0,0,0,1
22,2,0,0,0,0,0,0,0,0,0,1,22,3,0,0,0,0,0,0,0,0,-1,0,0,0,0,0,0,0,0,1
44,1,3,1,0,0,0,0,0,0,0,0,12,3,0,0,1,0,0,0,0,0,-1,0,0,0,0,0,0,0,0,1
61,2,3,2,0,0,0,0,0,0,0,1,14,3,0,0,0,0,0,0,0,0,-1,0,0,0,0,0,0,0,0,1
83,4,5,0,0,0,0,0,0,0,0,1,12,2,0,0,0,3,0,0,1,0,0,0,0,0,0,0,0,0,0,1
106,3,5,7,0,0,0,0,0,0,0,1,17,2,0,0,0,5,0,0,1,0,0,0,0,0,0,0,0,0,0,1
79,3,3,9,0,0,0,0,0,0,0,1,14,3,0,0,1,0,0,0,0,0,-1,0,0,0,0,0,0,0,0,1
96,1,4,5,0,0,0,0,0,0,0,0,22,3,0,0,1,1,0,0,1,0,-1,0,0,0,0,0,0,0,0,1
17,1,0,0,0,0,0,0,0,0,0,0,17,3,0,0,1,0,0,0,0,0,-1,0,0,0,0,0,0,0,0,1
36,2,0,0,0,0,0,0,0,0,0,1,36,3,0,0,0,0,0,0,0,0,-1,0,0,0,0,0,0,0,0,1
48,2,4,1,0,0,0,0,0,0,0,1,15,2,0,0,0,0,0,0,0,0,0,0,0,0,0,0,0,0,0,1
50,2,1,5,0,0,0,0,0,0,0,0,16,3,0,0,1,0,0,0,0,0,-1,0,0,0,0,0,0,0,0,1
52,1,3,3,0,0,0,0,0,0,0,0,21,3,0,0,1,0,0,0,0,0,-1,0,0,0,0,0,0,0,0,1
31,1,1,0,0,0,0,0,0,0,0,0,11,3,0,0,0,1,0,0,1,0,-1,0,0,0,0,0,0,0,0,1
54,2,2,0,0,0,0,0,0,0,0,1,16,3,0,0,0,0,0,0,0,0,-1,0,0,0,0,0,0,0,0,1
25,1,2,0,0,0,0,0,0,0,0,0,7,2,0,0,0,0,0,0,0,0,-1,0,0,0,0,0,0,0,0,1
41,2,2,3,0,0,0,0,0,0,0,0,8,3,0,0,0,0,0,0,0,0,-1,0,0,0,0,0,0,0,0,1
76,2,6,2,0,0,0,0,0,0,0,0,19,3,0,0,0,0,0,0,0,0,0,0,0,0,0,0,0,0,0,1
43,1,4,3,0,0,0,0,0,0,0,0,14,3,0,0,0,0,0,0,0,0,0,0,0,0,0,0,0,0,0,1
61,3,2,0,0,0,0,0,0,0,0,1,16,3,0,0,0,1,0,0,0,0,-1,0,0,0,0,0,0,1,0,1
31,2,1,0,0,0,0,0,0,0,0,0,15,3,0,0,0,0,0,0,0,0,-1,0,0,0,0,0,0,0,0,1
69,3,4,4,0,0,0,0,0,0,0,1,18,3,0,0,0,0,0,0,0,0,0,0,0,0,0,0,0,0,0,1
96,4,3,1,0,0,0,0,0,0,0,1,15,2,0,0,0,5,0,0,1,0,0,0,0,0,0,0,0,0,0,1
63,1,5,0,0,0,0,0,0,0,0,0,13,3,0,0,1,0,0,0,0,0,-1,0,0,0,0,0,0,0,0,1
77,2,1,0,0,0,0,0,0,0,0,0,16,3,0,0,1,5,0,0,1,0,-1,0,0,0,0,0,0,0,0,1
39,1,3,0,0,0,0,0,0,0,0,0,12,3,0,0,1,0,0,0,0,0,-1,0,0,0,0,0,0,0,0,1
16,1,0,0,0,0,0,0,0,0,0,0,16,3,0,0,0,0,0,0,0,0,-1,0,0,0,0,0,0,0,0,1
24,1,1,0,0,0,0,0,0,0,0,0,6,3,0,0,0,0,0,0,0,0,-1,0,0,0,0,0,0,0,0,1
38,1,2,1,0,0,0,0,0,0,0,0,12,3,0,0,0,0,0,0,0,0,-1,0,0,0,0,0,0,0,0,1
111,4,7,0,0,0,0,0,0,0,0,0,7,2,0,1,1,3,0,0,1,0,1,0,0,0,0,0,0,0,1,1
25,1,1,0,0,0,0,0,0,0,0,0,12,3,0,0,0,0,0,0,0,0,-1,0,0,0,0,0,0,0,0,1
67,2,3,6,0,0,0,0,0,0,0,0,16,3,0,0,0,0,0,0,0,0,-1,0,0,0,0,0,0,0,0,1
25,2,3,0,0,0,0,0,0,0,0,0,12,3,0,0,0,0,0,0,0,0,0,0,0,0,0,0,0,0,0,1
59,3,1,6,0,0,0,0,0,0,0,0,12,3,0,0,0,0,0,0,0,0,-1,0,0,0,0,0,0,0,0,1
35,1,2,2,0,0,0,0,0,0,0,0,12,3,0,0,0,0,0,0,0,0,-1,0,0,0,0,0,0,0,0,1
45,3,6,0,0,0,0,1,0,0,0,1,11,2,0,0,0,0,0,0,0,0,0,0,0,0,0,0,0,0,0,1
51,1,4,2,0,0,0,0,0,0,0,0,15,3,0,0,0,0,0,0,0,0,-1,0,0,0,0,0,0,0,0,1
38,1,1,0,0,0,0,0,0,0,0,0,21,3,0,0,0,1,0,0,0,0,-1,0,0,0,0,0,0,1,0,1
70,1,3,4,0,0,0,0,0,0,0,0,19,3,0,0,1,1,0,0,1,0,-1,0,0,0,0,0,0,0,0,1
39,2,2,0,0,0,0,0,0,0,0,1,22,3,0,0,0,0,0,0,0,0,-1,0,0,0,0,0,0,0,0,1
36,3,1,1,0,0,0,0,0,0,0,1,18,3,0,0,0,0,0,0,0,0,-1,0,0,0,0,0,0,0,0,1
87,1,12,0,0,0,0,0,0,0,0,0,15,3,0,0,1,0,0,0,0,0,0,0,0,0,0,1,0,0,0,1
27,2,3,0,0,0,0,0,0,0,0,0,7,2,0,0,1,0,0,0,0,0,-1,0,0,0,0,0,0,0,0,1
45,2,2,1,0,0,0,0,0,0,0,0,22,3,0,0,0,0,0,0,0,0,-1,0,0,0,0,0,0,0,0,1
16,1,0,0,0,0,0,0,0,0,0,0,16,3,0,0,0,0,0,0,0,0,-1,0,0,0,0,0,0,0,0,1
86,1,8,4,0,0,0,0,0,0,0,0,10,3,0,0,1,0,0,0,0,0,0,0,0,0,0,1,0,0,0,1
119,1,6,13,0,0,0,0,0,0,0,0,10,3,0,0,1,0,0,0,0,0,-1,0,0,0,0,0,0,0,0,1
93,4,3,0,0,0,0,0,0,0,0,2,28,2,0,0,0,5,0,0,1,0,0,0,0,0,0,0,0,0,0,1
33,3,2,0,0,0,0,0,0,0,0,1,19,3,0,0,1,0,0,0,0,0,-1,0,0,0,0,0,0,0,0,1
45,2,3,0,0,0,0,0,0,0,0,1,22,3,0,0,0,0,0,0,0,0,-1,0,0,0,0,0,0,0,0,1
90,1,4,0,0,0,0,0,0,0,0,0,16,3,0,0,1,0,0,0,0,0,-1,0,0,0,0,0,0,0,0,1
68,2,3,2,0,0,0,0,0,0,0,0,13,3,0,0,0,5,0,0,1,0,-1,0,0,0,0,0,0,0,0,1
44,2,2,0,0,0,0,0,0,0,0,1,16,3,0,0,0,0,0,0,0,0,-1,0,0,0,0,0,0,0,0,1
151,2,5,18,0,0,0,0,0,0,0,0,12,3,0,0,1,0,0,0,0,0,-1,0,0,0,0,0,0,0,0,1
20,2,0,0,0,0,0,0,0,0,0,1,20,3,0,0,0,0,0,0,0,0,-1,0,0,0,0,0,0,0,0,1
69,3,3,1,0,0,0,0,0,0,0,1,23,2,0,0,0,3,0,0,1,0,0,0,0,0,0,0,0,0,0,1
25,1,1,0,0,0,0,0,0,0,0,0,10,3,0,0,0,0,0,0,0,0,-1,0,0,0,0,0,0,0,0,1
126,6,3,0,0,0,0,0,0,0,0,2,34,2,0,0,0,5,0,0,1,0,0,0,0,0,0,0,0,0,0,1
34,2,4,0,0,0,0,0,0,0,0,0,9,3,0,0,0,0,0,0,0,0,0,0,0,0,0,0,0,0,0,1
56,2,1,0,0,0,0,0,0,0,0,0,13,3,0,0,0,3,0,0,1,0,-1,0,0,0,0,0,0,1,0,1
32,4,3,0,0,0,0,0,0,0,0,2,15,2,0,0,0,0,0,0,0,0,0,0,0,0,0,0,0,0,0,1
135,5,4,0,0,0,0,0,0,0,0,0,13,3,0,0,1,5,0,0,1,0,0,0,0,0,0,0,0,0,0,1
35,2,3,0,0,0,0,0,0,0,0,0,10,3,0,0,0,0,0,0,0,0,-1,0,0,0,0,0,0,0,0,1
57,1,2,4,0,0,0,0,0,0,0,0,10,3,0,0,1,0,0,0,0,0,-1,0,0,0,0,0,0,0,0,1
43,2,1,1,0,0,0,0,0,0,0,0,21,3,0,0,0,0,0,0,0,0,-1,0,0,0,0,0,0,0,0,1
36,1,3,1,0,0,0,0,0,0,0,0,10,3,0,0,0,0,0,0,0,0,-1,0,0,0,0,0,0,0,0,1
64,3,3,1,0,0,0,0,0,0,0,1,20,2,0,0,0,3,0,0,1,0,0,0,0,0,0,0,0,0,0,1
68,3,4,3,0,0,0,0,0,0,0,1,18,2,0,0,1,0,0,0,0,0,-1,0,0,0,0,0,0,0,0,1
62,1,3,4,0,0,0,0,0,0,0,0,10,3,0,0,1,0,0,0,0,0,-1,0,0,0,0,0,0,0,0,1
35,2,2,0,0,0,0,0,0,0,0,0,16,3,0,0,1,0,0,0,0,0,-1,0,0,0,0,0,0,0,0,1
30,2,2,0,0,0,0,0,0,0,0,1,10,3,0,0,0,0,0,0,0,0,-1,0,0,0,0,0,0,0,0,1
92,1,5,12,0,0,0,0,0,0,0,0,10,3,0,0,1,0,0,0,0,0,0,0,0,0,0,0,0,0,0,1
38,2,2,0,0,0,0,0,0,0,0,0,18,3,0,0,0,0,0,0,0,0,-1,0,0,0,0,0,0,0,0,1
27,2,1,0,0,0,0,0,0,0,0,0,16,3,0,0,0,0,0,0,0,0,-1,0,0,0,0,0,0,0,0,1
156,3,3,2,0,0,0,0,0,0,0,1,16,3,0,0,0,5,0,0,1,0,0,0,0,0,0,0,0,0,0,1
74,5,4,0,0,0,0,0,0,0,0,3,41,3,0,0,0,0,0,0,0,0,-1,0,0,0,0,0,0,0,0,1
15,1,0,0,0,0,0,0,0,0,0,0,15,3,0,0,0,0,0,0,0,0,-1,0,0,0,0,0,0,0,0,1
67,2,1,0,0,0,0,0,0,0,0,0,27,3,0,0,1,3,0,0,1,0,-1,0,0,0,0,0,0,0,0,1
146,1,3,15,0,0,0,0,0,0,0,0,18,3,0,0,1,0,0,0,0,0,-1,0,0,0,0,0,0,0,0,1
46,3,5,0,0,0,0,0,0,0,0,0,9,3,0,0,0,0,0,0,1,0,0,0,0,0,0,0,0,0,0,1
33,2,2,1,0,0,0,0,0,0,0,1,20,3,0,0,0,0,0,0,0,0,-1,0,0,0,0,0,0,0,0,1
87,4,3,0,0,0,0,0,0,0,0,2,22,2,0,0,0,5,0,0,1,0,0,0,0,0,0,0,0,0,0,1
35,2,2,0,0,0,0,0,0,0,0,0,16,3,0,0,1,0,0,0,0,0,-1,0,0,0,0,0,0,0,0,1
39,3,2,0,0,0,0,0,0,0,0,1,16,3,0,0,1,1,0,0,1,0,-1,0,0,0,0,0,0,0,0,1
49,1,3,4,0,0,0,0,0,0,0,0,9,3,0,0,0,0,0,0,0,0,-1,0,0,0,0,0,0,0,0,1
11,1,0,0,0,0,0,0,0,0,0,0,11,3,0,0,0,0,0,0,0,0,-1,0,0,0,0,0,0,0,0,1
74,2,1,0,0,0,0,0,0,0,0,0,17,3,0,0,1,5,0,0,1,0,-1,0,0,0,0,0,0,0,0,1
57,3,3,0,0,0,0,0,0,0,0,1,13,2,0,0,1,5,0,0,1,0,0,0,0,0,0,0,0,0,0,1
32,3,3,0,0,0,0,0,0,0,0,1,15,2,0,0,0,0,0,0,0,0,0,0,0,0,0,0,0,0,0,1
43,3,4,1,0,0,0,0,0,0,0,0,14,3,0,0,0,0,0,0,0,0,0,0,0,0,0,0,0,0,0,1
112,4,3,0,0,0,0,0,0,0,0,2,23,3,0,0,1,5,0,0,1,0,-1,0,1,0,0,0,0,0,0,1
35,2,2,0,0,0,0,0,0,0,0,1,16,3,0,0,0,0,0,0,0,0,-1,0,0,0,0,0,0,0,0,1
26,1,2,0,0,0,0,0,0,0,0,0,10,3,0,0,0,0,0,0,0,0,-1,0,0,0,0,0,0,0,0,1
63,4,4,0,0,0,0,0,0,0,0,2,24,2,0,0,0,1,0,0,1,0,0,0,0,0,0,0,0,0,0,1
25,1,4,0,0,0,0,0,0,0,0,0,7,2,0,0,0,0,0,0,0,0,0,0,0,0,0,0,0,0,0,1
165,17,4,0,0,0,0,0,0,0,0,0,12,3,0,0,1,1,0,0,1,0,0,0,0,0,0,0,0,0,0,1
131,3,3,2,0,0,0,0,0,0,0,1,21,2,0,0,0,5,0,0,1,0,0,0,0,0,0,0,0,0,0,1
67,2,3,6,0,0,0,0,0,0,0,0,16,3,0,0,1,0,0,0,0,0,-1,0,0,0,0,0,0,0,0,1
81,3,6,0,0,0,0,0,0,0,0,1,24,2,0,0,0,0,0,0,0,0,0,0,0,0,0,0,0,0,0,1
21,1,0,1,0,0,0,0,0,0,0,0,21,3,0,0,0,0,0,0,0,0,-1,0,0,0,0,0,0,0,0,1
36,2,2,0,0,0,0,0,0,0,0,0,14,3,0,0,0,0,0,0,0,0,-1,0,0,0,0,0,0,0,0,1
25,1,0,0,0,0,0,0,0,0,0,0,25,8,0,0,0,0,0,0,0,0,-1,0,0,1,0,0,0,0,0,1
103,3,5,8,0,0,0,0,0,0,0,1,15,2,0,0,1,0,0,0,0,0,0,0,0,0,0,0,0,0,0,1
44,2,3,0,0,0,0,0,0,0,0,0,15,3,0,0,0,0,0,0,0,0,-1,0,0,0,0,0,0,0,0,1
36,2,2,0,0,0,0,0,0,0,0,1,16,3,0,0,0,0,0,0,0,0,-1,0,0,0,0,0,0,0,0,1
42,2,2,0,0,0,0,0,0,0,0,0,7,3,0,0,1,0,0,0,0,0,-1,0,0,0,0,0,0,0,0,1
87,1,3,10,0,0,0,0,0,0,0,0,11,3,0,0,1,0,0,0,0,0,-1,0,0,0,0,0,0,0,0,1
19,2,0,0,0,0,0,0,0,0,0,1,19,4,0,0,0,0,0,0,0,0,-1,0,0,0,0,0,0,0,0,1
119,3,4,4,0,0,0,0,0,0,0,1,28,2,0,0,0,2,0,0,1,0,0,0,0,0,0,0,0,1,0,1
39,3,3,0,0,0,0,0,0,0,0,1,16,3,0,0,0,0,0,0,0,0,-1,0,0,0,0,0,0,0,0,1
58,2,2,0,0,0,0,0,0,0,0,1,17,3,0,0,1,1,0,0,1,0,-1,0,0,0,0,0,0,0,0,1
12,1,0,0,0,0,0,0,0,0,0,0,12,3,0,0,0,0,0,0,0,0,-1,0,0,0,0,0,0,0,0,1
58,3,3,0,0,0,0,0,0,0,0,1,13,3,0,0,0,3,0,0,1,0,0,0,0,0,0,0,0,0,0,1
131,3,4,1,0,0,0,0,0,0,0,1,31,2,0,0,1,5,0,0,1,0,0,0,0,0,0,0,0,0,0,1
94,1,5,1,0,0,0,0,0,0,0,0,9,3,0,0,0,5,0,0,0,0,0,0,0,0,0,0,0,1,0,1
220,3,3,0,0,0,0,0,0,0,0,1,16,2,0,0,0,5,0,0,1,0,0,0,0,0,0,0,0,0,0,1
44,1,3,3,0,0,0,0,0,0,0,0,11,3,0,0,1,0,0,0,0,0,-1,0,0,0,0,0,0,0,0,1
68,3,3,5,0,0,0,0,0,0,0,1,20,3,0,0,1,0,0,0,0,0,-1,0,0,0,0,0,0,0,0,1
45,2,2,0,0,0,0,0,0,0,0,0,12,3,0,0,0,0,0,0,0,0,-1,0,0,0,0,0,0,0,0,1
31,1,2,0,0,0,0,0,0,0,0,0,16,3,0,0,0,0,0,0,0,0,-1,0,0,0,0,0,0,0,0,1
64,2,4,2,0,0,0,0,0,0,0,0,15,3,0,0,0,0,0,0,0,0,-1,0,0,0,0,0,0,0,0,1
179,3,5,11,0,0,0,0,0,0,0,1,14,2,0,0,0,5,0,0,1,0,0,0,0,0,0,0,0,0,0,1
60,3,4,3,0,0,0,0,0,0,0,2,16,3,0,0,0,0,0,0,0,0,-1,0,0,0,0,0,0,0,0,1
101,2,4,0,0,0,0,0,0,0,0,0,13,3,0,0,1,5,0,0,1,0,0,0,0,0,0,0,0,1,0,1
31,1,1,0,0,0,0,0,0,0,0,0,11,3,0,0,0,1,0,0,1,0,-1,0,0,0,0,0,0,0,0,1
23,1,0,0,0,0,0,0,0,0,0,0,23,3,0,0,0,0,0,0,0,0,-1,0,0,0,0,0,0,0,0,1
17,2,0,0,0,0,0,0,0,0,0,1,17,3,0,0,0,0,0,0,0,0,-1,0,0,0,0,0,0,0,0,1
64,2,4,3,0,0,0,0,0,0,0,0,11,3,0,0,0,0,0,0,0,0,-1,0,0,0,0,0,0,0,0,1
58,3,2,0,0,0,0,0,0,0,0,2,23,2,0,0,0,0,0,0,0,0,-1,0,0,0,0,0,0,0,0,1
116,2,8,9,0,0,0,0,0,0,0,0,14,3,0,0,1,0,0,0,0,0,0,0,0,0,0,1,0,0,0,1
48,3,5,0,0,0,0,0,0,0,0,1,17,3,0,0,1,0,0,0,0,0,0,0,0,0,0,0,0,0,0,1
111,1,4,15,0,0,0,0,0,0,0,0,18,3,0,0,1,0,0,0,0,0,-1,0,0,0,0,0,0,0,0,1
110,4,3,0,0,0,0,0,0,0,0,2,24,2,0,0,1,5,0,0,1,0,0,0,0,0,0,0,0,0,0,1
42,1,3,2,0,0,0,0,0,0,0,0,10,3,0,0,0,0,0,0,0,0,-1,0,0,0,0,0,0,0,0,1
57,1,3,1,0,0,0,0,0,0,0,0,10,3,0,0,0,0,0,0,0,0,-1,0,0,0,0,0,0,0,0,1
26,2,0,0,0,0,0,0,0,0,0,1,26,3,0,0,0,0,0,0,0,0,-1,0,0,0,0,0,0,0,0,1
91,3,5,3,0,0,0,0,0,0,0,1,23,3,0,0,0,0,0,0,0,0,0,0,0,0,0,0,0,0,0,1
32,2,2,0,0,0,0,0,0,0,0,0,14,3,0,0,1,0,0,0,0,0,-1,0,0,0,0,0,0,0,0,1
44,1,4,2,0,0,0,0,0,0,0,0,7,3,0,0,1,0,0,0,0,0,-1,0,0,0,0,0,0,0,0,1
22,1,1,0,0,0,0,0,0,0,0,0,12,3,0,0,0,0,0,0,0,0,-1,0,0,0,0,0,0,0,0,1
102,3,3,0,0,0,0,0,0,0,0,0,20,3,0,0,0,5,0,0,1,0,0,0,0,0,0,0,0,0,0,1
73,3,5,2,0,0,0,0,0,0,0,1,23,3,0,0,0,0,0,0,0,0,0,0,0,0,0,0,0,0,0,1
15,1,0,0,0,0,0,0,0,0,0,0,15,3,0,0,0,0,0,0,0,0,-1,0,0,0,0,0,0,0,0,1
26,1,2,0,0,0,0,0,0,0,0,0,11,3,0,0,0,1,0,0,0,0,-1,0,0,0,0,0,0,1,0,1
74,2,4,5,0,0,0,0,0,0,0,1,23,3,0,0,1,0,0,0,0,0,-1,0,0,0,0,0,0,0,0,1
23,1,2,0,0,0,0,0,0,0,0,0,8,3,0,0,1,0,0,0,0,0,-1,0,0,0,0,0,0,0,0,1
22,2,0,0,0,0,0,0,0,0,0,1,22,3,0,0,0,0,0,0,0,0,-1,0,0,0,0,0,0,0,0,1
104,3,3,0,0,0,0,0,0,0,0,1,17,3,0,0,1,5,0,0,1,0,0,0,0,0,0,0,0,0,0,1
20,1,0,1,0,0,0,0,0,0,0,0,20,2,0,0,0,0,0,0,0,0,-1,0,0,0,0,0,0,0,0,1
32,1,2,1,0,0,0,0,0,0,0,0,11,3,0,0,0,0,0,0,0,0,-1,0,0,0,0,0,0,0,0,1
72,4,8,2,0,0,0,0,0,0,0,1,14,3,0,0,1,1,0,0,1,0,0,0,0,0,0,1,0,0,0,1
64,1,2,0,0,0,0,0,0,0,0,0,10,3,0,0,0,0,0,0,0,0,-1,0,0,0,0,0,0,0,0,1
31,2,1,0,0,0,0,0,0,0,0,1,22,3,0,0,0,0,0,0,0,0,-1,0,0,0,0,0,0,0,0,1
23,1,0,2,0,0,0,0,0,0,0,0,23,3,0,0,0,0,0,0,0,0,-1,0,0,0,0,0,0,0,0,1
45,3,5,0,0,0,0,0,0,0,0,1,16,2,0,0,0,0,0,0,0,0,0,0,0,0,0,0,0,0,0,1
70,3,3,0,0,0,0,0,0,0,0,1,10,2,0,0,0,5,0,0,1,0,0,0,0,0,0,0,0,0,0,1
104,1,5,9,0,0,0,0,0,0,0,0,12,3,0,0,1,0,0,0,0,0,-1,0,0,0,0,0,0,0,0,1
71,3,3,5,0,0,0,0,0,0,0,1,24,3,0,0,1,0,0,0,0,0,-1,0,0,0,0,0,0,0,0,1
47,2,3,0,0,0,0,0,0,0,0,0,30,3,0,0,0,0,0,0,0,0,0,0,0,0,0,0,0,0,0,1
37,2,2,1,0,0,0,0,0,0,0,1,24,3,0,0,0,0,0,0,0,0,-1,0,0,0,0,0,0,0,0,1
25,2,2,0,0,0,0,0,0,0,0,0,12,3,0,0,0,0,0,0,0,0,-1,0,0,0,0,0,0,0,0,1
127,4,3,1,0,0,0,0,0,0,0,1,31,3,0,0,0,5,0,0,1,0,0,0,0,0,0,0,0,0,0,1
67,1,3,0,0,0,0,0,0,0,0,0,12,3,0,0,0,0,0,0,0,0,-1,0,0,0,0,0,0,0,0,1
18,1,0,0,0,0,0,0,0,0,0,0,18,3,0,0,0,0,0,0,0,0,-1,0,0,0,0,0,0,0,0,1
57,2,3,3,0,0,0,0,0,0,0,0,13,3,0,0,0,0,0,0,0,0,-1,0,0,0,0,0,0,0,0,1
18,1,0,0,0,0,0,0,0,0,0,0,18,3,0,0,0,0,0,0,0,0,-1,0,0,0,0,0,0,0,0,1
41,2,2,1,0,0,0,0,0,0,0,0,12,3,0,0,0,0,0,0,0,0,-1,0,0,0,0,0,0,0,0,1
87,2,6,4,0,0,0,0,0,0,0,0,10,2,0,0,1,1,0,0,1,0,0,0,0,0,0,0,0,0,0,1
78,2,3,0,0,0,0,0,0,0,0,0,21,3,0,0,1,0,0,0,0,0,-1,0,0,0,0,0,0,0,0,1
43,4,1,0,0,0,0,0,0,0,0,2,26,3,0,0,0,0,0,0,0,0,-1,0,0,0,0,0,0,0,0,1
38,3,3,0,0,0,0,0,0,0,0,1,12,3,0,0,1,0,0,0,0,0,-1,0,0,0,0,0,0,0,0,1
64,3,5,2,0,0,0,0,0,0,0,1,21,3,0,0,1,0,0,0,0,0,0,0,0,0,0,0,0,0,0,1
35,1,2,1,0,0,0,0,0,0,0,0,8,3,0,0,0,0,0,0,0,0,-1,0,0,0,0,0,0,0,0,1
108,3,3,5,0,0,0,0,0,0,0,0,26,3,0,0,0,3,0,0,1,0,0,0,0,0,0,0,0,1,0,1
27,2,1,0,0,0,0,0,0,0,0,1,15,3,0,0,0,0,0,0,0,0,-1,0,0,0,0,0,0,0,0,1
16,1,0,0,0,0,0,0,0,0,0,0,16,2,0,0,0,0,0,0,0,0,-1,0,0,1,0,0,0,0,0,1
51,3,3,2,0,0,0,0,0,0,0,1,22,3,0,0,1,0,0,0,0,0,-1,0,0,0,0,0,0,0,0,1
12,1,0,1,0,0,0,0,0,0,0,0,12,3,0,0,0,0,0,0,0,0,-1,0,0,0,0,0,0,0,0,1
26,1,1,0,0,0,0,0,0,0,0,0,17,3,0,0,0,0,0,0,0,0,-1,0,0,0,0,0,0,0,0,1
16,1,0,0,0,0,0,0,0,0,0,0,16,3,0,0,0,0,0,0,0,0,-1,0,0,0,0,0,0,0,0,1
38,2,1,0,0,0,0,0,0,0,0,0,19,3,0,0,0,0,0,0,0,0,-1,0,0,0,0,0,0,0,0,1
24,1,2,1,0,0,0,0,0,0,0,0,7,2,0,0,0,0,0,0,0,0,-1,0,0,0,0,0,0,0,0,1
118,1,7,11,0,0,0,0,0,0,0,0,14,3,0,0,1,0,0,0,0,0,0,0,0,0,0,0,0,0,0,1
54,3,1,0,0,0,0,0,0,0,0,0,20,3,0,0,1,3,0,0,1,0,-1,0,0,0,0,0,0,0,0,1
98,1,4,9,0,0,0,0,0,0,0,0,16,3,0,0,0,0,0,0,0,0,-1,0,0,0,0,0,0,0,0,1
87,1,5,9,0,0,0,0,0,0,0,0,7,3,0,0,1,0,0,0,0,0,0,0,0,0,0,0,0,0,0,1
18,2,0,0,0,0,0,0,0,0,0,1,18,3,0,0,0,0,0,0,0,0,-1,0,0,0,0,0,0,0,0,1
86,2,5,5,0,0,0,0,0,0,0,1,15,3,0,0,1,0,0,0,0,0,-1,0,0,0,0,0,0,0,0,1
65,1,3,3,0,0,0,0,0,0,0,0,20,3,0,0,0,0,0,0,0,0,-1,0,0,0,0,0,0,0,0,1
22,1,0,0,0,0,0,0,0,0,0,0,22,3,0,0,0,0,0,0,0,0,-1,0,0,0,0,0,0,0,0,1
35,2,1,0,0,0,0,0,0,0,0,1,20,3,0,0,0,0,0,0,0,0,-1,0,0,0,0,0,0,0,0,1
31,1,1,0,0,0,0,0,0,0,0,0,11,3,0,0,0,1,0,0,1,0,-1,0,0,0,0,0,0,0,0,1
51,1,3,4,0,0,0,0,0,0,0,0,12,3,0,0,0,0,0,0,0,0,-1,0,0,0,0,0,0,0,0,1
104,2,3,8,0,0,0,0,0,0,0,1,19,3,0,0,1,0,0,0,0,0,-1,0,0,0,0,0,0,0,0,1
45,2,1,0,0,0,0,0,0,0,0,0,28,3,0,0,0,0,0,0,0,0,-1,0,0,0,0,0,0,0,0,1
57,3,4,1,0,0,0,0,0,0,0,1,17,3,0,0,0,0,0,0,0,0,-1,0,0,0,0,0,0,0,0,1
90,5,9,0,0,0,0,0,0,0,0,1,16,3,0,0,1,0,0,0,0,0,-1,0,0,0,0,1,0,0,0,1
25,1,0,0,0,0,0,0,0,0,0,0,25,3,0,0,0,0,0,0,0,0,-1,0,0,0,0,0,0,0,0,1
42,2,2,0,0,0,0,0,0,0,0,1,22,3,0,0,0,0,0,0,0,0,-1,0,0,0,0,0,0,0,0,1
39,2,0,0,0,0,0,0,0,0,0,1,39,3,0,0,0,0,0,0,0,0,-1,0,0,0,0,0,0,0,0,1
53,1,4,1,0,0,0,0,0,0,0,0,16,3,0,0,0,0,0,0,0,0,-1,0,0,0,0,0,0,0,0,1
35,2,3,0,0,0,0,0,0,0,0,1,19,2,0,0,0,0,0,0,0,0,0,0,0,0,0,0,0,0,0,1
75,2,3,7,0,0,0,0,0,0,0,0,11,3,0,0,1,0,0,0,0,0,-1,0,0,0,0,0,0,0,0,1
43,2,1,0,0,0,0,0,0,0,0,0,21,3,0,0,0,1,0,0,1,0,-1,0,0,0,0,0,0,0,0,1
60,1,3,4,0,0,0,0,0,0,0,0,10,3,0,0,1,0,0,0,0,0,-1,0,0,0,0,0,0,0,0,1
107,1,6,10,1,0,0,0,0,0,0,0,17,3,0,1,1,0,0,0,0,0,0,0,0,0,0,0,0,0,0,1
71,2,2,0,0,0,0,0,0,0,0,0,17,3,0,0,0,3,0,0,1,0,-1,0,0,0,0,0,0,0,0,1
24,2,0,0,0,0,0,0,0,0,0,1,24,2,0,0,0,0,0,0,0,0,-1,0,0,0,0,0,0,0,0,1
56,3,2,0,0,0,0,0,0,0,0,1,22,3,0,0,0,0,0,0,0,0,-1,0,0,0,0,0,0,0,0,1
59,2,2,0,0,0,0,0,0,0,0,1,16,3,0,0,0,0,0,0,0,0,-1,0,0,0,0,0,0,0,0,1
79,3,1,3,0,0,0,0,0,0,0,2,18,3,0,0,0,5,0,0,1,0,-1,0,0,0,0,0,0,1,0,1
86,3,9,1,0,0,0,0,0,0,0,1,17,2,0,0,0,0,0,0,0,0,0,0,0,0,0,1,0,0,0,1
41,2,2,0,0,0,0,0,0,0,0,1,16,3,0,0,0,2,0,0,0,0,-1,0,0,0,0,0,0,1,0,1
15,1,0,0,0,0,0,0,0,0,0,0,15,3,0,0,0,0,0,0,0,0,-1,0,0,0,0,0,0,0,0,1
39,2,2,0,0,0,0,0,0,0,0,0,11,3,0,0,0,0,0,0,0,0,-1,0,0,0,0,0,0,0,0,1
98,1,3,0,0,0,0,0,0,0,0,0,9,4,0,0,1,5,0,0,0,0,0,0,0,0,0,0,0,1,0,1
14,1,0,0,0,0,0,0,0,0,0,0,14,4,0,0,0,0,0,0,0,0,-1,0,0,0,0,0,0,0,0,1
24,1,0,3,0,0,0,0,0,0,0,0,24,3,0,0,0,0,0,0,0,0,-1,0,0,0,0,0,0,0,0,1
29,2,1,0,0,0,1,0,0,0,0,0,19,3,0,0,0,0,0,0,0,0,-1,0,0,0,0,0,0,0,0,1
34,2,2,0,0,0,0,0,0,0,0,1,16,3,0,0,0,0,0,0,0,0,-1,0,0,0,0,0,0,0,0,1
89,2,1,0,0,0,0,0,1,0,0,0,19,3,0,0,1,5,0,0,1,0,-1,0,0,0,0,0,0,0,0,1
60,2,4,2,0,0,0,0,0,0,0,0,18,3,0,0,1,0,0,0,0,0,-1,0,0,0,0,0,0,0,0,1
64,4,1,0,0,0,0,0,0,0,0,2,34,3,0,0,0,3,0,0,1,0,-1,0,0,0,0,0,0,0,0,1
139,4,3,1,0,0,0,0,0,0,0,0,16,2,0,0,0,5,0,0,1,0,0,0,0,0,0,0,0,0,0,1
70,4,6,0,0,0,1,0,0,0,0,1,15,3,0,0,0,0,0,0,0,0,0,0,0,0,0,0,0,0,0,1
95,2,3,2,0,0,0,0,0,0,0,0,10,3,0,0,1,5,0,0,1,0,-1,0,0,0,0,0,0,0,0,1
23,2,0,0,0,0,0,0,0,0,0,1,23,2,0,0,0,0,0,0,0,0,-1,0,0,0,0,0,0,0,0,1
68,3,3,1,0,0,0,0,0,0,0,1,23,2,0,0,0,3,0,0,1,0,0,0,0,0,0,0,0,0,0,1
36,2,2,0,0,0,0,0,0,0,0,1,29,3,0,0,0,0,0,0,0,0,0,0,0,0,0,0,0,0,0,1
25,2,1,0,0,0,0,0,0,0,0,0,14,3,0,0,0,0,0,0,0,0,-1,0,0,0,0,0,0,0,0,1
41,2,2,0,0,0,0,0,0,0,0,0,16,3,0,0,1,1,0,0,1,0,-1,0,0,0,0,0,0,0,0,1
29,1,1,0,0,0,0,0,0,0,0,0,20,3,0,0,0,0,0,0,0,0,-1,0,0,0,0,0,0,0,0,1
20,1,1,0,0,0,0,0,0,0,0,0,12,3,0,0,1,1,0,0,1,0,-1,0,0,0,0,0,0,0,0,1
14,1,0,0,0,0,0,0,0,0,0,0,14,3,0,0,0,0,0,0,0,0,-1,0,0,0,0,0,0,0,0,1
35,3,2,0,0,0,0,0,0,0,0,1,17,3,0,0,0,0,0,0,0,0,-1,0,0,0,0,0,0,0,0,1
24,1,1,1,0,0,0,0,0,0,0,0,10,3,0,0,0,0,0,0,0,0,-1,0,0,0,0,0,0,0,0,1
78,1,5,1,0,0,0,0,0,0,0,0,25,3,0,0,1,0,0,0,0,0,-1,0,0,0,0,0,0,0,0,1
8,1,0,0,0,0,0,0,0,0,0,0,8,3,0,0,0,0,0,0,0,0,-1,0,0,0,0,0,0,0,0,1
38,1,2,2,0,0,0,0,0,0,0,0,8,3,0,0,0,0,0,0,0,0,-1,0,0,0,0,0,0,0,0,1
56,1,2,3,0,0,0,0,0,0,0,0,16,3,0,0,0,0,0,0,0,0,-1,0,0,0,0,0,0,0,0,1
119,1,7,9,0,0,0,0,0,0,0,0,14,3,0,0,1,0,0,0,0,0,0,0,0,0,0,0,0,0,0,1
28,1,2,0,0,0,0,0,0,0,0,0,14,3,0,0,0,0,0,0,0,0,-1,0,0,0,0,0,0,0,0,1
134,6,9,2,0,0,0,0,0,0,0,1,14,3,0,0,1,0,0,0,0,0,0,0,0,0,0,1,0,0,0,1
104,2,5,16,0,0,0,0,0,0,0,0,12,3,0,0,1,0,0,0,0,0,-1,0,0,0,0,0,0,0,0,1
69,2,4,0,0,0,0,0,0,0,0,1,15,3,0,0,1,5,0,0,1,0,0,0,0,0,0,0,0,0,0,1
26,4,0,1,0,0,0,0,0,0,0,3,26,2,0,0,0,0,0,0,0,0,-1,0,0,0,0,0,0,0,0,1
289,2,3,1,0,0,0,0,0,0,0,0,11,3,0,0,0,5,0,0,1,0,1,0,0,0,0,0,0,1,1,1
31,2,0,0,0,0,0,0,0,0,0,1,31,3,0,0,0,0,0,0,0,0,-1,0,0,0,0,0,0,0,0,1
88,1,3,10,0,0,0,0,0,0,0,0,12,3,0,0,1,0,0,0,0,0,0,0,0,0,0,0,0,0,0,1
81,2,3,0,0,0,0,0,0,0,0,0,11,3,0,0,0,0,0,0,0,0,-1,0,0,0,0,0,0,0,0,1
108,1,4,6,0,0,0,0,0,0,0,0,15,3,0,0,1,3,0,0,1,0,0,0,0,0,0,0,0,0,0,1
65,2,2,0,0,0,0,0,0,0,0,0,23,3,0,0,0,0,0,0,0,0,-1,0,0,0,0,0,0,0,0,1
88,3,3,0,0,0,0,0,0,0,0,1,20,3,0,0,1,3,0,0,1,0,0,0,0,0,0,0,0,0,0,1
33,1,4,0,0,0,0,0,0,0,0,0,12,3,0,0,0,0,0,0,0,0,-1,0,0,0,0,0,0,0,0,1
44,3,3,0,0,0,0,0,0,0,0,1,32,3,0,0,0,0,0,0,0,0,0,0,0,0,0,0,0,0,0,1
31,1,1,0,0,0,0,0,0,0,0,0,11,3,0,0,0,1,0,0,1,0,-1,0,0,0,0,0,0,0,0,1
27,2,2,1,0,0,0,0,0,0,0,1,15,3,0,0,1,0,0,0,0,0,-1,0,0,0,0,0,0,0,0,1
37,2,2,3,0,0,0,0,0,0,0,0,8,3,0,0,0,0,0,0,0,0,-1,0,0,0,0,0,0,0,0,1
107,2,4,0,0,0,0,0,0,0,0,0,10,3,0,0,1,5,0,0,1,0,0,0,0,0,0,0,0,0,0,1
32,4,1,0,0,0,0,0,0,0,0,3,25,2,0,0,0,0,0,0,0,0,-1,0,0,0,0,0,0,0,0,1
71,1,4,6,0,0,0,0,0,0,0,0,19,3,0,0,1,0,0,0,0,0,-1,0,0,0,0,0,0,0,0,1
21,1,2,0,0,0,0,0,0,0,0,0,12,3,0,0,0,0,0,0,0,0,-1,0,0,0,0,0,0,0,0,1
39,3,3,2,0,0,0,0,0,0,0,1,12,2,0,0,0,0,0,0,0,0,-1,0,0,0,0,0,0,0,0,1
97,3,6,5,0,0,0,0,0,0,1,1,13,3,0,0,0,0,0,0,0,0,0,0,0,0,0,0,0,0,0,1
122,2,5,0,0,0,0,0,0,0,0,0,9,3,0,0,1,0,0,0,0,0,-1,0,0,0,0,0,0,0,0,1
15,1,0,0,0,0,0,0,0,0,0,0,15,3,0,0,0,0,0,0,0,0,-1,0,0,0,0,0,0,0,0,1
76,1,5,5,0,0,0,0,0,0,0,0,11,3,0,0,0,0,0,0,0,0,0,0,0,0,0,0,0,0,0,1
53,3,5,0,0,0,0,0,0,0,0,1,16,3,0,0,0,0,0,0,0,0,-1,0,0,0,0,0,0,0,0,1
11,1,0,1,0,0,0,0,0,0,0,0,11,3,0,0,0,0,0,0,0,0,-1,0,0,0,0,0,0,0,0,1
54,3,3,1,0,0,0,0,0,0,0,2,28,2,0,0,0,0,0,0,0,0,0,0,0,0,0,0,0,0,0,1
30,2,2,0,0,0,0,0,0,0,0,1,16,3,0,0,0,0,0,0,0,0,-1,0,0,0,0,0,0,0,0,1
93,2,7,3,0,0,0,0,0,0,0,0,13,3,0,0,0,0,0,0,0,0,0,0,0,0,0,0,0,0,0,1
22,1,2,1,0,0,0,0,0,0,0,0,9,3,0,0,0,0,0,0,0,0,-1,0,0,0,0,0,0,0,0,1
61,2,2,0,0,0,0,0,0,0,0,0,13,3,0,0,0,3,0,0,0,0,-1,0,0,0,0,0,0,1,0,1
53,2,5,3,0,0,0,0,0,0,0,1,17,2,0,0,0,0,0,0,0,0,0,0,0,0,0,0,0,0,0,1
49,4,3,1,0,0,0,0,0,0,0,2,27,2,0,0,0,0,0,0,0,0,0,0,0,0,0,0,0,0,0,1
34,1,1,0,0,0,0,0,0,0,0,0,17,3,0,0,0,0,0,0,0,0,-1,0,0,0,0,0,0,0,0,1
39,2,2,0,0,0,0,0,0,0,0,1,19,3,0,0,0,0,0,0,0,0,-1,0,0,0,0,0,0,0,0,1
59,2,3,1,0,0,0,0,0,0,0,0,12,3,0,0,0,0,0,0,0,0,-1,0,0,0,0,0,0,0,0,1
94,2,4,9,0,0,0,0,0,0,0,1,21,3,0,0,1,0,0,0,0,0,-1,0,0,0,0,0,0,0,0,1
19,1,0,0,0,0,0,0,0,0,0,0,19,3,0,0,0,0,0,0,0,0,-1,0,0,0,0,0,0,0,0,1
92,2,4,6,0,0,0,0,0,0,0,0,15,3,0,0,1,0,0,0,0,0,-1,0,0,0,0,0,0,0,0,1
22,1,1,0,0,0,0,0,0,0,0,0,12,3,0,0,0,0,0,0,0,0,-1,0,0,0,0,0,0,0,0,1
109,2,4,16,0,0,0,0,0,0,0,0,13,2,0,0,1,0,0,0,0,0,0,0,0,0,0,0,0,0,0,1
49,2,3,0,0,0,0,0,0,0,0,0,15,4,0,0,0,0,0,0,0,0,-1,0,0,0,0,0,0,0,0,1
51,1,2,3,0,0,0,0,0,0,0,0,12,3,0,0,0,1,0,0,0,0,-1,0,0,0,0,0,0,1,0,1
27,4,1,0,0,0,0,0,0,0,0,3,22,3,0,0,0,0,0,0,0,0,-1,0,0,0,0,0,0,0,0,1
57,2,1,3,0,0,0,0,0,0,0,0,8,3,0,0,1,0,0,0,0,0,-1,0,0,0,0,0,0,0,0,1
102,3,3,0,0,0,0,0,0,0,0,0,23,2,0,0,0,5,0,0,1,0,0,0,0,0,0,0,0,0,0,1
31,1,1,0,0,0,0,0,0,0,0,0,11,3,0,0,0,1,0,0,1,0,-1,0,0,0,0,0,0,0,0,1
89,3,3,0,0,0,0,0,0,0,0,1,22,4,0,0,0,5,0,0,1,0,0,0,0,0,0,0,0,0,0,1
21,1,0,2,0,0,0,0,0,0,0,0,21,3,0,0,0,0,0,0,0,0,-1,0,0,0,0,0,0,0,0,1
31,1,1,2,0,0,0,0,0,0,0,0,19,3,0,0,0,0,0,0,0,0,-1,0,0,0,0,0,0,0,0,1
14,2,0,0,0,0,0,0,0,0,0,1,14,2,0,0,0,0,0,0,0,0,-1,0,0,0,0,0,0,0,0,1
12,1,0,0,0,0,0,0,0,0,0,0,12,3,0,0,0,0,0,0,0,0,-1,0,0,0,0,0,0,0,0,1
23,1,2,0,0,0,0,0,0,0,0,0,8,3,0,0,1,0,0,0,0,0,-1,0,0,0,0,0,0,0,0,1
49,2,2,3,0,0,0,0,0,0,0,0,17,3,0,0,0,0,0,0,0,0,-1,0,0,0,0,0,0,0,0,1
139,10,4,0,0,0,0,0,0,0,0,0,12,3,0,0,1,1,0,0,1,0,0,0,0,0,0,0,0,0,0,1
30,2,1,0,0,0,0,0,0,0,0,0,21,3,0,0,0,0,0,0,0,0,-1,0,0,0,0,0,0,0,0,1
51,2,1,4,0,0,0,0,0,0,0,0,16,3,0,0,0,0,0,0,0,0,-1,0,0,0,0,0,0,0,0,1
101,5,1,1,0,0,0,0,0,0,0,0,18,3,0,0,1,0,0,0,0,0,-1,0,0,0,0,0,0,0,0,1
23,1,1,1,0,0,0,0,0,0,0,0,10,3,0,0,1,0,0,0,0,0,-1,0,0,0,0,0,0,0,0,1
17,1,0,0,0,0,0,0,0,0,0,0,17,3,0,0,0,0,0,0,0,0,-1,0,0,0,0,0,0,0,0,1
67,2,3,5,0,0,0,0,0,0,0,0,15,3,0,0,1,0,0,0,0,0,-1,0,0,0,0,0,0,0,0,1
41,1,1,0,0,0,0,0,0,0,0,0,15,3,0,0,1,3,0,0,1,0,-1,0,0,0,0,0,0,0,0,1
49,2,3,0,0,0,0,0,0,0,0,0,13,3,0,0,1,1,0,0,1,0,-1,0,0,0,0,0,0,0,0,1
51,2,4,2,0,0,0,0,0,0,0,1,18,2,0,0,0,0,0,0,0,0,0,0,0,0,0,0,0,0,0,1
49,2,0,2,0,0,0,0,0,0,1,1,49,3,0,0,1,0,0,0,0,0,-1,0,0,0,0,0,0,0,0,1
62,3,5,1,0,0,0,0,0,0,0,1,14,2,0,0,0,0,0,0,0,0,0,0,0,0,0,0,0,0,0,1
14,1,0,1,0,0,0,0,0,0,0,0,14,3,0,0,0,0,0,0,0,0,-1,0,0,0,0,0,0,0,0,1
39,1,4,0,0,0,0,0,0,0,0,0,8,3,0,0,0,0,0,0,0,0,-1,0,0,0,0,0,0,0,0,1
16,1,0,0,0,0,0,0,0,0,0,0,16,3,0,0,0,0,0,0,0,0,-1,0,0,0,0,0,0,0,0,1
84,1,6,4,0,0,0,0,0,0,0,0,12,3,0,0,1,0,0,0,0,0,0,0,0,0,0,0,0,0,0,1
197,10,3,3,0,0,0,1,0,0,0,5,71,3,0,0,1,1,0,0,0,0,0,0,0,0,0,0,1,0,0,1
54,3,4,0,0,0,0,0,0,0,0,1,17,2,0,0,0,1,0,0,1,0,0,0,0,0,0,0,0,0,0,1
54,2,2,0,0,0,0,0,0,0,0,0,10,3,0,0,1,3,0,0,1,0,-1,0,0,0,0,0,0,0,0,1
16,2,0,1,0,0,0,0,0,0,0,1,16,2,0,0,0,0,0,0,0,0,-1,0,0,0,0,0,0,0,0,1
152,3,4,14,0,0,0,0,0,0,0,1,26,3,0,0,0,1,0,0,1,0,0,0,0,0,0,0,0,0,0,1
170,3,3,9,0,0,0,0,0,0,0,1,17,3,0,0,1,5,0,0,1,0,0,0,0,0,0,0,0,0,0,1
67,2,6,0,0,0,0,0,0,0,0,0,13,3,0,0,1,0,0,0,0,0,0,0,0,0,0,0,0,0,0,1
59,2,2,4,0,0,0,0,0,0,0,0,13,3,0,0,1,0,0,0,0,0,-1,0,0,0,0,0,0,0,0,1
38,1,3,1,0,0,0,0,0,0,0,0,10,3,0,0,1,0,0,0,0,0,-1,0,0,0,0,0,0,0,0,1
137,10,4,0,0,0,0,0,0,0,0,0,12,3,0,0,1,1,0,0,1,0,0,0,0,0,0,0,0,0,0,1
47,3,4,2,0,0,0,0,0,0,0,1,23,2,0,0,0,0,0,0,0,0,0,0,0,0,0,0,0,0,0,1
89,1,3,0,0,0,0,0,0,0,0,0,9,4,0,0,1,5,0,0,0,0,0,0,0,0,0,0,0,1,0,1
41,1,2,3,0,0,0,0,0,0,0,0,7,2,0,0,0,0,0,0,0,0,-1,0,0,0,0,0,0,0,0,1
114,3,4,1,0,0,0,0,0,0,0,0,10,3,0,0,1,1,0,0,1,0,-1,0,0,0,0,0,0,0,0,1
73,4,5,2,0,0,0,0,0,0,0,2,24,2,0,0,0,0,0,0,0,0,0,0,0,0,0,0,0,0,0,1
94,1,4,7,0,0,0,0,0,0,0,0,12,3,0,0,1,0,0,0,0,0,0,0,0,0,0,0,0,0,0,1
34,2,2,0,0,0,0,0,0,0,0,1,16,3,0,0,0,0,0,0,0,0,-1,0,0,0,0,0,0,0,0,1
33,3,1,0,0,0,0,0,0,0,0,1,21,4,0,0,1,0,0,0,0,0,-1,0,0,0,0,0,0,0,0,1
31,1,1,0,0,0,0,0,0,0,0,0,6,3,0,0,0,0,0,0,0,0,-1,0,0,0,0,0,0,0,0,1
70,2,3,3,0,0,0,0,0,0,0,1,23,3,0,0,0,0,0,0,0,0,-1,0,0,0,0,0,0,0,0,1
69,3,3,6,0,0,0,0,0,0,0,1,17,3,0,0,1,0,0,0,0,0,-1,0,0,0,0,0,0,0,0,1
70,1,2,7,0,0,0,0,0,0,0,0,14,3,0,0,0,0,0,0,0,0,-1,0,0,0,0,0,0,0,0,1
83,2,2,0,0,0,0,0,0,0,0,0,15,3,0,0,1,0,0,0,0,0,-1,0,0,0,0,0,0,0,0,1
19,1,1,0,0,0,0,0,0,0,0,0,12,3,0,0,0,0,0,0,0,0,-1,0,0,0,0,0,0,0,0,1
38,2,2,0,0,0,0,0,0,0,0,1,16,3,0,0,0,0,0,0,0,0,-1,0,0,0,0,0,0,0,0,1
28,1,2,0,0,0,0,0,0,0,0,0,16,3,0,0,0,0,0,0,0,0,-1,0,0,0,0,0,0,0,0,1
224,3,3,0,0,0,0,0,0,0,0,1,20,2,0,0,0,5,0,0,1,0,0,0,0,0,0,0,0,0,0,1
27,1,1,0,0,0,0,0,0,0,0,0,14,3,0,0,0,1,0,0,1,0,-1,0,0,0,0,0,0,0,0,1
26,1,1,0,0,0,0,0,0,0,0,0,10,3,0,0,0,0,0,0,0,0,-1,0,0,0,0,0,0,0,0,1
35,2,1,4,0,0,0,0,0,0,0,0,15,3,0,0,0,0,0,0,0,0,-1,0,0,0,0,0,0,0,0,1
46,2,5,1,0,0,0,0,0,0,0,1,15,3,0,0,0,0,0,0,0,0,-1,0,0,0,0,0,0,0,0,1
17,1,0,0,0,0,0,0,0,0,0,0,17,3,0,0,0,0,0,0,0,0,-1,0,0,0,0,0,0,0,0,1
39,1,3,1,0,0,0,0,0,0,0,0,10,3,0,0,1,0,0,0,0,0,-1,0,0,0,0,0,0,0,0,1
44,3,4,1,0,0,0,0,0,0,0,1,19,2,0,0,0,0,0,0,0,0,0,0,0,0,0,0,0,0,0,1
278,3,3,1,0,0,0,0,0,0,0,1,24,2,0,0,0,5,0,0,1,0,0,0,0,0,0,0,0,1,0,1
39,2,4,0,0,0,0,0,0,0,0,0,10,3,0,0,1,0,0,0,0,0,-1,0,0,0,0,0,0,0,0,1
24,1,0,0,0,0,0,0,0,0,0,0,24,3,0,0,0,0,0,0,0,0,-1,0,0,0,0,0,0,0,0,1
56,2,3,0,0,0,0,0,0,0,0,0,17,3,0,0,1,2,0,0,0,0,-1,0,0,0,0,0,0,1,0,1
120,3,3,0,0,0,0,0,0,0,0,1,24,2,0,0,0,5,0,0,1,0,0,0,0,0,0,0,0,0,0,1
13,2,0,0,0,0,0,0,0,0,0,1,13,2,0,0,0,0,0,0,0,0,-1,0,0,0,0,0,0,0,0,1
91,3,3,0,0,0,0,0,0,0,0,1,26,2,0,0,0,5,0,0,1,0,0,0,0,0,0,0,0,0,0,1
14,1,0,0,0,0,0,0,0,0,0,0,14,3,0,0,0,0,0,0,0,0,-1,0,0,0,0,0,0,0,0,1
56,2,4,0,0,0,0,0,0,0,0,1,15,2,0,0,1,0,0,0,0,0,-1,0,0,0,0,0,0,0,0,1
93,3,3,0,0,0,0,0,0,0,0,1,19,3,0,0,0,5,0,0,1,0,0,0,0,0,0,0,0,0,0,1
54,2,2,2,0,0,0,0,0,0,0,0,19,3,0,0,0,0,0,0,0,0,-1,0,0,0,0,0,0,0,0,1
43,2,1,0,0,0,0,0,0,0,0,0,18,3,0,0,0,0,0,0,0,0,-1,0,0,0,0,0,0,0,0,1
17,1,0,0,0,0,0,0,0,0,0,0,17,3,0,0,0,0,0,0,0,0,-1,0,0,0,0,0,0,0,0,1
39,2,2,0,0,0,0,0,0,0,0,1,20,3,0,0,0,0,0,0,0,0,-1,0,0,0,0,0,0,0,0,1
57,1,4,0,0,0,0,0,0,0,0,0,16,3,0,0,0,1,0,0,0,0,-1,0,0,0,0,0,0,1,0,1
41,2,4,0,0,0,0,0,0,0,0,0,10,3,0,0,0,0,0,0,0,0,-1,0,0,0,0,0,0,0,0,1
56,2,2,0,0,0,0,0,0,0,0,0,23,3,0,0,0,0,0,0,0,0,-1,0,0,0,0,0,0,0,0,1
61,2,3,2,0,0,0,0,0,0,0,0,19,3,0,0,1,0,0,0,0,0,-1,0,0,0,0,0,0,0,0,1
15,1,0,1,0,0,0,0,0,0,0,0,15,2,0,0,0,0,0,0,0,0,-1,0,0,0,0,0,0,0,0,1
89,3,1,5,0,0,0,0,0,0,0,1,27,3,0,0,0,3,0,0,1,0,-1,0,0,0,0,0,0,0,0,1
84,2,3,13,0,0,0,0,0,0,0,0,17,3,0,0,0,0,0,0,0,0,0,0,0,0,0,0,0,0,0,1
36,3,3,0,0,0,0,0,0,0,0,1,18,3,0,0,0,0,0,0,0,0,0,0,0,0,0,0,0,0,0,1
48,1,4,1,0,0,0,0,0,0,0,0,14,3,0,0,1,0,0,0,0,0,-1,0,0,0,0,0,0,0,0,1
11,1,0,0,0,0,0,0,0,0,0,0,11,3,0,0,0,0,0,0,0,0,-1,0,0,0,0,0,0,0,0,1
96,4,3,1,0,0,0,0,0,0,0,1,15,2,0,0,0,5,0,0,1,0,0,0,0,0,0,0,0,0,0,1
40,1,2,1,0,0,0,0,0,0,0,0,14,3,0,0,0,0,0,0,0,0,-1,0,0,0,0,0,0,0,0,1
77,3,5,7,0,0,0,0,0,0,0,2,17,2,0,0,0,0,0,0,0,0,0,0,0,0,0,0,0,0,0,1
44,1,2,0,0,0,0,0,0,0,0,0,10,3,0,0,0,0,0,0,0,0,-1,0,0,0,0,0,0,0,0,1
24,1,1,0,0,0,0,0,0,0,0,0,11,3,0,0,0,0,0,0,0,0,-1,0,0,0,0,0,0,0,0,1
36,2,2,0,0,0,0,0,0,0,0,1,16,3,0,0,0,0,0,0,0,0,-1,0,0,0,0,0,0,0,0,1
27,1,3,0,0,0,0,0,0,0,0,0,8,3,0,0,1,0,0,0,0,0,-1,0,0,0,0,0,0,0,0,1
52,1,3,0,0,0,0,0,0,0,0,0,23,3,0,0,0,0,0,0,0,0,-1,0,0,0,0,0,0,0,0,1
72,3,5,0,0,0,0,0,0,0,0,0,13,3,0,0,1,0,0,0,0,0,-1,0,0,0,0,0,0,0,0,1
76,2,4,0,0,0,0,0,0,0,0,1,22,3,0,0,0,1,0,0,0,0,0,0,0,0,0,0,0,1,0,1
52,2,2,0,0,0,0,0,0,0,0,1,16,3,0,0,0,0,0,0,0,0,-1,0,0,0,0,0,0,0,0,1
49,1,3,0,0,0,0,0,0,0,0,0,11,3,0,0,1,0,0,0,0,0,-1,0,0,0,0,0,0,0,0,1
86,2,4,1,0,0,0,0,0,0,0,1,21,2,0,0,0,1,0,0,1,0,0,0,0,0,0,0,0,0,0,1
52,1,2,5,0,0,0,0,0,0,0,0,7,3,0,0,0,0,0,0,0,0,-1,0,0,0,0,0,0,0,0,1
111,2,4,0,0,0,0,0,0,0,0,0,10,3,0,0,0,5,0,0,1,0,0,0,0,0,0,0,0,0,0,1
32,1,2,1,0,0,0,0,0,0,0,0,8,3,0,0,0,0,0,0,0,0,-1,0,0,0,0,0,0,0,0,1
61,1,6,0,0,0,0,0,0,0,0,0,13,3,0,0,1,0,0,0,0,0,-1,0,0,0,0,0,0,0,0,1
69,3,5,0,0,0,0,0,0,0,0,1,25,3,0,0,1,0,0,0,0,0,-1,0,0,0,0,0,0,0,0,1
66,2,6,0,0,0,0,0,0,0,0,0,15,3,0,0,1,1,0,0,1,0,-1,0,0,0,0,0,0,0,0,1
80,1,3,0,0,0,0,0,0,0,0,0,9,4,0,0,1,5,0,0,0,0,0,0,0,0,0,0,0,1,0,1
32,1,4,0,0,0,0,0,0,0,0,0,12,3,0,0,0,0,0,0,0,0,0,0,0,0,0,0,0,0,0,1
117,2,3,4,0,0,0,0,0,0,0,1,32,3,0,0,1,1,0,0,1,0,-1,0,0,0,0,0,0,0,0,1
30,1,2,0,0,0,0,0,0,0,0,0,13,3,0,0,0,0,0,0,0,0,-1,0,0,0,0,0,0,0,0,1
22,1,1,0,0,0,0,0,0,0,0,0,10,3,0,0,0,0,0,0,0,0,-1,0,0,0,0,0,0,0,0,1
108,3,3,0,0,0,0,0,0,0,0,1,14,3,0,0,1,5,0,0,1,0,0,0,0,0,0,0,0,0,0,1
47,2,2,1,0,0,0,0,0,0,0,0,16,3,0,0,0,1,0,0,1,0,-1,0,0,0,0,0,0,0,0,1
45,1,1,2,0,0,0,0,0,0,0,0,22,3,0,0,0,0,0,0,0,0,-1,0,0,0,0,0,0,0,0,1
95,2,9,6,0,0,0,0,0,0,0,1,9,2,0,0,0,0,0,0,0,0,0,0,0,0,0,1,0,0,0,1
40,1,3,0,0,0,0,0,0,0,0,0,12,3,0,0,0,0,0,0,0,0,-1,0,0,0,0,0,0,0,0,1
37,2,2,0,0,0,0,0,0,0,0,0,14,3,0,0,0,0,0,0,0,0,-1,0,0,0,0,0,0,0,0,1
80,3,3,0,0,0,0,0,0,0,0,1,12,2,0,0,0,5,0,0,1,0,0,0,0,0,0,0,0,0,0,1
44,1,1,4,0,0,0,0,0,0,0,0,13,3,0,0,1,0,0,0,0,0,-1,0,0,0,0,0,0,0,0,1
38,1,4,0,0,0,0,0,0,0,0,0,8,3,0,0,0,0,0,0,0,0,-1,0,0,0,0,0,0,0,0,1
47,1,3,3,0,0,0,0,0,0,0,0,11,3,0,0,1,0,0,0,0,0,-1,0,0,0,0,0,0,0,0,1
60,4,8,1,0,0,0,0,0,0,0,1,15,2,0,0,1,0,0,0,0,0,0,0,0,0,0,1,0,0,0,1
141,4,3,1,0,0,0,0,0,0,0,0,16,2,0,0,0,5,0,0,1,0,0,0,0,0,0,0,0,0,0,1
75,2,3,0,0,0,0,0,0,0,0,0,9,3,0,0,0,5,0,0,1,0,0,0,0,0,0,0,0,0,0,1
20,2,0,1,0,0,0,0,0,0,0,1,20,2,0,0,0,0,0,0,0,0,-1,0,0,0,0,0,0,0,0,1
92,1,3,9,0,0,0,0,0,0,0,0,22,3,0,0,1,0,0,0,0,0,-1,0,0,0,0,0,0,0,0,1
71,2,4,2,0,0,0,0,0,0,0,0,17,3,0,0,0,0,0,0,0,0,0,0,0,0,0,0,0,0,0,1
72,3,1,0,0,0,0,0,0,0,0,1,26,3,0,0,1,4,0,0,1,0,-1,0,0,0,0,0,0,1,0,1
69,2,4,4,0,0,0,0,0,0,0,1,25,3,0,0,1,0,0,0,0,0,-1,0,0,0,0,0,0,0,0,1
32,1,2,0,0,0,0,0,0,0,0,0,10,3,0,0,0,0,0,0,0,0,-1,0,0,0,0,0,0,0,0,1
51,1,1,5,0,0,0,0,0,0,0,0,11,3,0,0,1,0,0,0,0,0,-1,0,0,0,0,0,0,0,0,1
44,3,4,0,0,0,0,0,0,0,0,1,12,3,0,0,0,0,0,0,0,0,-1,0,0,0,0,0,0,0,0,1
39,1,3,0,0,0,0,0,0,0,0,0,12,3,0,0,0,0,0,0,0,0,-1,0,0,0,0,0,0,0,0,1
68,2,5,3,0,0,0,0,0,0,0,0,14,2,0,0,1,0,0,0,0,0,-1,0,0,0,0,0,0,0,0,1
103,2,6,5,0,0,0,0,0,0,0,0,14,3,0,0,1,1,0,0,1,0,0,0,0,0,0,0,0,0,0,1
40,2,4,0,0,0,0,0,0,0,0,0,13,3,0,0,0,0,0,0,0,0,0,0,0,0,0,0,0,0,0,1
89,3,4,0,0,0,0,0,0,0,0,1,18,3,0,0,0,5,0,0,1,0,0,0,0,0,0,0,0,0,0,1
80,1,3,0,0,0,0,0,0,0,0,0,9,4,0,0,1,5,0,0,0,0,0,0,0,0,0,0,0,1,0,1
50,1,4,0,0,0,0,0,0,0,0,0,15,3,0,0,1,0,0,0,0,0,-1,0,0,0,0,0,0,0,0,1
118,2,4,0,0,0,0,0,0,0,0,0,11,3,0,0,1,3,0,0,1,0,0,0,0,0,0,0,0,0,0,1
171,3,8,1,0,0,0,0,0,0,0,1,11,3,0,0,1,5,0,0,0,0,-1,0,0,0,0,1,0,1,0,1
104,3,2,10,0,0,0,0,0,0,0,1,21,3,0,0,1,2,0,0,0,0,-1,0,0,0,0,0,0,1,0,1
40,2,5,1,0,0,0,0,0,0,0,1,15,3,0,0,0,0,0,0,0,0,-1,0,0,0,0,0,0,0,0,1
31,1,1,1,0,0,0,0,0,0,0,0,11,3,0,0,0,1,0,0,1,0,-1,0,0,0,0,0,0,0,0,1
109,2,3,14,0,0,0,0,0,0,0,0,13,3,0,0,1,0,0,0,0,0,-1,0,0,0,0,0,0,0,0,1
25,2,3,0,0,0,0,0,0,0,0,1,13,2,0,0,0,0,0,0,0,0,0,0,0,0,0,0,0,0,0,1
19,1,0,0,0,0,0,0,0,0,0,0,19,3,0,0,0,0,0,0,0,0,-1,0,0,0,0,0,0,0,0,1
15,1,0,0,0,0,0,0,0,0,0,0,15,3,0,0,0,0,0,0,0,0,-1,0,0,0,0,0,0,0,0,1
33,3,2,0,0,0,0,0,0,0,0,1,18,3,0,0,1,0,0,0,0,0,-1,0,0,0,0,0,0,0,0,1
71,1,3,5,0,0,0,0,0,0,0,0,10,3,0,0,1,0,0,0,0,0,-1,0,0,0,0,0,0,0,0,1
51,1,3,3,0,0,0,0,0,0,0,0,10,3,0,0,1,0,0,0,0,0,-1,0,0,0,0,0,0,0,0,1
93,3,5,3,0,0,0,0,0,0,0,1,27,3,0,0,0,0,0,0,0,0,0,0,0,0,0,0,0,0,0,1
169,4,3,4,0,0,0,0,0,0,0,2,42,2,0,0,1,5,0,0,1,0,0,0,0,0,0,0,0,0,0,1
104,1,7,6,0,0,0,0,0,0,0,0,6,2,0,0,0,0,0,0,0,0,0,0,0,0,0,0,0,0,0,1
30,1,4,0,0,0,0,0,0,0,0,0,9,3,0,0,1,0,0,0,0,0,-1,0,0,0,0,0,0,0,0,1
18,2,0,0,0,0,0,0,0,0,0,1,18,2,0,0,0,0,0,0,0,0,-1,0,0,1,0,0,0,0,0,1
25,2,0,1,0,0,0,0,0,0,0,1,25,2,0,0,0,0,0,0,0,0,-1,0,0,0,0,0,0,0,0,1
31,1,1,0,0,0,0,0,0,0,0,0,11,3,0,0,0,1,0,0,1,0,-1,0,0,0,0,0,0,0,0,1
25,2,1,0,0,0,0,0,0,0,0,0,13,3,0,0,0,0,0,0,0,0,-1,0,0,0,0,0,0,0,0,1
127,4,3,0,0,0,0,0,0,0,0,0,14,3,0,0,0,5,0,0,1,0,0,0,0,0,0,0,0,0,0,1
29,1,2,0,0,0,0,0,0,0,0,0,13,3,0,0,0,0,0,0,0,0,-1,0,0,0,0,0,0,0,0,1
109,1,5,16,0,0,0,0,0,0,0,0,13,3,0,0,1,0,0,0,0,0,0,0,0,0,0,0,0,0,0,1
44,2,6,1,0,0,0,0,0,0,0,1,11,3,0,0,1,0,0,0,0,0,-1,0,0,0,0,0,0,0,0,1
31,1,1,0,0,0,0,0,0,0,0,0,11,3,0,0,0,1,0,0,1,0,-1,0,0,0,0,0,0,0,0,1
23,1,2,0,0,0,0,0,0,0,0,0,8,3,0,0,1,0,0,0,0,0,-1,0,0,0,0,0,0,0,0,1
123,2,3,4,0,0,0,0,0,0,0,0,13,3,0,0,0,5,0,0,1,0,0,0,0,0,0,0,0,0,0,1
31,1,1,0,0,0,0,0,0,0,0,0,11,3,0,0,0,1,0,0,1,0,-1,0,0,0,0,0,0,0,0,1
62,1,3,4,0,0,0,0,0,0,0,0,14,3,0,0,0,0,0,0,0,0,-1,0,0,0,0,0,0,0,0,1
120,3,6,1,0,0,1,0,0,0,1,1,16,3,0,0,1,0,0,0,0,0,0,0,0,0,0,0,0,0,0,1
21,1,0,0,0,0,0,0,0,0,0,0,21,3,0,0,0,0,0,0,0,0,-1,0,0,0,0,0,0,0,0,1
33,1,3,0,0,0,0,0,0,0,0,0,9,3,0,0,0,0,0,0,0,0,-1,0,0,0,0,0,0,0,0,1
20,1,1,0,0,0,0,0,0,0,0,0,9,3,0,0,0,0,0,0,0,0,-1,0,0,0,0,0,0,0,0,1
124,2,9,11,0,0,0,0,0,0,0,1,11,3,0,0,1,0,0,0,0,0,0,0,0,0,0,1,0,0,0,1
13,1,0,0,0,0,0,0,0,0,0,0,13,3,0,0,0,0,0,0,0,0,-1,0,0,0,0,0,0,0,0,1
61,3,4,4,0,0,0,0,0,0,0,1,20,2,0,0,0,0,0,0,0,0,0,0,0,0,0,0,0,0,0,1
38,2,2,0,0,0,0,0,0,0,0,0,17,3,0,0,0,0,0,0,0,0,-1,0,0,0,0,0,0,0,0,1
89,1,5,7,0,0,0,0,0,0,0,0,14,3,0,0,1,0,0,0,0,0,0,0,0,0,0,0,0,0,0,1
46,3,3,1,0,0,0,0,0,0,0,1,18,3,0,0,0,0,0,0,0,0,0,0,0,0,0,0,0,0,0,1
22,1,1,1,0,0,0,0,0,0,0,0,10,3,0,0,1,0,0,0,0,0,-1,0,0,0,0,0,0,0,0,1
79,2,5,4,0,0,0,0,0,0,0,1,23,3,0,0,0,0,0,0,0,0,0,0,0,0,0,0,0,0,0,1
16,1,0,0,0,0,0,0,0,0,0,0,16,3,0,0,0,0,0,0,0,0,-1,0,0,0,0,0,0,0,0,1
44,1,4,1,0,0,0,0,0,0,0,0,12,3,0,0,1,0,0,0,0,0,-1,0,0,0,0,0,0,0,0,1
99,3,3,0,0,0,0,0,0,0,0,1,21,2,0,0,0,5,0,0,1,0,0,0,0,0,0,0,0,0,0,1
23,1,2,0,0,0,0,0,0,0,0,0,8,3,0,0,1,0,0,0,0,0,-1,0,0,0,0,0,0,0,0,1
71,2,2,4,0,0,0,0,0,0,0,0,16,3,0,0,1,0,0,0,0,0,-1,0,0,0,0,0,0,0,0,1
42,1,1,3,0,0,0,0,0,0,0,0,14,3,0,0,0,0,0,0,0,0,-1,0,0,0,0,0,0,0,0,1
42,2,2,0,0,0,0,0,0,0,0,1,16,3,0,0,0,0,0,0,0,0,-1,0,0,0,0,0,0,0,0,1
42,4,4,0,0,0,0,0,0,0,0,1,17,3,0,0,0,0,0,0,0,0,0,0,0,0,0,0,0,0,0,1
51,3,5,0,0,0,0,0,0,0,0,1,20,2,0,0,0,0,0,0,0,0,0,0,0,0,0,0,0,0,0,1
29,3,1,1,0,0,0,0,0,0,0,2,18,3,0,0,0,0,0,0,0,0,-1,0,0,0,0,0,0,0,0,1
44,3,3,0,0,0,0,0,0,0,0,1,11,2,0,0,0,1,0,0,1,0,0,0,0,0,0,0,0,0,0,1
59,2,2,0,0,0,0,0,0,0,0,0,18,3,0,0,0,1,0,0,1,0,-1,0,0,0,0,0,0,0,0,1
21,1,0,0,0,0,0,0,0,0,0,0,21,3,0,0,0,0,0,0,0,0,-1,0,0,0,0,0,0,0,0,1
76,2,5,1,0,0,0,0,0,0,0,0,15,3,0,0,1,0,0,0,0,0,0,0,0,0,0,0,0,0,0,1
26,2,2,1,0,0,0,0,0,0,0,0,15,3,0,0,0,0,0,0,0,0,-1,0,0,0,0,0,0,0,0,1
39,2,2,0,0,0,0,0,0,0,0,0,16,3,0,0,1,0,0,0,0,0,-1,0,0,0,0,0,0,0,0,1
79,3,2,0,0,0,0,0,0,0,0,0,21,3,0,0,1,3,0,0,1,0,-1,0,0,0,0,0,0,0,0,1
22,1,0,0,0,0,0,0,0,0,0,0,22,4,0,0,0,0,0,0,0,0,-1,0,0,0,0,0,0,0,0,1
117,2,4,12,0,0,0,0,0,0,0,0,14,3,0,0,1,0,0,0,0,0,-1,0,0,0,0,0,0,0,0,1
39,1,4,0,0,0,0,0,0,0,0,0,8,3,0,0,0,0,0,0,0,0,-1,0,0,0,0,0,0,0,0,1
37,2,1,0,0,0,0,0,0,0,0,0,9,3,0,0,0,0,0,0,0,0,-1,0,0,0,0,0,0,0,0,1
33,2,2,0,0,0,0,0,0,0,0,0,8,3,0,0,0,1,0,0,1,0,-1,0,0,0,0,0,0,0,0,1
84,2,4,0,0,0,0,0,0,0,0,0,21,2,0,0,0,0,0,0,0,0,-1,0,0,0,0,0,0,0,0,1
35,1,1,3,0,0,0,0,0,0,0,0,13,3,0,0,1,0,0,0,0,0,-1,0,0,0,0,0,0,0,0,1
64,3,3,0,0,0,0,0,0,0,0,1,14,2,0,0,0,3,0,0,1,0,0,0,0,0,0,0,0,0,0,1
54,2,2,4,0,0,0,0,0,0,0,0,15,3,0,0,0,0,0,0,0,0,-1,0,0,0,0,0,0,0,0,1
25,1,1,0,0,0,0,0,0,0,0,0,12,3,0,0,0,0,0,0,0,0,-1,0,0,0,0,0,0,0,0,1
53,2,3,2,0,0,0,0,0,0,0,1,20,3,0,0,0,0,0,0,0,0,-1,0,0,0,0,0,0,0,0,1
12,1,0,0,0,0,0,0,0,0,0,0,12,2,0,0,0,0,0,0,0,0,-1,0,0,0,0,0,0,0,0,1
253,3,3,0,0,0,0,0,0,0,0,1,17,2,0,0,0,5,0,0,1,0,0,0,0,0,0,0,0,0,0,1
33,3,3,0,0,0,0,0,0,0,0,1,15,2,0,0,0,0,0,0,0,0,0,0,0,0,0,0,0,0,0,1
50,1,2,5,0,0,0,0,0,0,0,0,9,3,0,0,1,0,0,0,0,0,-1,0,0,0,0,0,0,0,0,1
16,1,0,0,0,0,0,0,0,0,0,0,16,3,0,0,0,0,0,0,0,0,-1,0,0,0,0,0,0,0,0,1
36,2,1,1,0,0,0,0,0,0,0,1,28,3,0,0,0,0,0,0,0,0,-1,0,0,0,0,0,0,0,0,1
26,2,2,0,0,0,0,0,0,0,0,1,15,3,0,0,0,0,0,0,0,0,-1,0,0,0,0,0,0,0,0,1
62,1,2,5,0,0,0,0,0,0,0,0,10,3,0,0,1,0,0,0,0,0,-1,0,0,0,0,0,0,0,0,1
92,2,3,10,0,0,0,0,0,0,0,0,17,3,0,0,1,0,0,0,0,0,-1,0,0,0,0,0,0,0,0,1
28,1,1,1,0,0,0,0,0,0,0,0,18,3,0,0,0,0,0,0,0,0,-1,0,0,0,0,0,0,0,0,1
53,1,3,3,0,0,0,0,0,0,0,0,12,3,0,0,1,0,0,0,0,0,-1,0,0,0,0,0,0,0,0,1
14,1,0,0,0,0,0,0,0,0,0,0,14,3,0,0,0,0,0,0,0,0,-1,0,0,0,0,0,0,0,0,1
20,1,1,1,0,0,0,0,0,0,0,0,14,3,0,0,0,0,0,0,0,0,-1,0,0,0,0,0,0,0,0,1
85,3,3,0,0,0,0,0,0,0,0,1,26,2,0,0,1,5,0,0,1,0,0,0,0,0,0,0,0,0,0,1
22,2,0,0,0,0,0,0,0,0,0,1,22,2,0,0,0,0,0,0,0,0,-1,0,0,0,0,0,0,0,0,1
60,1,3,2,0,0,0,0,0,0,0,0,12,3,0,0,1,0,0,0,0,0,-1,0,0,0,0,0,0,0,0,1
51,2,2,0,0,0,0,0,0,0,0,1,16,3,0,0,0,0,0,0,0,0,-1,0,0,0,0,0,0,0,0,1
28,1,2,0,0,0,0,0,0,0,0,0,10,3,0,0,0,0,0,0,0,0,-1,0,0,0,0,0,0,0,0,1
57,2,4,0,0,0,0,0,0,0,0,0,25,3,0,0,0,0,0,0,0,0,0,0,0,0,0,0,0,0,0,1
31,2,3,0,0,0,0,0,0,0,0,1,14,2,0,0,0,0,0,0,0,0,0,0,0,0,0,0,0,0,0,1
49,1,3,1,0,0,0,0,0,0,0,0,12,3,0,0,1,0,0,0,0,0,-1,0,0,0,0,0,0,0,0,1
24,2,0,1,0,0,0,0,0,0,0,1,24,3,0,0,0,0,0,0,0,0,-1,0,0,0,0,0,0,0,0,1
11,1,0,0,0,0,0,0,0,0,0,0,11,3,0,0,0,0,0,0,0,0,-1,0,0,0,0,0,0,0,0,1
14,1,0,1,0,0,0,0,0,0,0,0,14,3,0,0,0,0,0,0,0,0,-1,0,0,0,0,0,0,0,0,1
48,2,1,2,0,0,0,0,0,0,0,0,13,3,0,0,0,0,0,0,0,0,-1,0,0,0,0,0,0,0,0,1
83,1,5,0,0,0,0,0,0,0,0,0,16,3,0,0,0,1,0,0,1,0,0,0,0,0,0,0,0,0,0,1
30,1,1,1,0,0,0,0,0,0,0,0,18,3,0,0,0,0,0,0,0,0,-1,0,0,0,0,0,0,0,0,1
26,2,1,0,0,0,0,0,0,0,0,0,12,3,0,0,0,0,0,0,0,0,-1,0,0,0,0,0,0,0,0,1
13,1,0,0,0,0,0,0,0,0,0,0,13,3,0,0,0,0,0,0,0,0,-1,0,0,0,0,0,0,0,0,1
17,1,0,0,0,0,0,0,0,0,0,0,17,3,0,0,0,0,0,0,0,0,-1,0,0,0,0,0,0,0,0,1
15,1,0,1,0,0,0,0,0,0,0,0,15,3,0,0,0,0,0,0,0,0,-1,0,0,0,0,0,0,0,0,1
35,2,2,0,0,0,0,0,0,0,0,1,16,3,0,0,0,0,0,0,0,0,-1,0,0,0,0,0,0,0,0,1
44,1,2,0,0,0,0,0,0,0,0,0,15,3,0,0,1,1,0,0,1,1,-1,0,0,0,0,0,0,0,0,1
25,1,2,1,0,0,0,0,0,0,0,0,7,3,0,0,0,0,0,0,0,0,-1,0,0,0,0,0,0,0,0,1
72,2,2,0,0,0,0,0,0,0,0,1,16,3,0,0,1,1,0,0,0,0,-1,0,0,0,0,0,0,1,0,1
51,1,4,1,0,0,0,0,0,0,0,0,14,3,0,0,1,0,0,0,0,0,-1,0,0,0,0,0,0,0,0,1
31,2,2,0,0,0,0,0,0,0,0,0,13,3,0,0,0,0,0,0,0,0,-1,0,0,0,0,0,0,0,0,1
79,3,3,0,0,0,0,0,0,0,0,1,15,2,0,0,0,5,0,0,1,0,0,0,0,0,0,0,0,0,0,1
18,1,0,1,0,0,0,0,0,0,0,0,18,3,0,0,0,0,0,0,0,0,-1,0,0,0,0,0,0,0,0,1
57,1,1,0,0,0,0,0,0,0,0,0,19,3,0,0,0,0,0,0,0,0,-1,0,0,0,0,0,0,0,0,1
83,2,3,4,0,0,0,0,0,0,0,0,8,3,0,0,1,0,0,0,0,0,-1,0,0,0,0,0,0,0,0,1
20,1,1,0,0,0,0,0,0,0,0,0,11,3,0,0,0,0,0,0,0,0,-1,0,0,0,0,0,0,0,0,1
100,1,5,8,1,0,0,0,0,0,0,0,9,3,0,1,0,1,0,0,1,0,0,0,0,0,0,0,0,0,0,1
17,2,0,0,0,0,0,0,0,0,0,1,17,3,0,0,0,0,0,0,0,0,-1,0,0,0,0,0,0,0,0,1
26,1,1,0,0,0,0,0,0,0,0,0,13,3,0,0,0,0,0,0,0,0,-1,0,0,0,0,0,0,0,0,1
31,2,1,0,0,0,0,0,0,0,0,0,12,3,0,0,0,0,0,0,0,0,-1,0,0,0,0,0,0,0,0,1
53,1,1,7,0,0,0,0,0,0,0,0,11,3,0,0,0,0,0,0,0,0,-1,0,0,0,0,0,0,0,0,1
115,3,3,5,0,0,0,0,0,0,0,1,15,2,0,0,1,5,0,0,1,0,0,0,0,0,0,0,0,0,0,1
105,2,4,11,0,0,0,0,0,0,0,1,25,3,0,0,1,0,0,0,0,0,-1,0,0,0,0,0,0,0,0,1
47,2,3,1,0,0,0,0,0,0,0,0,13,3,0,0,0,0,0,0,0,0,-1,0,0,0,0,0,0,0,0,1
16,1,0,0,0,0,0,0,0,0,0,0,16,3,0,0,0,0,0,0,0,0,-1,0,0,0,0,0,0,0,0,1
43,3,4,0,0,0,0,0,0,0,0,1,11,2,0,0,0,0,0,0,0,0,0,0,0,0,0,0,0,0,0,1
28,2,1,0,0,0,0,0,0,0,0,0,12,3,0,0,0,0,0,0,0,0,-1,0,0,0,0,0,0,0,0,1
152,3,3,6,0,0,0,0,0,0,0,1,31,3,0,0,0,5,0,0,1,0,0,0,0,0,0,0,0,0,0,1
39,2,1,2,0,0,0,0,0,0,0,1,30,2,0,0,0,1,0,0,1,0,-1,0,0,0,0,0,0,0,0,1
67,2,6,0,0,0,0,0,0,0,0,0,14,3,0,0,0,0,0,0,0,0,-1,0,0,0,0,0,0,0,0,1
30,1,2,0,0,0,0,0,0,0,0,0,12,3,0,0,0,0,0,0,0,0,-1,0,0,0,0,0,0,0,0,1
24,1,0,0,0,0,0,0,0,0,0,0,24,3,0,0,0,0,0,0,0,0,-1,0,0,0,0,0,0,0,0,1
120,3,6,11,0,0,0,0,0,0,0,2,24,2,0,0,1,0,0,0,0,0,0,0,0,0,0,0,0,0,0,1
30,2,1,0,0,0,0,0,0,0,0,0,10,3,0,0,1,1,0,0,1,0,-1,0,0,0,0,0,0,0,0,1
38,1,3,0,0,0,0,0,0,0,0,0,14,3,0,0,0,0,0,0,0,0,-1,0,0,0,0,0,0,0,0,1
16,1,0,0,0,0,0,0,0,0,0,0,16,3,0,0,0,0,0,0,0,0,-1,0,0,0,0,0,0,0,0,1
17,1,0,0,0,0,0,0,0,0,0,0,17,2,0,0,0,0,0,0,0,0,-1,0,0,1,0,0,0,0,0,1
85,2,6,1,0,0,0,0,0,0,0,0,19,3,0,0,0,0,0,0,0,0,0,0,0,0,0,0,0,0,0,1
23,2,0,1,0,0,0,0,0,0,0,1,23,3,0,0,0,0,0,0,0,0,-1,0,0,0,0,0,0,0,0,1
93,1,1,10,0,0,0,0,0,0,0,0,10,3,0,0,0,0,0,0,0,0,-1,0,0,0,0,0,0,0,0,1
59,4,6,0,0,0,0,0,0,0,0,2,19,2,0,0,0,0,0,0,0,0,0,0,0,0,0,0,0,0,0,1
49,4,3,0,0,0,0,0,0,0,0,2,28,2,0,0,0,0,0,0,0,0,0,0,0,0,0,0,0,0,0,1
38,2,1,0,0,0,0,0,0,0,0,0,12,3,0,0,1,1,0,0,1,0,-1,0,0,0,0,0,0,0,0,1
141,1,5,1,0,0,0,0,0,0,0,0,15,3,0,0,0,5,0,0,1,0,0,0,0,0,0,0,0,1,0,1
27,1,2,0,0,0,0,0,0,0,0,0,12,2,0,0,0,0,0,0,0,0,-1,0,0,0,0,0,0,0,0,1
53,2,1,1,0,0,0,0,0,0,0,0,17,3,0,0,0,0,0,0,0,0,-1,0,0,0,0,0,0,0,0,1
21,1,0,0,0,0,0,0,0,0,0,0,21,3,0,0,0,0,0,0,0,0,-1,0,0,0,0,0,0,0,0,1
116,5,3,0,0,0,0,0,0,0,0,2,22,2,0,0,0,5,0,0,1,0,0,0,0,0,0,0,0,0,0,1
50,3,3,3,0,0,0,0,0,0,0,1,22,3,0,0,0,0,0,0,0,0,0,0,0,0,0,0,0,0,0,1
20,2,1,0,0,0,0,0,0,0,0,0,11,3,0,0,0,0,0,0,0,0,-1,0,0,0,0,0,0,0,0,1
122,7,4,0,0,0,0,0,0,0,0,0,12,3,0,0,1,1,0,0,1,0,0,0,0,0,0,0,0,0,0,1
18,1,0,0,0,0,0,0,0,0,0,0,18,3,0,0,0,0,0,0,0,0,-1,0,0,0,0,0,0,0,0,1
14,1,0,0,0,0,0,0,0,0,0,0,14,3,0,0,0,0,0,0,0,0,-1,0,0,0,0,0,0,0,0,1
37,3,3,0,0,0,0,0,0,0,0,1,19,2,0,0,0,0,0,0,0,0,0,0,0,0,0,0,0,0,0,1
46,4,3,1,0,0,0,0,0,0,0,2,20,2,0,0,0,0,0,0,0,0,0,0,0,0,0,0,0,0,0,1
72,2,3,8,0,0,0,0,0,0,0,0,20,3,0,0,1,0,0,0,0,0,-1,0,0,0,0,0,0,0,0,1
42,2,1,0,0,0,0,0,0,0,0,0,14,3,0,0,1,1,0,0,1,0,-1,0,0,0,0,0,0,0,0,1
75,1,2,10,0,0,0,0,0,0,0,0,12,3,0,0,1,0,0,0,0,0,-1,0,0,0,0,0,0,0,0,1
86,2,3,3,0,0,0,0,0,0,0,0,10,3,0,0,1,3,0,0,1,0,-1,0,0,0,0,0,0,0,0,1
68,5,7,2,0,0,0,0,0,0,0,0,13,2,0,0,0,0,0,0,0,0,0,0,1,0,0,0,0,0,0,1
39,3,4,1,0,0,0,0,0,0,0,1,16,2,0,0,0,0,0,0,0,0,0,0,0,0,0,0,0,0,0,1
43,1,3,0,0,0,0,0,0,0,0,0,10,3,0,0,1,0,0,0,0,0,-1,0,0,0,0,0,0,0,0,1
49,1,3,3,0,0,0,0,0,0,0,0,10,3,0,0,1,0,0,0,0,0,-1,0,0,0,0,0,0,0,0,1
118,1,6,12,0,0,0,0,0,0,0,0,14,3,0,0,1,0,0,0,0,0,0,0,0,0,0,0,0,0,0,1
76,2,3,0,0,0,0,0,0,0,0,0,12,2,0,0,0,5,0,0,1,0,0,0,0,0,0,0,0,0,0,1
153,4,3,0,0,0,0,0,0,0,0,0,21,3,0,0,0,5,0,0,1,0,0,0,0,0,0,0,0,0,0,1
19,1,0,0,0,0,0,0,0,0,0,0,19,3,0,0,0,0,0,0,0,0,-1,0,0,0,0,0,0,0,0,1
11,1,0,0,0,0,0,0,0,0,0,0,11,3,0,0,0,0,0,0,0,0,-1,0,0,0,0,0,0,0,0,1
32,1,2,0,0,0,0,0,0,0,0,0,12,2,0,0,0,0,0,0,0,0,-1,0,0,0,0,0,0,0,0,1
47,2,2,0,0,0,0,0,0,0,0,1,21,3,0,0,1,0,0,0,0,0,-1,0,0,0,0,0,0,0,0,1
51,2,4,0,0,0,0,0,0,0,0,0,13,3,0,0,0,0,0,0,0,0,-1,0,0,0,0,0,0,0,0,1
35,1,2,2,0,0,0,0,0,0,0,0,12,3,0,0,1,0,0,0,0,0,-1,0,0,0,0,0,0,0,0,1
36,2,2,0,0,0,0,0,0,0,0,0,19,3,0,0,0,0,0,0,0,0,-1,0,0,0,0,0,0,0,0,1
51,7,3,1,0,0,1,0,0,0,0,5,33,2,0,0,0,0,0,0,0,0,0,0,0,0,0,0,0,0,0,1
47,1,3,1,0,0,0,0,0,0,0,0,12,3,0,0,1,0,0,0,0,0,-1,0,0,0,0,0,0,0,0,1
26,1,1,0,0,0,0,0,0,0,0,0,13,4,0,0,1,1,0,0,1,0,-1,0,0,0,0,0,0,0,0,1
116,1,5,14,0,0,0,0,0,0,0,0,7,3,0,0,1,0,0,0,0,0,0,0,0,0,0,0,0,0,0,1
88,6,10,2,0,0,0,0,0,0,0,0,9,2,0,1,1,4,0,1,2,0,1,0,0,0,0,1,0,1,1,1
66,2,5,4,0,0,0,0,0,0,0,0,12,3,0,0,1,0,0,0,0,0,-1,0,0,0,0,0,0,0,0,1
31,1,1,0,0,0,0,0,0,0,0,0,11,3,0,0,0,1,0,0,1,0,-1,0,0,0,0,0,0,0,0,1
63,2,4,0,0,0,0,0,0,0,0,0,17,3,0,0,0,0,0,0,0,0,-1,0,0,0,0,0,0,0,0,1
38,2,3,0,0,0,0,0,0,0,0,0,14,3,0,0,1,0,0,0,0,0,-1,0,0,0,0,0,0,0,0,1
36,2,2,0,0,0,0,0,0,0,0,1,16,3,0,0,0,0,0,0,0,0,-1,0,0,0,0,0,0,0,0,1
16,1,0,0,0,0,0,0,0,0,0,0,16,3,0,0,0,0,0,0,0,0,-1,0,0,0,0,0,0,0,0,1
44,2,2,1,0,0,0,0,0,0,0,1,10,3,0,0,0,2,0,0,0,0,-1,0,0,0,0,0,0,1,0,1
62,1,6,5,0,0,0,0,0,0,0,0,6,2,0,0,1,0,0,0,0,0,0,0,0,0,0,0,0,0,0,1
64,1,4,4,0,0,0,0,0,0,0,0,10,3,0,0,0,0,0,0,0,0,-1,0,0,0,0,0,0,0,0,1
83,2,3,5,0,0,0,0,0,0,0,0,19,3,0,0,0,0,0,0,0,0,-1,0,0,0,0,0,0,0,0,1
187,1,1,25,0,0,0,0,0,0,0,0,11,3,0,0,0,0,0,0,0,0,-1,0,0,0,0,0,0,0,0,1
30,1,2,0,0,0,0,0,0,0,0,0,13,3,0,0,0,0,0,0,0,0,-1,0,0,0,0,0,0,0,0,1
40,1,3,0,0,0,0,0,0,0,0,0,18,3,0,0,0,0,0,0,0,0,0,0,0,0,0,0,0,0,0,1
86,1,8,5,0,0,0,0,0,0,0,0,12,3,0,0,1,0,0,0,0,0,0,0,0,0,0,1,0,0,0,1
20,3,0,0,0,0,0,0,0,0,0,2,20,3,0,0,0,0,0,0,0,0,-1,0,0,0,0,0,0,0,0,1
102,1,4,13,0,0,0,0,0,0,0,0,18,3,0,0,1,0,0,0,0,0,-1,0,0,0,0,0,0,0,0,1
33,2,2,0,0,0,0,0,0,0,0,1,16,3,0,0,0,0,0,0,0,0,-1,0,0,0,0,0,0,0,0,1
42,2,0,0,0,0,0,0,0,0,0,1,42,3,0,0,0,0,0,0,0,0,-1,0,0,0,0,0,0,0,0,1
60,3,1,2,0,0,0,0,0,0,0,1,22,2,0,0,0,2,0,0,1,0,-1,0,0,0,0,0,0,1,0,1
31,1,1,0,0,0,0,0,0,0,0,0,11,3,0,0,0,1,0,0,1,0,-1,0,0,0,0,0,0,0,0,1
85,1,3,8,0,0,0,0,0,0,0,0,20,3,0,0,1,1,0,0,0,0,-1,0,0,0,0,0,0,1,0,1
67,2,1,0,0,0,0,0,0,0,0,0,27,3,0,0,1,3,0,0,1,0,-1,0,0,0,0,0,0,0,0,1
34,1,2,0,0,0,0,0,0,0,0,0,9,3,0,0,0,0,0,0,0,0,-1,0,0,0,0,0,0,0,0,1
84,3,3,0,0,0,0,0,0,0,0,1,19,2,0,0,0,5,0,0,1,0,0,0,0,0,0,0,0,0,0,1
51,2,2,0,0,0,0,0,0,0,0,0,17,3,0,0,0,0,0,0,0,0,-1,0,0,0,0,0,0,0,0,1
148,3,6,0,0,0,0,0,0,0,0,1,21,2,0,0,0,4,0,0,1,0,0,0,0,0,0,0,0,0,0,1
49,1,3,3,0,0,0,0,0,0,0,0,10,3,0,0,1,0,0,0,0,0,-1,0,0,0,0,0,0,0,0,1
82,3,3,3,0,0,0,0,0,0,0,1,13,3,0,0,0,5,0,0,1,0,0,0,0,0,0,0,0,0,0,1
58,3,2,3,0,0,0,0,0,0,0,1,16,2,0,0,1,0,0,0,0,0,-1,0,0,0,0,0,0,0,0,1
80,2,6,4,0,0,0,0,0,0,0,0,15,3,0,0,1,0,0,0,0,0,-1,0,0,0,0,0,0,0,0,1
41,1,2,1,0,0,0,0,0,0,0,0,14,3,0,0,0,0,0,0,0,0,-1,0,0,0,0,0,0,0,0,1
31,1,1,0,0,0,0,0,0,0,0,0,9,3,0,0,0,0,0,0,0,0,-1,0,0,0,0,0,0,0,0,1
39,2,2,0,0,0,0,0,0,0,0,1,16,3,0,0,0,0,0,0,0,0,-1,0,0,0,0,0,0,0,0,1
98,1,6,11,0,0,0,0,0,0,0,0,10,3,0,0,1,0,0,0,0,0,0,0,0,0,0,0,0,0,0,1
40,2,3,1,0,0,0,0,0,0,0,0,19,3,0,0,0,0,0,0,0,0,0,0,0,0,0,0,0,0,0,1
80,1,3,0,0,0,0,0,0,0,0,0,9,4,0,0,1,5,0,0,0,0,0,0,0,0,0,0,0,1,0,1
52,2,2,0,0,0,0,0,0,0,0,0,21,3,0,0,0,0,0,0,0,0,-1,0,0,0,0,0,0,0,0,1
61,2,2,0,0,0,0,0,0,0,0,0,20,3,0,0,1,5,0,0,1,0,-1,0,0,0,0,0,0,0,0,1
33,3,3,0,0,0,0,0,0,0,0,1,15,2,0,0,0,0,0,0,0,0,0,0,0,0,0,0,0,0,0,1
32,1,1,0,0,0,0,0,0,0,0,0,11,3,0,0,0,0,0,0,0,0,-1,0,0,0,0,0,0,0,0,1
136,3,3,6,0,0,0,0,0,0,0,1,19,3,0,0,1,5,0,0,1,0,0,0,0,0,0,0,0,0,0,1
38,2,1,0,0,0,0,0,0,0,0,0,17,3,0,0,0,1,0,0,1,0,-1,0,0,0,0,0,0,0,0,1
226,3,3,0,0,0,0,0,0,0,0,1,12,2,0,0,0,5,0,0,1,0,0,0,0,0,0,0,0,1,0,1
45,2,4,0,0,0,0,0,0,0,0,0,15,3,0,0,0,0,0,0,0,0,-1,0,0,0,0,0,0,0,0,1
69,2,4,1,0,0,0,0,0,0,0,0,11,3,0,0,1,0,0,0,0,0,-1,0,0,0,0,0,0,0,0,1
20,2,1,0,0,0,0,0,0,0,0,1,11,3,0,0,0,0,0,0,0,0,-1,0,0,0,0,0,0,0,0,1
38,3,3,0,0,0,0,0,0,0,0,1,20,3,0,0,0,0,0,0,0,0,0,0,0,0,0,0,0,0,0,1
120,3,3,1,0,0,0,0,0,0,0,1,23,2,0,0,0,5,0,0,1,0,0,0,0,0,0,0,0,0,0,1
24,1,0,1,0,0,0,0,0,0,0,0,24,3,0,0,0,0,0,0,0,0,-1,0,0,0,0,0,0,0,0,1
26,1,0,3,0,0,0,0,0,0,0,0,26,3,0,0,0,0,0,0,0,0,-1,0,0,0,0,0,0,0,0,1
30,1,2,1,0,0,0,0,0,0,0,0,20,2,0,0,1,0,0,0,0,0,-1,0,0,0,0,0,0,0,0,1
12,1,0,0,0,0,0,0,0,0,0,0,12,3,0,0,0,0,0,0,0,0,-1,0,0,0,0,0,0,0,0,1
15,1,0,0,0,0,0,0,0,0,0,0,15,3,0,0,0,0,0,0,0,0,-1,0,0,0,0,0,0,0,0,1
55,1,4,4,0,0,0,0,0,0,0,0,9,3,0,0,0,0,0,0,0,0,-1,0,0,0,0,0,0,0,0,1
76,3,3,2,0,0,0,0,0,0,0,1,33,2,0,0,0,3,0,0,1,0,0,0,0,0,0,0,0,0,0,1
116,1,5,11,0,0,0,0,1,0,0,0,15,3,0,0,1,0,0,0,0,0,0,0,0,0,0,0,0,0,0,1
22,1,0,0,0,0,0,0,0,0,0,0,22,3,0,0,0,0,0,0,0,0,-1,0,0,0,0,0,0,0,0,1
70,3,7,0,0,0,0,0,0,0,0,1,15,2,0,0,0,0,0,0,0,0,0,0,0,0,0,0,0,0,0,1
51,2,2,0,0,0,0,0,0,0,0,1,16,3,0,0,1,0,0,0,0,0,-1,0,0,0,0,0,0,0,0,1
38,2,2,0,0,0,0,0,0,0,0,0,10,3,0,0,0,0,0,0,0,0,-1,0,0,0,0,0,0,0,0,1
44,3,1,0,0,0,0,0,0,0,0,1,10,2,0,0,0,0,0,0,0,0,-1,0,0,0,0,0,0,0,0,1
35,2,1,0,0,0,0,0,0,0,0,0,18,3,0,0,0,0,0,0,0,0,-1,0,0,0,0,0,0,0,0,1
22,1,1,0,0,0,0,0,0,0,0,0,14,3,0,0,0,1,0,0,1,0,-1,0,0,0,0,0,0,0,0,1
89,1,3,0,0,0,0,0,0,0,0,0,9,4,0,0,1,5,0,0,0,0,0,0,0,0,0,0,0,1,0,1
30,1,2,0,0,0,0,0,0,0,0,0,16,3,0,0,1,0,0,0,0,0,-1,0,0,0,0,0,0,0,0,1
108,3,3,0,0,0,0,0,0,0,0,1,22,2,0,0,0,5,0,0,1,0,0,0,0,0,0,0,0,0,0,1
80,2,2,1,0,0,0,0,0,0,0,0,26,3,0,0,0,0,0,0,0,0,-1,0,0,0,0,0,0,0,0,1
28,3,1,0,0,0,0,0,0,0,0,0,12,3,0,0,0,0,0,0,0,0,-1,0,0,0,0,0,0,0,0,1
31,3,3,0,0,0,0,0,0,0,0,1,13,2,0,0,0,0,0,0,0,0,0,0,0,0,0,0,0,0,0,1
110,3,4,0,0,0,0,0,0,0,0,1,16,3,0,0,0,5,0,0,1,0,0,0,0,0,0,0,0,0,0,1
74,2,3,0,0,0,0,0,0,0,0,0,9,3,0,0,0,5,0,0,1,0,0,0,0,0,0,0,0,0,0,1
82,3,3,1,0,0,0,0,0,0,0,1,17,2,0,0,0,5,0,0,1,0,0,0,0,0,0,0,0,0,0,1
126,2,2,13,0,0,0,0,0,0,0,0,28,3,0,0,0,0,0,0,0,0,-1,0,0,0,0,0,0,0,0,1
44,2,3,1,0,0,0,0,0,0,0,0,21,3,0,0,1,0,0,0,0,0,-1,0,0,0,0,0,0,0,0,1
24,2,3,0,0,0,0,0,0,0,0,0,8,3,0,0,0,0,0,0,0,0,-1,0,0,0,0,0,0,0,0,1
43,2,1,0,0,0,0,0,0,0,0,0,13,3,0,0,1,1,0,0,1,0,-1,0,0,0,0,0,0,0,0,1
39,2,2,0,0,0,0,0,0,0,0,1,21,3,0,0,0,0,0,0,0,0,-1,0,0,0,0,0,0,0,0,1
10,1,1,0,0,0,0,0,0,0,0,0,4,2,0,0,0,0,0,0,0,0,-1,0,0,0,0,0,0,0,0,1
39,2,5,1,0,0,0,0,0,0,0,1,15,2,0,0,0,0,0,0,0,0,0,0,0,0,0,0,0,0,0,1
49,1,3,1,0,0,0,0,0,0,0,0,24,3,0,0,0,0,0,0,0,0,-1,0,0,0,0,0,0,0,0,1
35,2,2,0,0,0,0,0,0,0,0,1,16,3,0,0,0,0,0,0,0,0,-1,0,0,0,0,0,0,0,0,1
40,2,1,0,0,0,0,0,0,0,0,1,30,3,0,0,0,0,0,0,0,0,-1,0,0,0,0,0,0,0,0,1
74,2,5,3,0,0,0,0,0,0,0,1,14,2,0,0,1,0,0,0,0,0,-1,0,0,0,0,0,0,0,0,1
37,3,2,0,0,0,0,0,0,0,0,1,16,3,0,0,0,0,0,0,0,0,-1,0,0,0,0,0,0,0,0,1
34,1,4,0,0,0,0,0,0,0,0,0,12,3,0,0,0,0,0,0,0,0,-1,0,0,0,0,0,0,0,0,1
59,2,2,2,0,0,0,0,0,0,0,0,23,3,0,0,0,0,0,0,0,0,-1,0,0,0,0,0,0,0,0,1
86,1,5,7,0,0,0,0,0,0,0,0,6,3,0,0,0,0,0,0,0,0,0,0,0,0,0,0,0,0,0,1
117,3,3,0,0,0,0,0,0,0,0,1,21,2,0,0,1,5,0,0,1,0,0,0,0,0,0,0,0,0,0,1
48,4,3,1,0,0,0,0,0,0,0,2,14,2,0,0,0,0,0,0,0,0,0,0,0,0,0,0,0,0,0,1
80,3,4,0,0,0,0,0,0,0,0,1,26,3,0,0,1,1,0,0,1,0,-1,0,0,0,0,0,0,0,0,1
76,2,3,0,0,0,0,0,0,0,0,0,11,3,0,0,0,5,0,0,1,0,0,0,0,0,0,0,0,0,0,1
45,2,1,4,0,0,0,0,0,0,0,1,15,3,0,0,1,0,0,0,0,0,-1,0,0,0,0,0,0,0,0,1
98,1,7,8,0,0,0,0,0,0,0,0,6,2,0,0,1,0,0,0,0,0,0,0,0,0,0,0,0,0,0,1
49,2,3,0,0,0,0,0,0,0,0,0,15,4,0,0,0,0,0,0,0,0,-1,0,0,0,0,0,0,0,0,1
31,1,1,0,0,0,0,0,0,0,0,0,11,3,0,0,0,1,0,0,1,0,-1,0,0,0,0,0,0,0,0,1
108,3,3,0,0,0,0,0,0,0,0,1,17,3,0,0,0,5,0,0,1,0,0,0,0,0,0,0,0,0,0,1
42,2,1,0,0,0,0,0,0,0,0,0,20,3,0,0,0,1,0,0,1,0,-1,0,0,0,0,0,0,0,0,1
72,1,1,9,0,0,0,0,0,0,0,0,6,2,0,0,0,0,0,0,0,0,-1,0,0,0,0,0,0,0,0,1
13,1,0,0,0,0,0,0,0,0,0,0,13,3,0,0,0,0,0,0,0,0,-1,0,0,0,0,0,0,0,0,1
47,2,3,0,0,0,0,0,0,0,0,0,12,3,0,0,1,1,0,0,1,0,-1,0,0,0,0,0,0,0,0,1
111,1,2,13,0,0,0,0,0,0,0,0,18,3,0,0,1,0,0,0,0,0,-1,0,0,0,0,0,0,0,0,1
56,2,5,2,0,0,0,0,0,0,0,1,15,2,0,0,1,0,0,0,0,0,0,0,0,0,0,0,0,0,0,1
21,1,2,0,0,0,0,0,0,0,0,0,14,3,0,0,0,0,0,0,0,0,-1,0,0,0,0,0,0,0,0,1
53,2,2,0,0,0,0,0,0,0,0,1,16,2,0,0,0,2,0,0,1,0,-1,0,0,0,0,0,0,1,0,1
48,1,2,5,0,0,0,0,0,0,0,0,10,3,0,0,0,0,0,0,0,0,-1,0,0,0,0,0,0,0,0,1
66,1,3,0,0,0,0,0,0,0,0,0,14,3,0,0,1,3,0,0,1,0,-1,0,0,0,0,0,0,1,0,1
46,2,1,3,0,0,0,0,0,0,0,0,12,3,0,0,1,0,0,0,0,0,-1,0,0,0,0,0,0,0,0,1
42,2,1,0,0,0,0,0,0,0,0,0,14,3,0,0,1,1,0,0,1,0,-1,0,0,0,0,0,0,0,0,1
33,2,0,0,0,0,0,0,0,0,0,1,33,3,0,0,0,0,0,0,0,0,-1,0,0,0,0,0,0,0,0,1
79,2,3,0,0,0,0,0,0,0,0,0,9,2,0,0,0,5,0,0,1,0,0,0,0,0,0,0,0,0,0,1
35,2,2,1,0,0,0,0,0,0,0,1,16,3,0,0,0,0,0,0,0,0,-1,0,0,0,0,0,0,0,0,1
105,3,2,11,0,0,0,0,0,0,0,1,24,3,0,0,1,0,0,0,0,0,-1,0,0,0,0,0,0,0,0,1
54,2,2,0,0,0,0,0,0,0,0,1,16,3,0,0,0,0,0,0,0,0,-1,0,0,0,0,0,0,0,0,1
37,3,2,0,0,0,0,0,0,0,0,1,22,3,0,0,0,0,0,0,0,0,-1,0,0,0,0,0,0,0,0,1
24,1,0,0,0,0,0,0,0,0,0,0,24,3,0,0,0,0,0,0,0,0,-1,0,0,0,0,0,0,0,0,1
42,1,3,0,0,0,0,0,0,0,0,0,10,3,0,0,1,0,0,0,0,0,-1,0,0,0,0,0,0,0,0,1
39,1,4,0,0,0,0,0,0,0,0,0,8,3,0,0,0,0,0,0,0,0,-1,0,0,0,0,0,0,0,0,1
24,1,2,0,0,0,0,0,0,0,0,0,8,3,0,0,1,0,0,0,0,0,-1,0,0,0,0,0,0,0,0,1
81,1,3,4,0,0,0,0,0,0,0,0,11,3,0,0,1,1,0,0,1,0,-1,0,0,0,0,0,0,0,0,1
17,1,0,0,0,0,0,0,0,0,0,0,17,3,0,0,0,0,0,0,0,0,-1,0,0,0,0,0,0,0,0,1
63,3,3,2,0,0,0,0,0,0,0,1,32,3,0,0,1,0,0,0,0,0,-1,0,0,0,0,0,0,0,0,1
32,1,3,0,0,0,0,0,0,0,0,0,13,3,0,0,1,0,0,0,0,0,-1,0,0,0,0,0,0,0,0,1
67,3,5,0,0,0,0,0,0,0,0,1,14,3,0,0,1,3,0,0,1,0,0,0,0,0,0,0,0,0,0,1
29,2,1,0,0,0,0,0,0,0,0,0,12,3,0,0,0,0,0,0,0,0,-1,0,0,0,0,0,0,0,0,1
35,1,1,2,0,0,0,0,0,0,0,0,13,3,0,0,1,0,0,0,0,0,-1,0,0,0,0,0,0,0,0,1
16,2,0,0,0,0,0,0,0,0,0,1,16,3,0,0,0,0,0,0,0,0,-1,0,0,0,0,0,0,0,0,1
70,3,4,1,0,0,0,0,0,0,0,1,27,3,0,0,0,0,0,0,0,0,0,0,0,0,0,0,0,0,0,1
27,1,1,0,0,0,0,0,0,0,0,0,12,3,0,0,0,0,0,0,0,0,-1,0,0,0,0,0,0,0,0,1
14,1,0,0,0,0,0,0,0,0,0,0,14,3,0,0,0,0,0,0,0,0,-1,0,0,0,0,0,0,0,0,1
32,1,3,0,0,0,0,0,0,0,0,0,8,3,0,0,1,0,0,0,0,0,-1,0,0,0,0,0,0,0,0,1
35,2,1,0,0,0,0,0,0,0,0,0,8,3,0,0,1,1,0,0,1,0,-1,0,0,0,0,0,0,0,0,1
87,5,7,1,0,0,0,0,0,0,0,0,15,3,0,0,0,1,0,0,1,0,0,0,0,0,0,0,0,0,0,1
96,2,4,9,0,0,0,0,0,0,0,0,13,3,0,0,1,0,0,0,0,0,-1,0,0,0,0,0,0,0,0,1
139,3,5,1,0,0,0,0,0,0,0,1,23,2,0,0,0,5,0,0,1,0,0,0,0,0,0,0,0,0,0,1
35,3,1,1,0,0,0,0,0,0,0,1,18,3,0,0,0,0,0,0,0,0,-1,0,0,0,0,0,0,0,0,1
55,2,1,0,0,0,0,0,0,0,0,0,11,3,0,0,1,3,0,0,1,0,-1,0,0,0,0,0,0,0,0,1
94,2,3,15,0,0,0,0,0,0,0,0,17,3,0,0,0,0,0,0,0,0,0,0,0,0,0,0,0,0,0,1
86,2,5,9,0,0,0,0,0,0,0,0,12,2,0,0,0,0,0,0,0,0,0,0,0,0,0,0,0,0,0,1
55,2,3,4,0,0,0,0,0,0,0,0,16,3,0,0,1,0,0,0,0,0,-1,0,0,0,0,0,0,0,0,1
35,2,0,1,0,0,0,0,0,0,0,1,35,2,0,0,0,0,0,0,0,0,-1,0,0,0,0,0,0,0,0,1
31,1,1,1,0,0,0,0,0,0,0,0,19,3,0,0,0,0,0,0,0,0,-1,0,0,0,0,0,0,0,0,1
42,2,2,1,0,0,0,0,0,0,0,0,9,3,0,0,0,0,0,0,0,0,-1,0,0,0,0,0,0,0,0,1
90,1,4,8,0,0,0,0,0,0,0,0,10,3,0,0,1,0,0,0,0,0,0,0,0,0,0,0,0,0,0,1
60,4,3,2,0,0,0,0,0,0,0,2,28,2,0,0,0,0,0,0,0,0,0,0,0,0,0,0,0,0,0,1
158,1,6,2,0,0,0,0,0,0,0,0,7,3,0,0,1,5,0,0,0,0,0,0,0,0,0,0,0,1,0,1
67,1,3,4,0,0,0,0,0,0,0,0,10,3,0,0,1,0,0,0,0,0,-1,0,0,0,0,0,0,0,0,1
62,2,2,3,0,0,0,0,0,0,0,1,16,3,0,0,0,5,0,0,0,0,-1,0,0,0,0,0,0,1,0,1
26,1,1,0,0,0,0,0,0,0,0,0,22,3,0,0,0,0,0,0,0,0,-1,0,0,0,0,0,0,0,0,1
26,1,1,0,0,0,0,0,0,0,0,0,6,3,0,0,1,0,0,0,0,0,-1,0,0,0,0,0,0,0,0,1
24,1,1,0,0,0,0,0,0,0,0,0,11,3,0,0,0,0,0,0,0,0,-1,0,0,0,0,0,0,0,0,1
138,2,6,12,0,0,0,0,0,0,0,0,16,3,0,0,1,0,0,0,0,0,-1,0,0,0,0,0,0,0,0,1
78,3,6,3,0,0,0,0,0,0,0,1,12,2,0,0,1,3,0,0,1,0,-1,0,0,0,0,0,0,0,0,1
11,1,0,0,0,0,0,0,0,0,0,0,11,3,0,0,0,0,0,0,0,0,-1,0,0,0,0,0,0,0,0,1
224,5,3,4,1,0,0,0,0,0,0,0,11,3,0,1,1,5,0,0,1,0,1,0,0,0,0,0,0,1,1,1
25,1,1,1,0,0,0,0,0,0,0,0,14,3,0,0,0,0,0,0,0,0,-1,0,0,0,0,0,0,0,0,1
10,1,0,0,0,0,0,0,0,0,0,0,10,3,0,0,0,0,0,0,0,0,-1,0,0,0,0,0,0,0,0,1
22,1,0,0,0,0,0,0,0,0,0,0,22,3,0,0,0,0,0,0,0,0,-1,0,0,0,0,0,0,0,0,1
71,4,4,2,0,0,0,0,0,0,0,1,28,3,0,0,0,0,0,0,0,0,0,0,0,0,0,0,0,0,0,1
49,2,4,2,0,0,0,0,0,0,0,1,16,2,0,0,1,0,0,0,0,0,-1,0,0,0,0,0,0,0,0,1
121,2,5,11,0,0,0,0,0,0,0,1,18,2,0,0,0,0,0,0,0,0,0,0,0,0,0,0,0,0,0,1
34,1,1,2,0,0,0,0,0,0,0,0,13,3,0,0,1,0,0,0,0,0,-1,0,0,0,0,0,0,0,0,1
43,1,4,0,0,0,0,0,0,0,0,0,15,2,0,0,1,0,0,0,0,0,0,0,0,0,0,0,0,0,0,1
15,1,0,0,0,0,0,0,0,0,0,0,15,3,0,0,0,0,0,0,0,0,-1,0,0,0,0,0,0,0,0,1
40,1,5,1,0,0,0,0,0,0,0,0,12,3,0,0,0,0,0,0,0,0,-1,0,0,0,0,0,0,0,0,1
15,1,0,0,0,0,0,0,0,0,0,0,15,3,0,0,0,0,0,0,0,0,-1,0,0,0,0,0,0,0,0,1
33,2,2,0,0,0,0,0,0,0,0,1,16,3,0,0,0,0,0,0,0,0,-1,0,0,0,0,0,0,0,0,1
88,1,5,7,0,0,0,0,0,0,0,0,10,3,1,0,1,0,0,0,0,0,0,0,0,0,0,0,0,0,0,1
45,2,3,0,0,0,0,0,0,0,0,0,13,3,0,0,0,0,0,0,0,0,-1,0,0,0,0,0,0,0,0,1
93,2,5,6,0,0,0,0,0,0,0,1,11,2,0,0,0,0,0,0,0,0,0,0,0,0,0,0,0,0,0,1
133,1,4,0,0,0,0,0,0,0,0,0,9,2,0,0,0,5,0,0,0,0,0,0,0,0,0,0,0,1,0,1
97,3,3,0,0,0,0,0,0,0,0,1,18,3,0,0,0,5,0,0,1,0,0,0,0,0,0,0,0,0,0,1
32,2,3,0,0,0,0,0,0,0,0,0,10,3,0,0,1,0,0,0,0,0,-1,0,0,0,0,0,0,0,0,1
89,3,3,0,0,0,0,0,0,0,0,1,15,2,0,0,0,5,0,0,1,0,0,0,0,0,0,0,0,0,0,1
33,2,5,0,0,0,0,0,0,0,0,0,9,3,0,0,0,0,0,0,0,0,0,0,0,0,0,0,0,0,0,1
82,3,6,4,0,0,0,0,0,0,0,1,19,2,0,0,1,0,0,0,0,0,-1,0,0,0,0,0,0,0,0,1
26,2,2,0,0,0,0,0,0,0,0,1,16,3,0,0,0,0,0,0,0,0,-1,0,0,0,0,0,0,0,0,1
91,2,6,1,0,0,0,0,0,0,0,1,29,3,0,0,1,0,0,0,0,0,0,0,0,0,0,0,0,0,0,1
79,3,3,0,0,0,0,0,0,0,0,1,16,2,0,0,0,5,0,0,1,0,0,0,0,0,0,0,0,0,0,1
32,1,2,2,0,0,0,0,0,0,0,0,11,3,0,0,0,0,0,0,0,0,-1,0,0,0,0,0,0,0,0,1
64,3,2,0,0,0,0,0,0,0,0,2,33,3,0,0,0,0,0,0,0,0,-1,0,0,0,0,0,0,0,0,1
22,1,2,0,0,0,0,0,0,0,0,0,10,3,0,0,0,0,0,0,0,0,-1,0,0,0,0,0,0,0,0,1
129,5,3,0,0,0,0,0,0,0,0,2,17,2,0,0,1,5,0,0,1,0,0,0,0,0,0,0,0,0,0,1
88,2,4,13,0,0,0,0,0,0,0,0,10,2,0,0,1,0,0,0,0,0,0,0,0,0,0,0,0,0,0,1
59,4,6,1,0,0,0,0,0,0,0,1,20,2,0,0,0,0,0,0,0,0,0,0,0,0,0,0,0,0,0,1
14,1,0,0,0,0,0,0,0,0,0,0,14,2,0,0,0,0,0,0,0,0,-1,0,0,0,0,0,0,0,0,1
40,4,0,0,0,0,0,0,0,0,0,3,40,3,0,0,0,0,0,0,0,0,-1,0,0,0,0,0,0,0,0,1
104,2,6,8,0,0,0,0,0,0,0,1,17,2,0,0,1,0,0,0,0,0,0,0,0,0,0,0,0,0,0,1
65,3,4,0,0,0,1,0,0,0,0,1,24,3,0,0,0,1,0,0,1,0,0,0,0,0,0,0,0,0,0,1
56,2,2,2,0,0,0,0,0,0,0,1,27,3,0,0,0,0,0,0,0,0,-1,0,0,0,0,0,0,0,0,1
62,3,4,0,0,0,0,0,0,0,0,1,18,3,0,0,0,0,0,0,0,0,-1,0,0,0,0,0,0,0,0,1
17,1,0,0,0,0,0,0,0,0,0,0,17,3,0,0,0,0,0,0,0,0,-1,0,0,0,0,0,0,0,0,1
17,1,0,1,0,0,0,0,0,0,0,0,17,3,0,0,0,0,0,0,0,0,-1,0,0,0,0,0,0,0,0,1
31,1,1,0,0,0,0,0,0,0,0,0,11,3,0,0,0,1,0,0,1,0,-1,0,0,0,0,0,0,0,0,1
47,2,3,1,0,0,0,0,0,0,0,0,11,3,0,0,0,0,0,0,0,0,-1,0,0,0,0,0,0,0,0,1
43,2,2,0,0,0,0,0,0,0,0,1,16,3,0,0,0,0,0,0,0,0,-1,0,0,0,0,0,0,0,0,1
129,3,3,10,0,0,0,0,0,0,0,1,15,3,0,0,1,5,0,0,1,0,0,0,0,0,0,0,0,0,0,1
14,1,0,0,0,0,0,0,0,0,0,0,14,3,0,0,0,0,0,0,0,0,-1,0,0,0,0,0,0,0,0,1
62,3,4,1,0,0,0,0,0,0,0,1,21,3,0,0,0,0,0,0,0,0,-1,0,0,0,0,0,0,0,0,1
52,1,3,4,0,0,0,0,0,0,0,0,10,3,0,0,0,0,0,0,0,0,-1,0,0,0,0,0,0,0,0,1
54,2,4,3,0,0,0,0,0,0,0,0,18,2,0,0,0,0,0,0,0,0,0,0,0,0,0,0,0,0,0,1
89,3,3,0,0,0,0,0,0,0,0,1,19,2,0,0,0,5,0,0,1,0,0,0,0,0,0,0,0,0,0,1
48,2,2,0,0,0,0,0,0,0,0,0,28,3,0,0,1,0,0,0,0,0,-1,0,0,0,0,0,0,0,0,1
43,1,3,2,0,0,0,0,0,0,0,0,10,3,0,0,1,0,0,0,0,0,-1,0,0,0,0,0,0,0,0,1
85,1,3,7,0,0,0,0,0,0,0,0,11,3,0,0,1,0,0,0,0,0,-1,0,0,0,0,0,0,0,0,1
53,2,3,2,0,0,0,0,0,0,0,0,17,3,0,0,0,0,0,0,0,0,-1,0,0,0,0,0,0,0,0,1
51,1,3,2,0,0,0,0,0,0,0,0,12,3,0,0,1,0,0,0,0,0,-1,0,0,0,0,0,0,0,0,1
31,1,1,0,0,0,0,0,0,0,0,0,11,3,0,0,0,1,0,0,1,0,-1,0,0,0,0,0,0,0,0,1
15,1,0,0,0,0,0,0,0,0,0,0,15,3,0,0,0,0,0,0,0,0,-1,0,0,0,0,0,0,0,0,1
112,1,4,12,0,0,0,0,0,0,0,0,15,3,0,0,1,0,0,0,0,0,-1,0,0,0,0,0,0,0,0,1
52,2,3,0,0,0,0,0,0,0,0,1,20,3,0,0,0,0,0,0,0,0,-1,0,0,0,0,0,0,0,0,1
39,2,1,2,0,0,0,0,0,0,0,0,16,3,0,0,0,0,0,0,0,0,-1,0,0,0,0,0,0,0,0,1
45,4,3,0,0,0,0,0,0,0,0,2,17,2,0,0,0,1,0,0,1,0,0,0,0,0,0,0,0,0,0,1
42,3,2,0,0,0,0,0,0,0,0,1,22,3,0,0,1,0,0,0,0,0,-1,0,0,0,0,0,0,0,0,1
36,3,2,0,0,0,0,0,0,0,0,1,16,3,0,0,0,0,0,0,0,0,-1,0,0,0,0,0,0,0,0,1
19,1,0,0,0,0,0,0,0,0,0,0,19,3,0,0,0,0,0,0,0,0,-1,0,0,0,0,0,0,0,0,1
38,1,5,1,0,0,0,0,0,0,0,0,12,3,0,0,0,0,0,0,0,0,-1,0,0,0,0,0,0,0,0,1
176,4,3,2,0,0,0,0,0,0,0,2,26,2,0,0,0,5,0,0,1,0,0,0,0,0,0,0,0,0,0,1
47,1,2,3,0,0,0,0,0,0,0,0,15,3,0,0,0,0,0,0,0,0,-1,0,0,0,0,0,0,0,0,1
61,2,1,0,0,0,0,0,0,0,0,0,13,3,0,0,0,3,0,0,1,0,-1,0,0,0,0,0,0,0,0,1
42,2,4,0,0,0,0,0,0,0,0,0,10,3,0,0,1,3,0,0,1,0,0,0,0,0,0,0,0,0,0,1
32,1,3,1,0,0,0,0,0,0,0,0,9,3,0,0,0,0,0,0,0,0,-1,0,0,0,0,0,0,0,0,1
31,1,1,1,0,0,0,0,0,0,0,0,11,3,0,0,0,1,0,0,1,0,-1,0,0,0,0,0,0,0,0,1
24,1,2,0,0,0,0,0,0,0,0,0,8,3,0,0,1,0,0,0,0,0,-1,0,0,0,0,0,0,0,0,1
28,2,0,1,0,0,0,0,0,0,0,1,28,3,0,0,0,0,0,0,0,0,-1,0,0,0,0,0,0,0,0,1
76,3,3,0,0,0,0,0,0,0,0,1,12,2,0,0,0,5,0,0,1,0,0,0,0,0,0,0,0,0,0,1
150,3,3,3,0,0,0,0,0,0,0,1,20,2,0,0,1,5,0,0,1,0,0,0,0,0,0,0,0,0,0,1
40,1,2,2,0,0,0,0,0,0,0,0,12,3,0,0,1,0,0,0,0,0,-1,0,0,0,0,0,0,0,0,1
33,1,1,0,0,0,0,0,0,0,0,0,22,4,0,0,0,1,0,0,1,0,-1,0,0,0,0,0,0,0,0,1
32,1,1,0,0,0,0,0,0,0,0,0,18,3,0,0,0,0,0,0,0,0,-1,0,0,0,0,0,0,0,0,1
40,2,1,1,0,0,0,0,0,0,0,1,28,3,0,0,0,0,0,0,0,0,-1,0,0,0,0,0,0,0,0,1
34,1,4,0,0,0,0,0,0,0,0,0,7,3,0,0,0,0,0,0,0,0,-1,0,0,0,0,0,0,0,0,1
58,2,2,0,0,0,0,0,0,0,0,1,17,3,0,0,1,1,0,0,1,0,-1,0,0,0,0,0,0,0,0,1
24,2,0,0,0,0,0,0,0,0,0,1,24,3,0,0,0,0,0,0,0,0,-1,0,0,0,0,0,0,0,0,1
52,1,3,3,0,0,0,0,0,0,0,0,10,3,0,0,0,0,0,0,0,0,-1,0,0,0,0,0,0,0,0,1
44,1,3,2,0,0,0,0,0,0,0,0,9,3,0,0,0,0,0,0,0,0,-1,0,0,0,0,0,0,0,0,1
82,3,3,1,0,0,0,0,0,0,0,1,17,2,0,0,0,5,0,0,1,0,0,0,0,0,0,0,0,0,0,1
78,3,6,4,0,0,0,0,0,0,0,1,22,2,0,0,0,0,0,0,0,0,0,0,0,0,0,0,0,0,0,1
97,4,7,1,0,0,0,0,0,0,0,0,15,3,0,0,1,4,0,0,1,0,0,0,0,0,0,0,0,1,0,1
95,2,4,2,0,0,0,0,0,0,0,1,17,3,0,0,1,5,0,0,1,0,-1,0,0,0,0,0,0,0,0,1
48,4,3,2,0,0,0,0,0,0,0,2,17,2,0,0,0,0,0,0,0,0,0,0,0,0,0,0,0,0,0,1
43,2,2,0,0,0,0,0,0,0,0,0,25,3,0,0,0,0,0,0,0,0,-1,0,0,0,0,0,0,0,0,1
80,3,3,4,0,0,0,0,0,0,0,1,30,3,0,0,1,0,0,0,0,0,-1,0,0,0,0,0,0,0,0,1
26,1,0,0,0,0,0,0,0,0,0,0,26,3,0,0,0,0,0,0,0,0,-1,0,0,0,0,0,0,0,0,1
33,4,0,0,0,0,0,0,0,0,0,3,33,2,0,0,0,0,0,0,0,0,-1,0,0,0,0,0,0,0,0,1
37,2,1,0,0,0,0,0,0,0,0,1,20,3,0,0,0,0,0,0,0,0,-1,0,0,0,0,0,0,0,0,1
16,1,0,0,0,0,0,0,0,0,0,0,16,3,0,0,0,0,0,0,0,0,-1,0,0,0,0,0,0,0,0,1
30,1,2,0,0,0,0,0,0,0,0,0,16,3,0,0,1,0,0,0,0,0,-1,0,0,0,0,0,0,0,0,1
72,1,2,2,0,0,0,0,0,0,0,0,16,3,0,0,1,0,0,0,0,0,-1,0,0,0,0,0,0,0,0,1
63,2,3,0,0,0,0,0,0,0,0,0,14,3,0,0,1,3,0,0,1,0,0,0,0,0,0,0,0,0,0,1
15,1,0,0,0,0,0,0,0,0,0,0,15,3,0,0,0,0,0,0,0,0,-1,0,0,0,0,0,0,0,0,1
65,1,2,1,0,0,0,0,0,0,0,0,19,3,0,0,1,0,0,0,0,0,-1,0,0,0,0,0,0,0,0,1
33,2,0,0,0,0,0,0,0,0,0,1,33,3,0,0,0,0,0,0,0,0,-1,0,0,0,0,0,0,0,0,1
101,3,3,1,0,0,0,0,0,0,0,1,38,2,0,0,0,5,0,0,1,0,0,0,0,0,0,0,0,0,0,1
59,2,3,0,0,0,0,0,0,0,0,0,12,2,0,0,0,3,0,0,1,0,0,0,0,0,0,0,0,0,0,1
93,1,4,9,0,0,0,0,0,0,0,0,20,3,0,0,1,0,0,0,0,0,-1,0,0,0,0,0,0,0,0,1
49,1,3,4,0,0,0,0,0,0,0,0,11,3,0,0,1,0,0,0,0,0,-1,0,0,0,0,0,0,0,0,1
37,2,0,3,0,0,0,0,0,0,0,1,37,3,0,0,0,0,0,0,0,0,-1,0,0,0,0,0,0,0,0,1
55,1,3,3,0,0,0,0,0,0,0,0,11,3,0,0,0,0,0,0,0,0,-1,0,0,0,0,0,0,0,0,1
240,7,5,2,0,0,0,0,0,0,0,1,11,3,0,0,1,5,0,0,1,0,-1,0,0,0,0,0,0,1,0,1
65,2,4,3,0,0,0,0,0,0,0,1,28,3,0,0,1,0,0,0,0,0,-1,0,0,0,0,0,0,0,0,1
83,1,4,7,0,0,0,0,0,0,0,0,12,3,0,0,1,0,0,0,0,0,-1,0,0,0,0,0,0,0,0,1
71,1,4,6,0,0,0,0,0,0,0,0,14,3,0,0,1,0,0,0,0,0,-1,0,0,0,0,0,0,0,0,1
134,9,4,0,0,0,0,0,0,0,0,0,12,3,0,0,1,1,0,0,1,0,0,0,0,0,0,0,0,0,0,1
67,2,1,0,0,0,0,0,0,0,0,0,22,3,0,0,1,3,0,0,1,0,-1,0,0,0,0,0,0,0,0,1
21,2,0,0,0,0,0,0,0,0,0,1,21,2,0,0,0,0,0,0,0,0,-1,0,0,0,0,0,0,0,0,1
48,3,3,1,0,0,0,0,0,0,0,1,19,3,0,0,1,0,0,0,0,0,-1,0,0,0,0,0,0,0,0,1
40,2,4,0,0,0,0,0,0,0,0,0,13,3,0,0,0,0,0,0,0,0,0,0,0,0,0,0,0,0,0,1
61,2,5,1,0,0,0,0,0,0,0,0,24,2,0,0,0,0,0,0,0,0,0,0,0,0,0,0,0,0,0,1
41,2,2,0,0,0,0,0,0,0,0,1,16,3,0,0,0,0,0,0,0,0,-1,0,0,0,0,0,0,0,0,1
14,1,0,0,0,0,0,0,0,0,0,0,14,3,0,0,0,0,0,0,0,0,-1,0,0,0,0,0,0,0,0,1
77,1,3,5,0,0,0,0,0,0,0,0,18,3,0,0,1,0,0,0,0,0,-1,0,0,0,0,0,0,0,0,1
85,2,5,9,0,0,0,0,0,0,0,0,11,3,0,0,1,0,0,0,0,0,-1,0,0,0,0,0,0,0,0,1
21,2,0,0,0,0,0,0,0,0,0,1,21,3,0,0,0,0,0,0,0,0,-1,0,0,0,0,0,0,0,0,1
87,4,3,0,0,0,0,0,0,0,0,2,16,2,0,0,0,5,0,0,1,0,0,0,0,0,0,0,0,0,0,1
163,2,4,6,0,0,0,0,0,0,0,0,14,3,0,0,0,5,0,0,0,0,0,0,0,0,0,0,0,1,0,1
84,3,5,3,0,0,0,0,0,0,0,1,14,2,0,0,0,0,0,0,0,0,0,0,0,0,0,0,0,0,0,1
38,2,0,0,0,0,0,0,0,0,0,1,38,3,0,0,0,0,0,0,0,0,-1,0,0,0,0,0,0,0,0,1
27,1,4,0,0,0,0,0,0,0,0,0,7,3,0,0,0,0,0,0,0,0,-1,0,0,0,0,0,0,0,0,1
87,3,3,0,0,0,0,0,0,0,0,1,14,3,0,0,0,5,0,0,1,0,0,0,0,0,0,0,0,0,0,1
53,1,2,4,0,0,0,0,0,0,0,0,16,3,0,0,0,0,0,0,0,0,-1,0,0,0,0,0,0,0,0,1
50,2,2,1,0,0,0,0,0,0,0,0,14,3,0,0,1,0,0,0,0,0,-1,0,0,0,0,0,0,0,0,1
26,1,1,0,0,0,0,0,0,0,0,0,13,3,0,0,0,0,0,0,1,0,-1,0,0,0,0,0,0,0,0,1
102,2,3,3,0,0,0,0,0,0,0,0,14,3,0,0,0,5,0,0,1,0,0,0,0,0,0,0,0,0,0,1
51,1,4,2,0,0,0,0,0,0,0,0,12,3,0,0,0,0,0,0,0,0,-1,0,0,0,0,0,0,0,0,1
168,1,4,20,0,0,0,0,0,0,0,0,7,3,0,0,1,0,0,0,0,0,-1,0,0,0,0,0,0,0,0,1
30,1,1,0,0,0,0,0,0,0,0,0,11,3,0,0,1,1,0,0,1,0,-1,0,0,0,0,0,0,0,0,1
24,2,0,0,0,0,0,0,0,0,0,1,24,3,0,0,0,0,0,0,0,0,-1,0,0,0,0,0,0,0,0,1
21,1,0,0,0,0,0,0,0,0,0,0,21,3,0,0,0,0,0,0,0,0,-1,0,0,0,0,0,0,0,0,1
69,3,6,0,0,0,0,0,0,0,0,1,12,3,0,0,1,0,0,0,0,0,0,0,0,0,0,0,0,0,0,1
29,1,2,0,0,0,0,0,0,0,0,0,12,3,0,0,0,0,0,0,0,0,-1,0,0,0,0,0,0,0,0,1
116,1,2,0,0,0,0,0,0,0,0,0,13,3,0,0,1,1,0,0,1,0,-1,0,0,0,0,0,0,0,0,1
18,1,0,0,0,0,0,0,0,0,0,0,18,2,0,0,0,0,0,0,0,0,-1,0,0,0,0,0,0,0,0,1
185,3,3,0,0,0,0,0,0,0,0,1,15,2,0,0,0,5,0,0,1,0,0,0,0,0,0,0,0,1,0,1
52,1,3,3,0,0,0,0,0,0,0,0,12,3,0,0,0,0,0,0,0,0,-1,0,0,0,0,0,0,0,0,1
307,2,2,0,0,0,0,0,0,0,0,1,12,3,0,0,0,5,0,0,0,0,-1,0,0,0,0,0,0,1,0,1
88,2,4,9,0,0,0,0,0,0,0,0,20,3,0,0,0,0,0,0,0,0,0,0,0,0,0,0,0,0,0,1
76,2,1,4,0,0,0,0,0,0,0,1,28,3,0,0,1,0,0,0,0,0,-1,0,0,0,0,0,0,0,0,1
200,2,1,0,0,0,0,0,0,0,0,0,20,3,0,0,1,5,0,0,1,0,-1,0,1,0,0,0,0,1,0,1
18,1,0,1,0,0,0,0,0,0,0,0,18,3,0,0,0,0,0,0,0,0,-1,0,0,0,0,0,0,0,0,1
85,1,5,4,0,0,0,0,0,0,0,0,13,3,0,0,1,0,0,0,0,0,0,0,0,0,0,0,0,0,0,1
70,1,6,5,0,0,0,0,0,0,0,0,20,3,0,0,1,0,0,0,0,0,-1,0,0,0,0,0,0,0,0,1
31,1,1,0,0,0,0,0,0,0,0,0,11,3,0,0,0,1,0,0,1,0,-1,0,0,0,0,0,0,0,0,1
50,2,2,3,0,0,0,0,0,0,0,0,15,3,0,0,0,0,0,0,0,0,-1,0,0,0,0,0,0,0,0,1
11,1,0,0,0,0,0,0,0,0,0,0,11,2,0,0,0,0,0,0,0,0,-1,0,0,1,0,0,0,0,0,1
20,2,1,0,0,0,0,0,0,0,0,1,15,3,0,0,0,0,0,0,0,0,-1,0,0,0,0,0,0,0,0,1
36,1,4,0,0,0,0,0,0,0,0,0,12,3,0,0,0,0,0,0,0,0,-1,0,0,0,0,0,0,0,0,1
95,2,4,8,0,0,0,0,0,0,0,1,20,2,0,0,0,0,0,0,0,0,0,0,0,0,0,0,0,0,0,1
33,3,3,0,0,0,0,0,0,0,0,1,15,2,0,0,0,0,0,0,0,0,0,0,0,0,0,0,0,0,0,1
219,3,3,0,0,0,0,0,0,0,0,1,21,3,0,0,0,5,0,0,1,0,0,0,0,0,0,0,0,1,0,1
95,1,5,9,0,0,0,0,0,0,0,0,8,3,0,0,1,0,0,0,0,0,0,0,0,0,0,0,0,0,0,1
29,1,2,0,0,0,0,0,0,0,0,0,14,3,0,0,1,0,0,0,0,0,-1,0,0,0,0,0,0,0,0,1
92,1,2,1,0,0,0,0,0,0,0,0,12,3,0,0,1,3,0,0,1,0,-1,0,0,0,0,0,0,0,0,1
19,2,1,0,0,0,0,0,0,0,0,0,8,3,0,0,0,0,0,0,0,0,-1,0,0,0,0,0,0,0,0,1
83,3,3,0,0,0,0,0,0,0,0,1,15,3,0,0,0,5,0,0,1,0,0,0,0,0,0,0,0,0,0,1
84,3,3,1,0,0,0,0,0,0,0,1,19,2,0,0,0,5,0,0,1,0,0,0,0,0,0,0,0,0,0,1
124,2,2,12,0,0,0,0,0,0,0,0,16,3,0,0,1,0,0,0,0,0,-1,0,0,0,0,0,0,0,0,1
59,3,3,0,0,0,0,0,0,0,0,1,12,3,0,0,0,0,0,0,0,0,-1,0,0,0,0,0,0,0,0,1
46,3,4,2,0,0,0,0,0,0,0,1,11,2,0,0,0,0,0,0,0,0,0,0,0,0,0,0,0,0,0,1
98,1,5,10,0,0,0,0,0,0,0,0,12,3,0,0,1,0,0,0,0,0,0,0,0,0,0,0,0,0,0,1
74,3,7,1,0,0,0,0,0,0,0,1,21,2,0,0,0,0,0,0,0,0,0,0,0,0,0,0,0,0,0,1
19,1,0,0,0,0,0,0,0,0,0,0,19,3,0,0,0,0,0,0,0,0,-1,0,0,0,0,0,0,0,0,1
56,2,1,3,0,0,0,0,0,0,0,0,8,3,0,0,1,0,0,0,0,0,-1,0,0,0,0,0,0,0,0,1
37,1,2,1,0,0,0,0,0,0,0,0,19,3,0,0,0,0,0,0,0,0,-1,0,0,0,0,0,0,0,0,1
35,3,2,0,0,0,0,0,0,0,0,1,18,3,0,0,1,0,0,0,0,0,-1,0,0,0,0,0,0,0,0,1
113,1,4,11,0,0,0,0,0,0,0,0,15,3,0,0,1,2,0,0,1,0,0,0,0,0,0,0,0,0,0,1
37,2,1,1,0,0,0,0,0,0,0,0,17,3,0,0,0,0,0,0,0,0,-1,0,0,0,0,0,0,0,0,1
54,2,6,0,0,0,0,0,0,0,0,0,15,3,0,0,1,0,0,0,0,0,-1,0,0,0,0,0,0,0,0,1
127,3,3,1,0,0,0,0,0,0,0,1,16,2,0,0,0,5,0,0,1,0,0,0,0,0,0,0,0,0,0,1
72,2,1,6,0,0,0,0,0,0,0,1,15,3,0,0,1,0,0,0,0,0,-1,0,0,0,0,0,0,0,0,1
127,2,4,11,0,0,0,0,0,0,0,0,17,3,0,0,0,0,0,0,0,0,0,0,0,0,0,0,0,0,0,1
97,2,4,13,0,0,0,0,0,0,0,0,13,2,0,0,1,0,0,0,0,0,0,0,0,0,0,0,0,0,0,1
113,1,6,12,0,0,0,0,0,0,0,0,14,3,0,0,1,0,0,0,0,0,0,0,0,0,0,0,0,0,0,1
48,5,3,0,0,0,0,0,0,0,0,2,21,2,0,0,1,0,0,0,0,0,-1,0,0,0,0,0,0,0,0,1
61,1,3,4,0,0,0,0,0,0,0,0,10,3,0,0,1,0,0,0,0,0,-1,0,0,0,0,0,0,0,0,1
30,1,2,1,0,0,0,0,0,0,0,0,12,3,0,0,0,0,0,0,0,0,-1,0,0,0,0,0,0,0,0,1
21,1,0,0,0,0,0,0,0,0,0,0,21,3,0,0,0,0,0,0,0,0,-1,0,0,0,0,0,0,0,0,1
78,2,9,0,0,0,0,0,0,0,0,1,25,3,0,0,1,0,0,0,0,0,-1,0,0,0,0,1,0,0,0,1
69,2,2,7,0,0,0,0,0,0,0,0,11,3,0,0,0,0,0,0,0,0,-1,0,0,0,0,0,0,0,0,1
19,1,0,0,0,0,0,0,0,0,0,0,19,3,0,0,0,0,0,0,0,0,-1,0,0,0,0,0,0,0,0,1
23,2,0,0,0,0,0,0,0,0,0,1,23,3,0,0,0,0,0,0,0,0,-1,0,0,0,0,0,0,0,0,1
36,1,1,0,0,0,0,0,0,0,0,0,20,3,0,0,0,0,0,0,0,0,-1,0,0,0,0,0,0,0,0,1
61,4,6,1,0,0,0,0,0,0,0,1,20,2,0,0,0,0,0,0,0,0,0,0,0,0,0,0,0,0,0,1
58,1,3,0,0,0,0,0,0,0,0,0,14,3,0,0,1,0,0,0,0,0,-1,0,0,0,0,0,0,0,0,1
66,1,3,4,0,0,0,0,0,0,0,0,10,3,0,0,1,0,0,0,0,0,-1,0,0,0,0,0,0,0,0,1
64,1,3,3,0,0,0,0,0,0,0,0,12,3,0,0,1,0,0,0,0,0,-1,0,0,0,0,0,0,0,0,1
50,4,3,2,0,0,0,0,0,0,0,2,21,2,0,0,0,0,0,0,0,0,0,0,0,0,0,0,0,0,0,1
18,2,0,0,0,0,0,0,0,0,0,1,18,2,0,0,0,0,0,0,0,0,-1,0,0,0,0,0,0,0,0,1
74,4,3,0,0,0,0,0,0,0,0,2,19,2,0,0,0,5,0,0,1,0,0,0,0,0,0,0,0,0,0,1
31,2,2,0,0,0,0,0,0,0,0,0,12,3,0,0,0,0,0,0,0,0,-1,0,0,0,0,0,0,0,0,1
124,3,5,7,0,0,0,0,0,0,0,0,15,3,0,0,0,5,0,0,1,0,0,0,0,0,0,0,0,0,0,1
100,3,3,1,0,0,0,0,0,0,0,1,16,2,0,0,0,5,0,0,1,0,0,0,0,0,0,0,0,0,0,1
11,1,0,0,0,0,0,0,0,0,0,0,11,3,0,0,0,0,0,0,0,0,-1,0,0,0,0,0,0,0,0,1
45,1,3,3,0,0,0,0,0,0,0,0,10,3,0,0,1,0,0,0,0,0,-1,0,0,0,0,0,0,0,0,1
34,1,3,0,0,0,0,0,0,0,0,0,10,3,0,0,1,0,0,0,0,0,-1,0,0,0,0,0,0,0,0,1
26,1,1,0,0,0,0,0,0,0,0,0,19,3,0,0,0,0,0,0,0,0,-1,0,0,0,0,0,0,0,0,1
49,1,2,2,0,0,0,0,0,0,0,0,13,3,0,0,1,0,0,0,0,0,-1,0,0,0,0,0,0,0,0,1
64,2,1,8,0,0,0,0,0,0,0,1,15,3,0,0,1,0,0,0,0,0,-1,0,0,0,0,0,0,0,0,1
20,1,1,0,0,0,0,0,0,0,0,0,11,3,0,0,0,0,0,0,0,0,-1,0,0,0,0,0,0,0,0,1
29,2,1,1,0,0,0,0,0,0,0,0,10,3,0,0,0,0,0,0,0,0,-1,0,0,0,0,0,0,0,0,1
84,2,7,4,0,0,0,0,0,0,1,0,10,3,0,0,0,0,0,0,0,0,0,0,0,0,0,0,0,0,0,1
130,2,8,16,0,0,0,0,0,0,0,0,14,3,0,0,1,0,0,0,0,0,0,0,1,0,0,1,0,0,0,1
93,1,4,13,1,0,0,0,0,0,0,0,9,3,0,1,1,0,0,0,0,0,0,0,0,0,0,0,0,0,0,1
199,10,3,3,0,0,0,1,0,0,0,5,73,3,0,0,0,1,0,0,0,0,0,0,0,0,0,0,1,0,0,1
49,2,3,0,0,0,0,0,0,0,0,0,20,3,0,0,0,0,0,0,0,0,-1,0,0,0,0,0,0,0,0,1
209,1,6,3,0,0,0,0,0,0,0,0,9,3,0,0,0,5,0,0,0,0,0,0,0,0,0,0,0,1,0,1
30,2,1,1,0,0,0,0,0,0,0,0,10,3,0,0,0,0,0,0,0,0,-1,0,0,0,0,0,0,0,0,1
125,3,7,8,0,0,0,0,0,0,0,1,20,2,0,0,1,1,0,0,1,0,0,0,0,0,0,0,0,0,0,1
93,2,3,0,0,0,0,0,0,0,0,0,13,3,0,0,0,5,0,0,1,0,0,0,0,0,0,0,0,0,0,1
92,7,10,0,0,0,1,0,0,0,0,1,13,2,0,0,0,1,0,0,2,0,0,0,0,0,0,1,0,0,0,1
77,2,3,0,0,0,0,0,0,0,0,0,9,2,0,0,1,5,0,0,1,0,0,0,0,0,0,0,0,0,0,1
65,2,1,2,0,0,0,0,0,0,0,0,18,3,0,0,0,5,0,0,1,0,-1,0,0,0,0,0,0,0,0,1
56,2,1,0,0,0,0,0,0,0,0,0,15,3,0,0,0,1,0,0,1,0,-1,0,0,0,0,0,0,0,0,1
30,2,0,0,0,0,0,0,0,0,0,1,30,3,0,0,0,0,0,0,0,0,-1,0,0,0,0,0,0,0,0,1
42,1,2,1,0,0,0,0,0,0,0,0,14,3,0,0,0,0,0,0,0,0,-1,0,0,0,0,0,0,0,0,1
8,1,0,0,0,0,0,0,0,0,0,0,8,3,0,0,0,0,0,0,0,0,-1,0,0,0,0,0,0,0,0,1
158,3,9,3,0,0,0,0,0,0,1,1,16,2,0,0,0,5,0,0,1,0,0,0,0,0,0,1,0,0,0,1
58,1,2,4,0,0,0,0,0,0,0,0,15,3,0,0,0,0,0,0,0,0,-1,0,0,0,0,0,0,0,0,1
20,1,0,0,0,0,0,0,0,0,0,0,20,3,0,0,0,0,0,0,0,0,-1,0,0,0,0,0,0,0,0,1
18,1,1,0,0,0,0,0,0,0,0,0,9,3,0,0,0,0,0,0,0,0,-1,0,0,0,0,0,0,0,0,1
59,2,3,2,0,0,0,0,0,0,0,0,19,3,0,0,1,0,0,0,0,0,-1,0,0,0,0,0,0,0,0,1
30,1,2,0,0,0,0,0,0,0,0,0,16,3,0,0,1,0,0,0,0,0,-1,0,0,0,0,0,0,0,0,1
44,3,3,0,0,0,0,0,0,0,0,1,19,2,0,0,0,1,0,0,1,0,0,0,0,0,0,0,0,0,0,1
76,2,5,0,0,0,0,0,0,0,0,0,30,3,0,0,0,0,0,0,0,0,0,0,0,0,0,0,0,0,0,1
178,6,2,1,0,0,0,0,0,0,0,1,36,3,0,0,0,5,0,0,1,1,-1,0,0,0,0,0,0,0,0,1
75,1,1,9,0,0,0,0,0,0,0,0,10,3,0,0,0,0,0,0,0,0,-1,0,0,0,0,0,0,0,0,1
38,1,2,1,0,0,0,0,0,0,0,0,19,3,0,0,0,0,0,0,0,0,-1,0,0,0,0,0,0,0,0,1
29,2,3,0,0,0,0,0,0,0,0,0,16,3,0,0,0,0,0,0,0,0,0,0,0,0,0,0,0,0,0,1
100,1,4,11,0,0,0,0,0,0,0,0,13,3,0,0,1,0,0,0,0,0,-1,0,0,0,0,0,0,0,0,1
42,1,2,2,0,0,0,0,0,0,0,0,15,3,0,0,0,0,0,0,0,0,-1,0,0,0,0,0,0,0,0,1
52,1,3,3,0,0,0,0,0,0,0,0,10,3,0,0,1,0,0,0,0,0,-1,0,0,0,0,0,0,0,0,1
45,3,4,0,0,0,0,0,0,0,0,1,16,2,0,0,1,0,0,0,0,0,0,0,0,0,0,0,0,0,0,1
79,1,4,8,0,0,0,0,0,0,0,0,18,2,0,0,1,0,0,0,0,0,-1,0,0,0,0,0,0,0,0,1
30,1,1,0,0,0,0,0,0,0,0,0,18,3,0,0,0,0,0,0,0,0,-1,0,0,0,0,0,0,0,0,1
38,1,2,0,0,0,0,0,0,0,0,0,18,3,0,0,0,0,0,0,0,0,-1,0,0,0,0,0,0,0,0,1
88,1,5,9,0,0,0,0,0,0,0,0,7,3,0,0,1,0,0,0,0,0,0,0,0,0,0,0,0,0,0,1
132,5,3,0,0,0,0,0,0,0,0,2,26,2,0,0,1,5,0,0,1,0,0,0,0,0,0,0,0,0,0,1
25,2,1,0,0,0,0,0,0,0,0,1,16,3,0,0,0,0,0,0,0,0,-1,0,0,0,0,0,0,0,0,1
31,1,1,0,0,0,0,0,0,0,0,0,11,3,0,0,0,1,0,0,1,0,-1,0,0,0,0,0,0,0,0,1
34,3,3,0,0,0,0,0,0,0,0,1,16,3,0,0,0,0,0,0,0,0,0,0,0,0,0,0,0,0,0,1
32,2,2,0,0,0,0,0,0,0,0,1,10,3,0,0,0,0,0,0,0,0,-1,0,0,0,0,0,0,0,0,1
63,2,3,3,0,0,0,0,0,0,0,0,19,3,0,0,1,0,0,0,0,0,-1,0,0,0,0,0,0,0,0,1
77,3,4,8,0,0,0,0,0,0,0,2,22,3,0,0,1,0,0,0,0,0,-1,0,0,0,0,0,0,0,0,1
32,2,2,0,0,0,0,0,0,0,0,0,11,3,0,0,0,0,0,0,0,0,-1,0,0,0,0,0,0,0,0,1
33,2,1,0,0,0,0,0,0,0,0,0,15,3,0,0,0,1,0,0,1,0,-1,0,0,0,0,0,0,0,0,1
16,1,0,0,0,0,0,0,0,0,0,0,16,3,0,0,0,0,0,0,0,0,-1,0,0,0,0,0,0,0,0,1
46,1,2,3,0,0,0,0,0,0,0,0,14,3,0,0,0,0,0,0,0,0,-1,0,0,0,0,0,0,0,0,1
71,4,3,0,0,0,0,0,0,0,0,2,18,2,0,0,0,3,0,0,1,0,0,0,0,0,0,0,0,0,0,1
31,2,1,0,0,0,0,0,0,0,0,1,22,3,0,0,0,0,0,0,0,0,-1,0,0,0,0,0,0,0,0,1
20,1,1,0,0,0,0,0,0,0,0,0,11,3,0,0,0,0,0,0,0,0,-1,0,0,0,0,0,0,0,0,1
88,1,6,8,0,0,0,0,0,0,0,0,11,3,0,0,1,0,0,0,0,0,0,0,0,0,0,0,0,0,0,1
62,2,4,4,0,0,0,0,0,0,0,0,16,3,0,0,0,0,0,0,0,0,-1,0,0,0,0,0,0,0,0,1
43,1,3,1,0,0,0,0,0,0,0,0,12,3,0,0,1,0,0,0,0,0,-1,0,0,0,0,0,0,0,0,1
44,3,0,0,0,0,0,0,0,0,0,2,44,2,0,0,0,0,0,0,0,0,-1,0,0,0,0,0,0,0,0,1
24,1,1,0,0,0,0,0,0,0,0,0,11,3,0,0,0,0,0,0,0,0,-1,0,0,0,0,0,0,0,0,1
17,2,0,0,0,0,0,0,0,0,0,1,17,3,0,0,0,0,0,0,0,0,-1,0,0,0,0,0,0,0,0,1
109,3,4,0,0,0,0,0,0,0,0,1,19,3,0,0,0,5,0,0,1,0,0,0,0,0,0,0,0,0,0,1
32,2,2,0,0,0,0,0,0,0,0,0,11,3,0,0,0,0,0,0,0,0,-1,0,0,0,0,0,0,0,0,1
32,2,1,0,0,0,0,0,0,0,0,0,10,3,0,0,1,1,0,0,1,0,-1,0,0,0,0,0,0,0,0,1
94,5,2,0,0,0,0,0,0,0,0,3,41,3,0,0,0,0,0,0,0,0,-1,0,0,0,0,0,0,0,0,1
28,2,2,0,0,0,0,0,0,0,0,0,10,3,0,0,0,0,0,0,0,0,-1,0,0,0,0,0,0,0,0,1
32,2,0,0,0,0,0,0,0,0,0,1,32,3,0,0,0,0,0,0,0,0,-1,0,0,0,0,0,0,0,0,1
33,2,1,0,0,0,0,0,0,0,0,0,24,3,0,0,0,0,0,0,0,0,-1,0,0,0,0,0,0,0,0,1
33,1,2,2,0,0,0,0,0,0,0,0,12,3,0,0,0,0,0,0,0,0,-1,0,0,0,0,0,0,0,0,1
48,2,2,0,0,0,0,0,0,0,0,1,16,3,0,0,0,0,0,0,0,0,-1,0,0,0,0,0,0,0,0,1
89,4,3,0,0,0,0,0,0,0,0,2,23,2,0,0,0,5,0,0,1,0,0,0,0,0,0,0,0,0,0,1
89,3,3,0,0,0,0,0,0,0,0,1,22,4,0,0,0,5,0,0,1,0,0,0,0,0,0,0,0,0,0,1
36,1,2,1,0,0,0,0,0,0,0,0,11,3,0,0,0,0,0,0,0,0,-1,0,0,0,0,0,0,0,0,1
34,1,2,1,0,0,0,0,0,0,0,0,14,3,0,0,0,0,0,0,0,0,-1,0,0,0,0,0,0,0,0,1
19,2,0,0,0,0,0,0,0,0,0,1,19,4,0,0,0,0,0,0,0,0,-1,0,0,0,0,0,0,0,0,1
45,1,3,1,0,0,0,0,0,0,0,0,11,3,0,0,1,0,0,0,0,0,-1,0,0,0,0,0,0,0,0,1
56,1,3,4,0,0,0,0,0,0,0,0,10,3,0,0,1,0,0,0,0,0,-1,0,0,0,0,0,0,0,0,1
91,1,5,10,0,0,0,0,0,0,0,0,10,3,0,0,1,0,0,0,0,0,0,0,0,0,0,0,0,0,0,1
32,2,0,0,0,0,0,0,0,0,0,1,32,3,0,0,0,0,0,0,0,0,-1,0,0,0,0,0,0,0,0,1
60,4,4,2,0,0,0,0,0,0,0,2,25,2,0,0,0,0,0,0,0,0,0,0,0,0,0,0,0,0,0,1
44,2,5,0,0,0,0,0,0,0,0,1,15,2,0,0,0,0,0,0,0,0,0,0,0,0,0,0,0,0,0,1
31,1,2,0,0,0,0,0,0,0,0,0,11,3,0,0,0,0,0,0,0,0,-1,0,0,0,0,0,0,0,0,1
61,3,2,3,0,0,0,0,0,0,0,1,18,3,0,0,1,0,0,0,0,0,-1,0,0,0,0,0,0,0,0,1
83,2,5,3,0,0,0,0,0,0,0,0,19,3,0,0,1,0,0,0,0,0,-1,0,0,0,0,0,0,0,0,1
214,3,3,0,0,0,0,0,0,0,0,1,14,2,0,0,0,5,0,0,1,0,0,0,0,0,0,0,0,0,0,1
48,3,3,1,0,0,0,0,0,0,0,1,26,2,0,0,0,0,0,0,0,0,0,0,0,0,0,0,0,0,0,1
44,2,2,2,0,0,0,0,0,0,0,0,10,3,0,0,0,0,0,0,0,0,-1,0,0,0,0,0,0,0,0,1
76,2,5,4,0,0,0,0,0,0,0,1,14,2,0,0,1,0,0,0,0,0,-1,0,0,0,0,0,0,0,0,1
50,1,2,0,0,0,0,0,0,0,0,0,13,3,0,0,0,1,0,0,1,0,-1,0,0,0,0,0,0,0,0,1
11,1,0,0,0,0,0,0,0,0,0,0,11,3,0,0,0,0,0,0,0,0,-1,0,0,0,0,0,0,0,0,1
42,1,3,0,0,0,0,0,0,0,0,0,12,3,0,0,1,0,0,0,0,0,-1,0,0,0,0,0,0,0,0,1
19,1,0,0,0,0,0,0,0,0,0,0,19,3,0,0,0,0,0,0,0,0,-1,0,0,0,0,0,0,0,0,1
49,2,2,4,0,0,0,0,0,0,0,0,13,3,0,0,0,0,0,0,0,0,-1,0,0,0,0,0,0,0,0,1
64,2,7,0,0,0,0,0,0,0,0,0,12,2,0,0,0,0,0,0,0,0,0,0,0,0,0,0,0,0,0,1
83,1,3,6,0,0,0,0,0,0,0,0,20,3,0,0,1,0,0,0,0,0,0,0,0,0,0,0,0,0,0,1
44,1,3,3,0,0,0,0,0,0,0,0,10,3,0,0,0,0,0,0,0,0,-1,0,0,0,0,0,0,0,0,1
105,3,3,0,0,0,0,0,0,0,0,0,13,3,0,0,1,5,0,0,1,0,0,0,0,0,0,0,0,0,0,1
28,1,1,0,0,0,0,0,0,0,0,0,11,3,0,0,0,0,0,0,0,0,-1,0,0,0,0,0,0,0,0,1
35,2,1,0,0,0,0,0,0,0,0,0,25,3,0,0,0,0,0,0,0,0,-1,0,0,0,0,0,0,0,0,1
18,1,0,0,0,0,0,0,0,0,0,0,18,2,0,0,0,0,0,0,0,0,-1,0,0,0,0,0,0,0,0,1
73,1,2,6,0,0,0,0,0,0,0,0,18,3,0,0,0,0,0,0,0,0,-1,0,0,0,0,0,0,0,0,1
37,2,3,1,0,0,0,0,0,0,0,0,9,3,0,0,0,0,0,0,0,0,-1,0,0,0,0,0,0,0,0,1
15,2,0,0,0,0,0,0,0,0,0,1,15,2,0,0,0,0,0,0,0,0,-1,0,0,0,0,0,0,0,0,1
73,1,4,5,0,0,0,0,0,0,0,0,12,3,0,0,1,0,0,0,0,0,-1,0,0,0,0,0,0,0,0,1
108,1,4,9,0,0,0,0,0,0,0,0,11,2,0,0,1,0,0,0,0,0,-1,0,0,0,0,0,0,0,0,1
21,3,0,0,0,0,0,0,0,0,0,2,21,2,0,0,0,0,0,0,0,0,-1,0,0,0,0,0,0,0,0,1
78,1,6,1,0,0,0,0,0,0,0,0,13,3,0,0,0,1,0,0,0,0,-1,0,0,0,0,0,0,1,0,1
73,2,5,6,0,0,0,0,0,0,0,1,15,2,0,0,0,0,0,0,0,0,0,0,0,0,0,0,0,0,0,1
36,1,3,0,0,0,0,0,0,0,0,0,9,3,0,0,0,0,0,0,0,0,-1,0,0,0,0,0,0,0,0,1
32,2,1,0,0,0,0,0,0,0,0,0,15,3,0,0,0,0,0,0,0,0,-1,0,0,0,0,0,0,0,0,1
65,2,5,3,0,0,0,0,0,0,0,1,21,2,0,0,0,0,0,0,0,0,0,0,0,0,0,0,0,0,0,1
37,1,5,1,0,0,0,0,0,0,0,0,12,3,0,0,0,0,0,0,0,0,-1,0,0,0,0,0,0,0,0,1
38,2,1,0,0,0,0,0,0,0,0,0,15,3,0,0,0,0,0,0,0,0,-1,0,0,0,0,0,0,0,0,1
15,1,0,0,0,0,0,0,0,0,0,0,15,3,0,0,0,0,0,0,0,0,-1,0,0,0,0,0,0,0,0,1
22,1,0,0,0,0,0,0,0,0,0,0,22,3,0,0,0,0,0,0,0,0,-1,0,0,0,0,0,0,0,0,1
52,1,4,1,0,0,0,0,0,0,0,0,11,3,0,0,1,0,0,0,0,0,-1,0,0,0,0,0,0,0,0,1
41,1,3,0,0,0,0,0,0,0,0,0,15,2,0,0,0,1,0,0,1,0,-1,0,0,0,0,0,0,0,0,1
50,2,3,1,0,0,0,0,0,0,0,1,18,2,0,0,0,0,0,0,0,0,-1,0,0,0,0,0,0,0,0,1
145,3,3,7,0,0,0,0,0,0,0,1,12,2,0,0,0,5,0,0,1,0,0,0,0,0,0,0,0,0,0,1
155,9,4,0,0,0,0,0,1,0,0,0,12,3,0,0,1,1,0,0,1,0,0,0,0,0,0,0,0,0,0,1
50,1,6,0,0,0,0,0,0,0,0,0,12,3,0,0,1,0,0,0,0,0,-1,0,0,0,0,0,0,0,0,1
58,3,4,1,0,0,0,0,0,0,0,1,18,3,0,0,0,0,0,0,0,0,0,0,0,0,0,0,0,0,0,1
52,2,4,2,0,0,0,0,0,0,0,0,13,3,0,0,0,0,0,0,0,0,-1,0,0,0,0,0,0,0,0,1
65,3,6,2,0,0,0,0,0,0,0,1,23,2,0,0,0,0,0,0,0,0,-1,0,0,0,0,0,0,0,0,1
60,2,3,0,0,0,0,0,0,0,0,0,10,2,0,0,1,0,0,0,0,0,-1,0,0,0,0,0,0,0,0,1
31,1,1,0,0,0,0,0,0,0,0,0,11,3,0,0,0,1,0,0,1,0,-1,0,0,0,0,0,0,0,0,1
15,1,0,0,0,0,0,0,0,0,0,0,15,3,0,0,0,0,0,0,0,0,-1,0,0,0,0,0,0,0,0,1
64,5,2,0,0,0,0,0,0,0,0,3,41,3,0,0,0,0,0,0,0,0,-1,0,0,0,0,0,0,0,0,1
9,2,0,0,0,0,0,0,0,0,0,1,9,2,0,0,0,0,0,0,0,0,-1,0,0,0,0,0,0,0,0,1
37,1,2,0,0,0,0,0,0,0,0,0,18,3,0,0,0,0,0,0,0,0,-1,0,0,0,0,0,0,0,0,1
37,3,3,0,0,0,0,0,0,0,0,1,18,3,0,0,0,0,0,0,0,0,0,0,0,0,0,0,0,0,0,1
31,1,1,0,0,0,0,0,0,0,0,0,11,3,0,0,0,1,0,0,1,0,-1,0,0,0,0,0,0,0,0,1
60,2,5,2,0,0,0,0,0,0,0,0,8,2,0,0,0,0,0,0,0,0,0,0,0,0,0,0,0,0,0,1
27,2,1,1,0,0,0,0,0,0,0,1,18,3,0,0,0,0,0,0,0,0,-1,0,0,0,0,0,0,0,0,1
19,2,0,0,0,0,0,0,0,0,0,1,19,3,0,0,0,0,0,0,0,0,-1,0,0,0,0,0,0,0,0,1
35,2,2,1,0,0,0,0,0,0,0,1,24,3,0,0,0,0,0,0,0,0,-1,0,0,0,0,0,0,0,0,1
108,3,3,0,0,0,0,0,0,0,0,1,18,2,0,0,0,5,0,0,1,0,0,0,0,0,0,0,0,0,0,1
42,1,3,1,0,0,0,0,0,0,0,0,12,3,0,0,1,0,0,0,0,0,-1,0,0,0,0,0,0,0,0,1
17,1,0,0,0,0,0,0,0,0,0,0,17,3,0,0,0,0,0,0,0,0,-1,0,0,0,0,0,0,0,0,1
47,1,2,0,0,0,0,0,0,0,0,0,21,3,0,0,0,0,0,0,0,0,-1,0,0,0,0,0,0,0,0,1
31,1,1,0,0,0,0,0,0,0,0,0,11,3,0,0,1,1,0,0,1,0,-1,0,0,0,0,0,0,0,0,1
54,3,4,1,0,0,0,0,0,0,0,1,17,4,0,0,0,1,0,0,1,0,0,0,0,0,0,0,0,0,0,1
13,1,0,0,0,0,0,0,0,0,0,0,13,3,0,0,0,0,0,0,0,0,-1,0,0,0,0,0,0,0,0,1
13,1,0,0,0,0,0,0,0,0,0,0,13,3,0,0,0,0,0,0,0,0,-1,0,0,0,0,0,0,0,0,1
59,2,3,0,0,0,0,0,0,0,0,0,7,3,0,0,0,1,0,0,1,0,-1,0,0,0,0,0,0,0,0,1
81,1,6,8,0,0,0,0,0,0,0,0,6,2,0,0,1,0,0,0,0,0,0,0,0,0,0,0,0,0,0,1
50,4,3,1,0,0,0,0,0,0,0,1,19,3,0,0,1,0,0,0,0,0,-1,0,0,0,0,0,0,0,0,1
40,2,3,0,0,0,0,0,0,0,0,1,17,3,0,0,0,0,0,0,0,0,-1,0,0,0,0,0,0,0,0,1
31,1,1,0,0,0,0,0,0,0,0,0,11,3,0,0,1,1,0,0,1,0,-1,0,0,0,0,0,0,0,0,1
28,1,2,1,0,0,0,0,0,0,0,0,14,2,0,0,0,0,0,0,0,0,-1,0,0,0,0,0,0,0,0,1
28,2,1,1,0,0,0,0,0,0,0,1,18,3,0,0,0,0,0,0,0,0,-1,0,0,0,0,0,0,0,0,1
111,1,6,14,0,0,0,0,0,0,0,0,17,3,0,0,0,0,0,0,0,0,0,0,0,0,0,0,0,0,0,1
23,1,2,0,0,0,0,0,0,0,0,0,8,3,0,0,1,0,0,0,0,0,-1,0,0,0,0,0,0,0,0,1
41,2,4,0,0,0,0,0,0,0,0,1,26,3,0,0,1,0,0,0,0,0,-1,0,0,0,0,0,0,0,0,1
158,2,3,3,0,0,0,0,0,0,0,0,12,3,0,0,0,5,0,0,1,0,0,0,0,0,0,0,0,0,0,1
32,1,1,3,0,0,0,0,0,0,0,0,21,3,0,0,0,0,0,0,0,0,-1,0,0,0,0,0,0,0,0,1
97,1,6,9,0,0,0,0,0,0,0,0,6,3,0,0,1,0,0,0,0,0,0,0,0,0,0,0,0,0,0,1
24,2,0,0,0,0,0,0,0,0,0,1,24,3,0,0,0,0,0,0,0,0,-1,0,0,0,0,0,0,0,0,1
40,2,2,0,0,0,0,0,0,0,0,1,16,3,0,0,0,0,0,0,0,0,-1,0,0,0,0,0,0,0,0,1
53,2,4,0,0,0,0,0,0,0,0,1,16,3,0,0,0,0,0,0,0,0,-1,0,0,0,0,0,0,0,0,1
35,1,2,2,0,0,0,0,0,0,0,0,12,3,0,0,1,0,0,0,0,0,-1,0,0,0,0,0,0,0,0,1
25,2,1,0,0,0,0,0,0,0,0,0,13,3,0,0,0,0,0,0,0,0,-1,0,0,0,0,0,0,0,0,1
76,4,3,0,0,0,0,0,0,0,0,1,13,2,0,0,0,5,0,0,1,0,0,0,0,0,0,0,0,0,0,1
115,3,3,0,0,0,0,0,0,0,0,1,19,2,0,0,0,5,0,0,1,0,0,0,0,0,0,0,0,0,0,1
45,1,4,0,0,0,0,0,0,0,0,0,14,3,0,0,1,0,0,0,0,0,-1,0,0,0,0,0,0,0,0,1
37,3,4,0,0,0,0,0,0,0,0,1,17,3,0,0,0,0,0,0,0,0,0,0,0,0,0,0,0,0,0,1
74,2,4,2,0,0,0,0,0,0,0,1,29,2,0,0,0,1,0,0,1,0,0,0,0,0,0,0,0,0,0,1
121,1,5,12,0,0,0,0,0,0,0,0,7,3,0,0,1,0,0,0,0,0,0,0,0,0,0,0,0,0,0,1
15,1,0,1,0,0,0,0,0,0,0,0,15,3,0,0,0,0,0,0,0,0,-1,0,0,0,0,0,0,0,0,1
24,1,1,0,0,0,0,0,0,0,0,0,10,3,0,0,0,0,0,0,0,0,-1,0,0,0,0,0,0,0,0,1
66,2,1,2,0,0,0,0,0,0,0,0,24,3,0,0,0,0,0,0,0,0,-1,0,0,0,0,0,0,0,0,1
21,1,0,0,0,0,0,0,0,0,0,0,21,3,0,0,0,0,0,0,0,0,-1,0,0,0,0,0,0,0,0,1
33,2,2,0,0,0,0,0,0,0,0,0,15,3,0,0,0,0,0,0,0,0,-1,0,0,0,0,0,0,0,0,1
151,1,4,17,1,0,0,0,0,0,0,0,10,3,1,1,0,1,0,0,1,0,0,0,0,0,0,0,0,0,0,1
21,1,1,0,0,0,0,0,0,0,0,0,6,3,0,0,0,0,0,0,0,0,-1,0,0,0,0,0,0,0,0,1
52,1,3,1,0,0,0,0,0,0,0,0,12,3,0,0,1,1,0,0,1,0,-1,0,0,0,0,0,0,0,0,1
23,1,1,0,0,0,0,0,0,0,0,0,11,3,0,0,0,0,0,0,0,0,-1,0,0,0,0,0,0,0,0,1
33,2,1,0,0,0,0,0,0,0,0,1,20,3,0,0,0,0,0,0,0,0,-1,0,0,0,0,0,0,0,0,1
83,1,8,4,0,0,0,0,0,0,0,0,12,3,0,0,1,0,0,0,0,0,0,0,0,0,0,1,0,0,0,1
23,2,0,0,0,0,0,0,0,0,0,1,23,3,0,0,0,0,0,0,0,0,-1,0,0,0,0,0,0,0,0,1
24,1,1,0,0,0,0,0,0,0,0,0,11,3,0,0,0,0,0,0,0,0,-1,0,0,0,0,0,0,0,0,1
72,3,5,1,0,0,0,0,0,0,0,1,21,2,0,0,0,0,0,0,0,0,0,0,0,0,0,0,0,0,0,1
48,1,3,1,0,0,0,0,0,0,0,0,14,3,0,0,0,0,0,0,0,0,-1,0,0,0,0,0,0,0,0,1
51,1,1,0,0,0,0,0,0,0,0,0,10,3,0,0,1,0,0,0,0,0,-1,0,0,0,0,0,0,0,0,1
61,2,4,1,0,0,0,0,0,0,0,1,25,3,0,0,0,0,0,0,0,0,-1,0,0,0,0,0,0,0,0,1
14,1,0,0,0,0,0,0,0,0,0,0,14,3,0,0,0,0,0,0,0,0,-1,0,0,0,0,0,0,0,0,1
24,1,1,1,0,0,0,0,0,0,0,0,16,3,0,0,1,1,0,0,1,0,-1,0,0,0,0,0,0,0,0,1
41,2,2,0,0,0,0,0,0,0,0,0,22,3,0,0,0,0,0,0,0,0,-1,0,0,0,0,0,0,0,0,1
50,2,2,0,0,0,0,0,0,0,0,0,12,3,0,0,1,0,0,0,0,0,-1,0,0,0,0,0,0,0,0,1
107,2,4,0,0,0,0,0,0,0,0,0,10,3,0,0,1,5,0,0,1,0,0,0,0,0,0,0,0,0,0,1
46,1,2,3,0,0,0,0,0,0,0,0,11,3,0,0,0,0,0,0,0,0,-1,0,0,0,0,0,0,0,0,1
51,2,3,0,0,0,0,0,0,0,0,0,15,3,0,0,0,0,0,0,0,0,-1,0,0,0,0,0,0,0,0,1
42,1,2,0,0,0,0,0,0,0,0,0,14,3,0,0,0,0,0,0,0,0,-1,0,0,0,0,0,0,0,0,1
54,4,4,4,0,0,0,0,0,0,0,2,19,2,0,0,0,0,0,0,0,0,0,0,0,0,0,0,0,0,0,1
56,3,4,0,0,0,0,0,0,0,0,1,26,3,0,0,0,0,0,0,0,0,0,0,0,0,0,0,0,0,0,1
51,2,3,0,0,0,0,0,0,0,0,0,17,3,0,0,1,0,0,0,0,0,-1,0,0,0,0,0,0,0,0,1
37,2,2,0,0,0,0,0,0,0,0,1,19,3,0,0,0,0,0,0,0,0,-1,0,0,0,0,0,0,0,0,1
49,2,5,0,0,0,0,0,0,0,0,0,16,3,0,0,1,0,0,1,0,0,-1,0,0,0,0,0,0,0,0,1
73,1,4,3,0,0,0,0,0,0,0,0,20,3,0,0,0,0,0,0,0,0,-1,0,0,0,0,0,0,0,0,1
49,2,3,2,0,0,0,0,0,0,0,1,13,3,0,0,0,0,0,0,0,0,-1,0,0,0,0,0,0,0,0,1
46,2,2,1,0,0,0,0,0,0,0,0,11,3,0,0,1,1,0,0,1,0,-1,0,0,0,0,0,0,0,0,1
47,2,2,2,0,0,0,0,0,0,0,0,18,3,0,0,0,0,0,0,0,0,-1,0,0,0,0,0,0,0,0,1
116,4,12,0,0,0,0,0,0,0,0,1,18,3,0,0,0,0,0,0,0,0,0,0,0,0,0,1,0,0,0,1
31,3,0,0,0,0,0,0,0,0,0,2,31,3,0,0,0,0,0,0,0,0,-1,0,0,0,0,0,0,0,0,1
24,1,1,0,0,0,0,0,0,0,0,0,11,3,0,0,0,0,0,0,0,0,-1,0,0,0,0,0,0,0,0,1
26,2,0,0,0,0,0,0,0,0,0,1,26,3,0,0,0,0,0,0,0,0,-1,0,0,0,0,0,0,0,0,1
43,1,1,2,0,0,0,0,0,0,0,0,22,3,0,0,0,0,0,0,0,0,-1,0,0,0,0,0,0,0,0,1
55,2,4,1,0,0,0,0,0,0,0,1,23,3,0,0,0,0,0,0,0,0,0,0,0,0,0,0,0,0,0,1
31,1,2,1,0,0,0,0,0,0,0,0,9,4,0,0,1,0,0,0,0,0,-1,0,0,0,0,0,0,0,0,1
37,1,1,0,0,0,0,0,0,0,0,0,14,3,0,0,0,0,0,0,0,0,-1,0,0,0,0,0,0,0,0,1
83,4,3,0,0,0,0,0,0,0,0,2,18,2,0,0,0,5,0,0,1,0,0,0,0,0,0,0,0,0,0,1
19,1,0,0,0,0,0,0,0,0,0,0,19,3,0,0,0,0,0,0,0,0,-1,0,0,0,0,0,0,0,0,1
69,2,2,0,0,0,0,0,0,0,0,1,21,3,0,0,0,1,0,0,0,0,-1,0,0,0,0,0,0,1,0,1
20,1,0,0,0,0,0,0,0,0,0,0,20,3,0,0,0,0,0,0,0,0,-1,0,0,0,0,0,0,0,0,1
31,2,1,0,0,0,0,0,0,0,0,0,20,3,0,0,1,0,0,0,0,0,-1,0,0,0,0,0,0,0,0,1
51,2,2,1,0,0,0,0,0,0,0,0,20,3,0,0,0,1,0,0,1,0,-1,0,0,0,0,0,0,0,0,1
107,2,3,1,0,0,0,0,0,0,0,0,21,2,0,0,0,5,0,0,1,0,0,0,0,0,0,0,0,0,0,1
108,3,3,1,0,0,0,0,0,0,0,1,14,2,0,0,0,5,0,0,1,0,0,0,0,0,0,0,0,0,0,1
64,1,1,5,0,0,0,0,0,0,0,0,22,3,0,0,0,0,0,0,0,0,-1,0,0,0,0,0,0,0,0,1
19,1,0,0,0,0,0,0,0,0,0,0,19,3,0,0,0,0,0,0,0,0,-1,0,0,0,0,0,0,0,0,1
71,1,3,0,0,0,0,0,0,0,0,0,9,4,0,0,1,5,0,0,0,0,0,0,0,0,0,0,0,1,0,1
18,1,0,0,0,0,0,0,0,0,0,0,18,3,0,0,0,0,0,0,0,0,-1,0,0,0,0,0,0,0,0,1
57,2,6,0,0,0,0,0,0,0,0,0,13,3,0,0,0,0,0,0,0,0,-1,0,0,0,0,0,0,0,0,1
111,3,3,0,0,0,0,0,0,0,0,1,34,3,0,0,0,5,0,0,1,0,0,0,0,0,0,0,0,0,0,1
98,2,3,0,0,0,0,0,0,0,0,0,23,3,0,0,0,5,0,0,1,0,0,0,0,0,0,0,0,0,0,1
30,2,1,0,0,0,0,0,0,0,0,0,10,3,0,0,0,0,0,0,0,0,-1,0,0,0,0,0,0,0,0,1
31,1,1,0,0,0,0,0,0,0,0,0,11,3,0,0,0,1,0,0,1,0,-1,0,0,0,0,0,0,0,0,1
93,2,3,14,0,0,0,0,0,0,0,0,17,3,0,0,0,0,0,0,0,0,0,0,0,0,0,0,0,0,0,1
71,4,9,2,0,0,0,0,0,0,0,1,18,2,0,0,1,0,0,0,0,0,0,0,0,0,0,1,0,0,0,1
41,3,2,0,0,0,0,0,0,0,0,1,23,2,0,0,0,0,0,0,0,0,-1,0,0,0,0,0,0,0,0,1
20,1,1,0,0,0,0,0,0,0,0,0,11,3,0,0,0,0,0,0,0,0,-1,0,0,0,0,0,0,0,0,1
139,2,3,0,0,0,0,0,0,0,0,0,18,3,0,0,0,5,0,0,1,0,0,0,0,0,0,0,0,0,0,1
33,2,2,0,0,0,0,0,0,0,0,0,15,3,0,0,0,0,0,0,0,0,-1,0,0,0,0,0,0,0,0,1
27,2,1,0,0,0,0,0,0,0,0,0,11,3,0,0,0,0,0,0,0,0,-1,0,0,0,0,0,0,0,0,1
119,2,4,11,0,0,0,0,0,0,0,1,39,3,0,0,1,0,0,0,0,0,-1,0,0,0,0,0,0,0,0,1
55,1,3,3,0,0,0,0,0,0,0,0,10,3,0,0,1,0,0,0,0,0,-1,0,0,0,0,0,0,0,0,1
15,1,0,1,0,0,0,0,0,0,0,0,15,2,0,0,0,0,0,0,0,0,-1,0,0,0,0,0,0,0,0,1
120,1,7,4,0,0,0,0,0,0,0,0,7,3,0,0,1,0,0,0,0,0,-1,0,0,0,0,0,0,0,0,1
83,3,3,5,0,0,0,0,0,0,0,1,30,3,0,0,1,0,0,0,0,0,-1,0,0,0,0,0,0,0,0,1
47,5,4,0,0,0,1,0,0,0,0,4,31,3,0,0,0,0,0,0,0,0,0,0,0,0,0,0,0,0,0,1
170,3,3,0,0,0,0,0,0,0,0,0,13,3,0,0,0,5,0,0,1,0,0,0,0,0,0,0,0,0,0,1
73,3,5,6,0,0,0,0,0,0,0,1,15,2,0,0,0,0,0,0,0,0,0,0,0,0,0,0,0,0,0,1
45,1,2,2,0,0,0,0,0,0,0,0,18,3,0,0,0,0,0,0,0,0,-1,0,0,0,0,0,0,0,0,1
87,2,3,0,0,0,0,0,0,0,0,0,10,3,0,0,1,5,0,0,1,0,0,0,0,0,0,0,0,0,0,1
124,3,3,2,0,0,0,0,0,0,0,1,20,3,0,0,1,5,0,0,1,0,0,0,0,0,0,0,0,0,0,1
19,1,0,0,0,0,0,0,0,0,0,0,19,2,0,0,0,0,0,0,0,0,-1,0,0,0,0,0,0,0,0,1
46,1,3,2,0,0,0,0,0,0,0,0,9,3,0,0,0,0,0,0,0,0,-1,0,0,0,0,0,0,0,0,1
55,2,1,0,0,0,0,0,0,0,0,0,11,3,0,0,0,3,0,0,1,0,-1,0,0,0,0,0,0,0,0,1
19,1,1,0,0,0,0,0,0,0,0,0,12,3,0,0,0,0,0,0,0,0,-1,0,0,0,0,0,0,0,0,1
27,1,0,0,0,0,0,0,0,0,0,0,27,3,0,0,0,0,0,0,0,0,-1,0,0,0,0,0,0,0,0,1
30,1,2,1,0,0,0,0,0,0,0,0,16,2,0,0,0,0,0,0,0,0,-1,0,0,0,0,0,0,0,0,1
55,1,3,1,0,0,0,0,0,0,0,0,22,3,0,0,0,1,0,0,1,0,0,0,0,0,0,0,0,0,0,1
96,1,6,8,0,0,0,0,0,0,0,0,6,3,0,0,1,0,0,0,0,0,0,0,0,0,0,0,0,0,0,1
140,2,4,5,0,0,0,0,0,0,0,0,15,3,0,0,1,5,0,0,1,0,0,0,0,0,0,0,0,0,0,1
86,3,3,0,0,0,0,0,0,0,0,1,16,2,0,0,0,5,0,0,1,0,0,0,0,0,0,0,0,0,0,1
52,2,3,0,0,0,0,0,0,0,0,0,15,3,0,0,1,0,0,0,0,0,-1,0,0,0,0,0,0,0,0,1
31,1,1,0,0,0,0,0,0,0,0,0,11,3,0,0,0,1,0,0,1,0,-1,0,0,0,0,0,0,0,0,1
36,2,1,1,0,0,0,0,0,0,0,1,18,3,0,0,0,0,0,0,0,0,-1,0,0,0,0,0,0,0,0,1
18,1,0,0,0,0,0,0,0,0,0,0,18,3,0,0,0,0,0,0,0,0,-1,0,0,0,0,0,0,0,0,1
31,1,1,1,0,0,0,0,0,0,0,0,11,3,0,0,0,1,0,0,1,0,-1,0,0,0,0,0,0,0,0,1
12,1,0,0,0,0,0,0,0,0,0,0,12,3,0,0,0,0,0,0,0,0,-1,0,0,0,0,0,0,0,0,1
70,3,3,1,0,0,0,0,0,0,0,1,26,3,0,0,0,3,0,0,1,0,0,0,0,0,0,0,0,0,0,1
28,1,2,0,0,0,0,0,0,0,0,0,16,3,0,0,0,0,0,0,0,0,-1,0,0,0,0,0,0,0,0,1
107,1,3,0,0,0,0,0,0,0,0,0,9,4,0,0,1,5,0,0,0,0,0,0,0,0,0,0,0,1,0,1
51,2,2,0,0,0,0,0,0,0,0,1,16,3,0,0,0,0,0,0,0,0,-1,0,0,0,0,0,0,0,0,1
11,2,0,0,0,0,0,0,0,0,0,1,11,2,0,0,0,0,0,0,0,0,-1,0,0,0,0,0,0,0,0,1
44,2,2,0,0,0,0,0,0,0,0,1,18,3,0,0,1,0,0,0,0,0,-1,0,0,0,0,0,0,0,0,1
97,1,1,0,0,0,0,0,0,0,0,0,10,3,0,0,0,5,0,0,1,0,-1,0,0,0,0,0,0,1,0,1
32,3,1,0,0,0,0,0,0,0,0,1,25,3,0,0,0,0,0,0,0,0,-1,0,0,0,0,0,0,0,0,1
54,2,3,0,0,0,0,0,0,0,0,0,21,3,0,0,0,0,0,0,0,0,-1,0,0,0,0,0,0,0,0,1
49,1,1,5,0,0,0,0,0,0,0,0,12,3,0,0,0,0,0,0,0,0,-1,0,0,0,0,0,0,0,0,1
23,1,1,0,0,0,0,0,0,0,0,0,16,3,0,0,0,1,0,0,1,0,-1,0,0,0,0,0,0,0,0,1
11,1,0,0,0,0,0,0,0,0,0,0,11,3,0,0,0,0,0,0,0,0,-1,0,0,0,0,0,0,0,0,1
88,2,1,0,0,0,0,0,0,0,0,1,19,3,0,0,1,0,0,0,0,0,-1,0,0,0,0,0,0,0,0,1
38,1,2,2,0,0,0,0,0,0,0,0,8,3,0,0,0,0,0,0,0,0,-1,0,0,0,0,0,0,0,0,1
49,2,2,0,0,0,0,0,0,0,0,0,17,3,0,0,1,1,0,0,1,0,-1,0,0,0,0,0,0,0,0,1
201,11,3,3,0,0,0,1,0,0,0,5,75,2,0,0,0,1,0,0,0,0,0,0,0,0,0,0,1,0,0,1
20,1,0,2,0,0,0,0,0,0,0,0,20,3,0,0,0,0,0,0,0,0,-1,0,0,0,0,0,0,0,0,1
102,2,3,1,0,0,0,0,0,0,0,0,16,3,0,0,0,5,0,0,1,0,0,0,0,0,0,0,0,0,0,1
14,1,0,0,0,0,0,0,0,0,0,0,14,2,0,0,0,0,0,0,0,0,-1,0,0,0,0,0,0,0,0,1
59,3,7,0,0,0,0,0,0,0,0,1,15,2,0,0,0,0,0,0,0,0,0,0,0,0,0,0,0,0,0,1
77,3,5,0,0,0,0,0,0,0,0,1,14,3,0,0,1,3,0,0,1,0,0,0,0,0,0,0,0,0,0,1
82,2,8,4,0,0,0,0,0,0,0,0,14,2,0,0,0,0,0,0,0,0,0,0,0,0,0,1,0,0,0,1
20,1,0,1,0,0,0,0,0,0,0,0,20,2,0,0,0,0,0,0,0,0,-1,0,0,0,0,0,0,0,0,1
55,1,5,0,0,0,0,0,0,0,0,0,11,3,0,0,1,0,0,0,0,0,-1,0,0,0,0,0,0,0,0,1
39,1,3,0,0,0,0,0,0,0,0,0,12,3,0,0,1,0,0,0,0,0,-1,0,0,0,0,0,0,0,0,1
42,1,2,0,0,0,0,0,0,0,0,0,18,3,0,0,0,0,0,0,0,0,-1,0,0,0,0,0,0,0,0,1
57,4,4,0,0,0,0,0,0,0,0,2,31,2,0,0,0,0,0,0,0,0,0,0,0,0,0,0,0,0,0,1
80,4,5,0,0,0,0,0,0,0,0,1,17,3,0,0,1,0,0,0,0,0,-1,0,0,0,0,0,0,0,0,1
59,1,2,5,0,0,0,0,0,0,0,0,12,3,0,0,0,0,0,0,0,0,-1,0,0,0,0,0,0,0,0,1
77,1,2,9,0,0,0,0,0,0,0,0,18,3,0,0,1,0,0,0,0,0,-1,0,0,0,0,0,0,0,0,1
113,2,1,5,0,0,0,0,0,0,0,0,15,3,0,0,1,0,0,0,0,0,-1,0,0,0,0,0,0,0,0,1
43,1,2,1,0,0,0,0,0,0,0,0,14,3,0,0,0,0,0,0,0,0,-1,0,0,0,0,0,0,0,0,1
92,4,3,0,0,0,0,0,0,0,0,2,26,2,0,0,0,5,0,0,1,0,0,0,0,0,0,0,0,0,0,1
106,1,1,0,0,0,0,0,0,0,0,0,10,3,0,0,1,5,0,0,1,0,-1,0,0,0,0,0,0,1,0,1
36,2,2,0,0,0,0,0,0,0,0,0,8,3,0,0,0,1,0,0,1,0,-1,0,0,0,0,0,0,0,0,1
35,2,1,0,0,0,0,0,0,0,0,0,19,3,0,0,0,0,0,0,0,0,-1,0,0,0,0,0,0,0,0,1
111,3,3,0,0,0,0,0,0,0,0,1,19,2,0,0,0,5,0,0,1,0,0,0,0,0,0,0,0,0,0,1
103,3,3,0,0,0,0,0,0,0,0,1,17,3,0,0,0,5,0,0,1,0,0,0,0,0,0,0,0,0,0,1
90,2,2,0,0,0,0,0,0,0,0,0,14,3,0,0,0,5,0,0,1,0,-1,0,0,0,0,0,0,0,0,1
50,3,1,1,0,0,0,0,0,0,0,1,20,3,0,0,0,1,0,0,1,0,-1,0,0,0,0,0,0,0,0,1
14,1,0,0,0,0,0,0,0,0,0,0,14,3,0,0,0,0,0,0,0,0,-1,0,0,0,0,0,0,0,0,1
35,2,2,0,0,0,0,0,0,0,0,1,16,3,0,0,0,0,0,0,0,0,-1,0,0,0,0,0,0,0,0,1
65,1,2,0,0,0,0,0,0,0,0,0,21,3,0,0,1,0,0,0,0,0,-1,0,0,0,0,0,0,0,0,1
116,1,4,16,0,0,0,0,0,0,0,0,6,3,0,0,1,0,0,0,0,0,0,0,0,0,0,0,0,0,0,1
32,1,2,0,0,0,0,0,0,0,0,0,14,3,0,0,0,0,0,0,0,0,-1,0,0,0,0,0,0,0,0,1
26,2,0,0,0,0,0,0,0,0,0,1,26,2,0,0,0,0,0,0,0,0,-1,0,0,0,0,0,0,0,0,1
38,2,2,1,0,0,0,0,0,0,0,0,11,3,0,0,0,0,0,0,0,0,-1,0,0,0,0,0,0,0,0,1
29,1,1,0,0,0,0,0,0,0,0,0,11,3,0,0,0,0,0,0,0,0,-1,0,0,0,0,0,0,0,0,1
188,3,3,0,0,0,1,0,0,0,0,1,20,3,0,0,0,5,0,0,1,0,0,0,0,0,0,0,0,0,0,1
52,2,1,4,0,0,0,0,0,0,0,0,11,3,0,0,0,0,0,0,0,0,-1,0,0,0,0,0,0,0,0,1
44,3,2,0,0,0,0,0,0,0,0,1,19,3,0,0,0,0,0,0,0,0,-1,0,0,0,0,0,0,0,0,1
87,1,12,0,0,0,0,0,0,0,0,0,15,3,0,0,1,0,0,0,0,0,0,0,0,0,0,1,0,0,0,1
92,3,6,0,0,0,0,0,0,0,0,1,14,3,0,0,1,3,0,0,1,0,0,0,0,0,0,0,0,0,0,1
51,1,2,0,0,0,0,0,0,0,0,0,10,3,0,0,0,0,0,0,0,0,-1,0,0,0,0,0,0,0,0,1
137,4,6,13,0,0,0,0,0,0,0,2,20,3,0,0,1,0,0,0,0,0,-1,0,0,0,0,0,0,0,0,1
27,1,2,0,0,0,0,0,0,0,0,0,9,3,0,0,0,0,0,0,0,0,-1,0,0,0,0,0,0,0,0,1
173,3,4,3,0,0,0,0,0,0,0,1,36,2,0,0,0,5,0,0,1,0,0,0,0,0,0,0,0,0,0,1
58,1,3,0,0,0,0,0,0,0,0,0,12,3,0,0,1,0,0,0,0,0,-1,0,0,0,0,0,0,0,0,1
39,1,5,1,0,0,0,0,0,0,0,0,12,3,0,0,0,0,0,0,0,0,-1,0,0,0,0,0,0,0,0,1
42,1,5,0,0,0,0,0,0,0,0,0,11,3,0,0,0,0,0,0,0,0,0,0,0,0,0,0,0,0,0,1
54,3,5,0,0,0,1,0,0,0,0,1,15,3,0,0,1,0,0,0,0,0,0,0,0,0,0,0,0,0,0,1
44,2,1,1,0,0,0,0,0,0,0,0,19,3,0,0,0,0,0,0,0,0,-1,0,0,0,0,0,0,0,0,1
42,2,1,0,0,0,0,0,0,0,0,0,14,3,0,0,1,1,0,0,1,0,-1,0,0,0,0,0,0,0,0,1
139,2,8,13,0,0,0,0,0,0,0,0,14,3,0,0,1,0,0,0,0,0,0,0,1,0,0,1,0,0,0,1
61,1,3,4,0,0,0,0,0,0,0,0,10,3,0,0,1,0,0,0,0,0,-1,0,0,0,0,0,0,0,0,1
108,1,5,13,0,0,0,0,0,0,0,0,7,3,0,0,1,0,0,0,0,0,0,0,0,0,0,0,0,0,0,1
58,1,2,5,0,0,0,0,0,0,0,0,13,3,0,0,1,0,0,0,0,0,-1,0,0,0,0,0,0,0,0,1
79,3,4,6,0,0,0,0,0,0,0,1,12,2,0,0,0,0,0,0,0,0,0,0,0,0,0,0,0,0,0,1
31,1,1,0,0,0,0,0,0,0,0,0,11,3,0,0,0,1,0,0,1,0,-1,0,0,0,0,0,0,0,0,1
96,1,2,14,0,0,0,0,0,0,0,0,12,3,0,0,0,0,0,0,0,0,-1,0,0,0,0,0,0,0,0,1
52,2,4,0,0,0,0,0,0,0,0,1,31,3,0,0,0,0,0,0,0,0,0,0,0,0,0,0,0,0,0,1
33,1,2,0,0,0,0,0,0,0,0,0,13,3,0,0,0,0,0,0,0,0,-1,0,0,0,0,0,0,0,0,1
23,1,1,1,0,0,0,0,0,0,0,0,10,3,0,0,0,0,0,0,0,0,-1,0,0,0,0,0,0,0,0,1
79,4,3,0,0,0,0,0,0,0,0,2,15,2,0,0,0,5,0,0,1,0,0,0,0,0,0,0,0,0,0,1
48,3,4,1,0,0,0,0,0,0,0,0,12,3,0,0,1,0,0,0,0,0,-1,0,0,0,0,0,0,0,0,1
24,1,1,0,0,0,0,0,0,0,0,0,10,3,0,0,0,0,0,0,0,0,-1,0,0,0,0,0,0,0,0,1
51,2,5,2,0,0,0,0,0,0,0,1,15,3,0,0,0,0,0,0,0,0,-1,0,0,0,0,0,0,0,0,1
39,2,2,0,0,0,0,0,0,0,0,0,15,3,0,0,0,0,0,0,0,0,-1,0,0,0,0,0,0,0,0,1
87,3,5,2,0,0,0,0,0,0,0,0,12,3,0,0,1,3,0,0,1,0,-1,0,0,0,0,0,0,0,0,1
71,2,1,6,0,0,0,0,0,0,0,1,15,3,0,0,1,0,0,0,0,0,-1,0,0,0,0,0,0,0,0,1
90,2,2,9,0,0,0,0,0,0,0,0,14,3,0,0,1,0,0,0,0,0,-1,0,0,0,0,0,0,0,0,1
73,3,5,2,0,0,0,0,0,0,0,1,27,3,0,0,0,0,0,0,0,0,0,0,0,0,0,0,0,0,0,1
21,1,2,1,0,0,0,0,0,0,0,0,7,2,0,0,0,0,0,0,0,0,-1,0,0,0,0,0,0,0,0,1
96,2,5,0,0,0,0,0,0,0,0,0,19,3,0,0,0,5,0,0,1,0,0,0,0,0,0,0,0,0,0,1
39,2,2,0,0,0,0,0,0,0,0,1,20,3,0,0,0,0,0,0,0,0,-1,0,0,0,0,0,0,0,0,1
127,5,5,0,0,0,0,0,0,0,0,1,12,2,0,0,0,5,0,0,1,0,0,0,0,0,0,0,0,0,0,1
74,1,1,0,0,0,0,0,0,0,0,0,12,3,0,0,1,5,0,0,1,0,-1,0,0,0,0,0,0,0,0,1
33,2,3,0,0,0,0,0,0,0,0,0,9,3,0,0,0,0,0,0,0,0,-1,0,0,0,0,0,0,0,0,1
22,2,1,0,0,0,0,0,0,0,0,0,9,3,0,0,0,0,0,0,0,0,-1,0,0,0,0,0,0,0,0,1
27,2,1,1,0,0,0,0,0,0,0,0,10,3,0,0,0,0,0,0,0,0,-1,0,0,0,0,0,0,0,0,1
9,1,0,0,0,0,0,0,0,0,0,0,9,2,0,0,0,0,0,0,0,0,-1,0,0,0,0,0,0,0,0,1
37,2,1,0,0,0,0,0,0,0,0,0,15,3,0,0,0,1,0,0,1,0,-1,0,0,0,0,0,0,0,0,1
48,1,3,1,0,0,0,0,0,0,0,0,12,3,0,0,1,0,0,0,0,0,-1,0,0,0,0,0,0,0,0,1
60,2,5,0,0,0,0,0,0,0,0,0,13,3,0,0,1,0,0,0,0,0,-1,0,0,0,0,0,0,0,0,1
105,4,4,0,0,0,0,0,0,0,0,2,19,2,0,0,0,5,0,0,1,0,0,0,0,0,0,0,0,0,0,1
40,2,2,0,0,0,0,0,0,0,0,0,20,3,0,0,0,0,0,0,0,0,-1,0,0,0,0,0,0,0,0,1
34,3,3,0,0,0,0,0,0,0,0,1,19,3,0,0,0,0,0,0,0,0,0,0,0,0,0,0,0,0,0,1
40,1,5,1,0,0,0,0,0,0,0,0,12,3,0,0,0,0,0,0,0,0,-1,0,0,0,0,0,0,0,0,1
20,1,0,0,0,0,0,0,0,0,0,0,20,3,0,0,0,0,0,0,0,0,-1,0,0,0,0,0,0,0,0,1
68,4,3,0,0,0,0,0,0,0,0,2,27,2,0,0,0,1,0,0,1,0,0,0,0,0,0,0,0,0,0,1
52,1,4,0,0,0,0,0,0,0,0,0,8,3,0,0,1,1,0,0,0,0,-1,0,0,0,0,0,0,1,0,1
37,1,1,4,0,0,0,0,0,0,0,0,12,3,0,0,1,0,0,0,0,0,-1,0,0,0,0,0,0,0,0,1
72,2,2,0,0,0,0,0,0,0,0,1,16,3,0,0,1,1,0,0,0,0,-1,0,0,0,0,0,0,1,0,1
80,2,3,1,0,0,0,0,0,0,0,0,10,3,0,0,1,3,0,0,1,0,-1,0,0,0,0,0,0,0,0,1
103,2,4,15,0,0,0,0,0,0,0,0,13,2,0,0,1,0,0,0,0,0,0,0,0,0,0,0,0,0,0,1
30,1,3,0,0,0,0,0,0,0,0,0,8,3,0,0,0,0,0,0,0,0,-1,0,0,0,0,0,0,0,0,1
45,3,3,1,0,0,0,0,0,0,0,1,15,2,0,0,0,1,0,0,1,0,0,0,0,0,0,0,0,0,0,1
69,1,3,4,0,0,0,0,0,0,0,0,10,3,0,0,1,0,0,0,0,0,-1,0,0,0,0,0,0,0,0,1
47,2,1,4,0,0,0,0,0,0,0,0,21,3,0,0,0,0,0,0,0,0,-1,0,0,0,0,0,0,0,0,1
79,3,5,7,0,0,0,0,0,0,0,1,12,2,0,0,0,0,0,0,0,0,0,0,0,0,0,0,0,0,0,1
16,1,0,0,0,0,0,0,0,0,0,0,16,2,0,0,0,0,0,0,0,0,-1,0,0,0,0,0,0,0,0,1
96,7,10,1,0,0,1,0,0,0,0,2,20,2,0,0,0,3,0,0,2,0,0,0,0,0,0,1,0,0,0,1
82,1,6,5,0,0,0,0,0,0,0,0,7,3,0,0,1,0,0,0,0,0,-1,0,0,0,0,0,0,0,0,1
93,2,3,7,0,0,0,0,0,0,0,1,24,3,0,0,1,0,0,0,0,0,-1,0,0,0,0,0,0,0,0,1
25,1,2,0,0,0,0,0,0,0,0,0,11,3,0,0,0,0,0,0,0,0,-1,0,0,0,0,0,0,0,0,1
11,1,0,0,0,0,0,0,0,0,0,0,11,3,0,0,0,0,0,0,0,0,-1,0,0,0,0,0,0,0,0,1
30,1,1,0,0,0,0,0,0,0,0,0,13,3,0,0,0,0,0,0,1,0,-1,0,0,0,0,0,0,0,0,1
30,1,1,1,0,0,0,0,0,0,0,0,22,3,0,0,0,0,0,0,0,0,-1,0,0,0,0,0,0,0,0,1
46,2,5,1,0,0,0,0,0,0,0,1,15,3,0,0,0,0,0,0,0,0,-1,0,0,0,0,0,0,0,0,1
29,1,3,0,0,0,0,0,0,0,0,0,8,3,0,0,1,0,0,0,0,0,-1,0,0,0,0,0,0,0,0,1
67,7,0,0,0,0,0,0,0,0,1,5,67,3,0,0,1,0,0,0,0,0,-1,0,0,0,0,0,1,0,0,1
18,1,1,0,0,0,0,0,0,0,0,0,14,3,0,0,0,0,0,0,0,0,-1,0,0,0,0,0,0,0,0,1
141,4,3,3,0,0,0,0,0,0,0,2,25,2,0,0,0,5,0,0,1,0,0,0,0,0,0,0,0,0,0,1
126,2,2,13,0,0,0,0,0,0,0,0,14,3,0,0,1,0,0,0,0,0,-1,0,0,0,0,0,0,0,0,1
29,1,1,2,0,0,0,0,0,0,0,0,11,3,0,0,0,0,0,0,0,0,-1,0,0,0,0,0,0,0,0,1
39,2,1,0,0,0,0,0,0,0,0,1,16,3,0,0,0,0,0,0,0,0,-1,0,0,0,0,0,0,0,0,1
82,3,3,0,0,0,0,0,0,0,0,1,15,3,0,0,0,5,0,0,1,0,0,0,0,0,0,0,0,0,0,1
57,2,1,5,0,0,0,0,0,0,0,0,12,3,0,0,1,0,0,0,0,0,-1,0,0,0,0,0,0,0,0,1
16,1,0,0,0,0,0,0,0,0,0,0,16,3,0,0,0,0,0,0,0,0,-1,0,0,0,0,0,0,0,0,1
39,3,0,0,0,0,0,0,0,0,0,2,39,3,0,0,0,0,0,0,0,0,-1,0,0,0,0,0,0,0,0,1
71,3,1,0,0,0,0,0,0,0,0,2,18,3,0,0,0,5,0,0,1,0,-1,0,0,0,0,0,0,1,0,1
83,3,4,3,0,0,0,0,0,0,0,1,31,2,0,0,0,0,0,0,0,0,0,0,0,0,0,0,0,0,0,1
45,2,1,1,0,0,0,0,0,0,0,1,30,2,0,0,0,0,0,0,0,0,-1,0,0,0,0,0,0,0,0,1
50,2,2,3,0,0,0,0,0,0,0,0,14,3,0,0,1,0,0,0,0,0,-1,0,0,0,0,0,0,0,0,1
42,2,1,0,0,0,0,0,0,0,0,0,17,3,0,0,1,1,0,0,1,0,-1,0,0,0,0,0,0,0,0,1
38,3,3,0,0,0,0,0,0,0,0,1,14,3,0,0,0,0,0,0,0,0,-1,0,0,0,0,0,0,0,0,1
16,1,0,0,0,0,0,0,0,0,0,0,16,3,0,0,0,0,0,0,0,0,-1,0,0,0,0,0,0,0,0,1
33,1,3,0,0,0,0,0,0,0,0,0,9,2,0,0,0,0,0,0,0,0,-1,0,0,0,0,0,0,0,0,1
17,1,0,0,0,0,0,0,0,0,0,0,17,3,0,0,0,0,0,0,0,0,-1,0,0,0,0,0,0,0,0,1
150,3,3,3,0,0,0,0,0,0,0,1,20,2,0,0,1,5,0,0,1,0,0,0,0,0,0,0,0,0,0,1
37,2,2,0,0,0,0,0,0,0,0,1,16,3,0,0,0,0,0,0,0,0,-1,0,0,0,0,0,0,0,0,1
55,2,1,3,0,0,0,0,0,0,0,0,13,3,0,0,0,1,0,0,0,0,-1,0,0,0,0,0,0,1,0,1
53,2,3,1,0,0,0,0,0,0,0,0,16,3,0,0,0,0,0,0,0,0,-1,0,0,0,0,0,0,0,0,1
79,3,5,1,0,0,0,0,0,0,0,1,15,3,0,0,1,5,0,0,1,0,0,0,0,0,0,0,0,0,0,1
43,2,5,1,0,0,0,0,0,0,0,1,15,3,0,0,0,0,0,0,0,0,-1,0,0,0,0,0,0,0,0,1
109,2,3,0,0,0,0,0,0,0,0,0,13,3,0,0,1,5,0,0,1,0,0,0,0,0,0,0,0,0,0,1
120,1,7,10,0,0,0,0,0,0,0,0,12,3,0,0,1,0,0,0,0,0,0,0,0,0,0,0,0,0,0,1
24,1,2,0,0,0,0,0,0,0,0,0,8,3,0,0,1,0,0,0,0,0,-1,0,0,0,0,0,0,0,0,1
89,3,3,0,0,0,0,0,0,0,0,1,26,2,0,0,0,5,0,0,1,0,0,0,0,0,0,0,0,0,0,1
22,1,0,0,0,0,0,0,0,0,0,0,22,3,0,0,0,0,0,0,0,0,-1,0,0,0,0,0,0,0,0,1
50,2,3,0,0,0,0,0,0,0,0,0,15,3,0,0,0,0,0,0,0,0,-1,0,0,0,0,0,0,0,0,1
101,3,4,0,0,0,0,0,0,0,0,1,19,2,0,0,0,5,0,0,1,0,0,0,0,0,0,0,0,0,0,1
49,4,2,0,0,0,0,0,0,0,0,2,31,3,0,0,0,0,0,0,0,0,-1,0,0,0,0,0,0,0,0,1
50,2,4,0,0,0,0,0,0,0,0,0,15,3,0,0,0,0,0,0,0,0,-1,0,0,0,0,0,0,0,0,1
36,3,4,0,0,0,0,0,0,0,0,1,13,2,0,0,0,0,0,0,0,0,0,0,0,0,0,0,0,0,0,1
75,3,2,3,0,0,0,0,0,0,0,1,20,2,0,0,1,0,0,0,0,0,-1,0,0,0,0,0,0,0,0,1
43,2,1,4,0,0,0,0,0,0,0,0,10,3,0,0,0,0,0,0,0,0,-1,0,0,0,0,0,0,0,0,1
11,1,0,0,0,0,0,0,0,0,0,0,11,3,0,0,0,0,0,0,0,0,-1,0,0,0,0,0,0,0,0,1
108,4,4,0,0,0,0,0,0,0,0,1,13,2,0,0,0,5,0,0,1,0,0,0,0,0,0,0,0,0,0,1
60,3,4,0,0,0,1,0,0,0,0,1,29,2,0,0,0,0,0,0,0,0,0,0,0,0,0,0,0,0,0,1
57,3,3,3,0,0,0,0,0,0,0,1,27,2,0,0,0,0,0,0,0,0,0,0,0,0,0,0,0,0,0,1
28,1,2,1,0,0,0,0,0,0,0,0,8,2,0,0,0,0,0,0,0,0,-1,0,0,0,0,0,0,0,0,1
30,2,0,0,0,0,0,0,0,0,0,1,30,3,0,0,0,0,0,0,0,0,-1,0,0,0,0,0,0,0,0,1
34,2,1,0,0,0,0,0,0,0,0,0,14,3,0,0,0,0,0,0,0,0,-1,0,0,0,0,0,0,0,0,1
85,3,4,7,0,0,0,0,0,0,0,1,21,3,0,0,0,0,0,0,0,0,0,0,0,0,0,0,0,0,0,1
26,1,1,0,0,0,0,0,0,0,0,0,11,3,0,0,0,0,0,0,0,0,-1,0,0,0,0,0,0,0,0,1
50,3,3,2,0,0,0,0,0,0,0,0,11,3,0,0,0,0,0,0,0,0,-1,0,0,0,0,0,0,0,0,1
68,3,2,0,0,0,0,0,0,0,0,0,14,3,0,0,1,2,0,0,1,1,-1,0,0,0,0,0,0,0,0,1
98,1,3,0,0,0,0,0,0,0,0,0,9,4,0,0,1,5,0,0,0,0,0,0,0,0,0,0,0,1,0,1
18,1,0,0,0,0,0,0,0,0,0,0,18,3,0,0,0,0,0,0,0,0,-1,0,0,0,0,0,0,0,0,1
77,1,1,6,0,0,0,0,0,0,0,0,23,3,0,0,1,0,0,0,0,0,-1,0,0,0,0,0,0,0,0,1
87,2,3,1,0,0,0,0,0,0,0,0,10,3,0,0,1,3,0,0,1,0,-1,0,0,0,0,0,0,0,0,1
26,1,2,0,0,0,0,0,0,0,0,0,8,3,0,0,1,0,0,0,0,0,-1,0,0,0,0,0,0,0,0,1
153,12,4,0,0,0,0,0,0,0,0,0,12,3,0,0,1,1,0,0,1,0,0,0,0,0,0,0,0,0,0,1
52,3,3,2,0,0,0,0,0,0,0,1,19,3,0,0,1,0,0,0,0,0,-1,0,0,0,0,0,0,0,0,1
100,1,4,0,0,0,0,0,0,0,0,0,16,3,0,0,0,5,0,0,0,0,0,0,0,0,0,0,0,1,0,1
117,3,4,0,0,0,0,0,0,0,0,1,26,3,0,0,0,5,0,0,1,0,0,0,0,0,0,0,0,0,0,1
60,3,1,6,0,0,0,0,0,0,0,0,11,3,0,0,1,0,0,0,0,0,-1,0,0,0,0,0,0,0,0,1
44,3,3,0,0,0,0,0,0,0,0,1,15,3,0,0,0,1,0,0,1,0,0,0,0,0,0,0,0,0,0,1
46,2,2,4,0,0,0,0,0,0,0,1,18,3,0,0,0,0,0,0,0,0,-1,0,0,0,0,0,0,0,0,1
47,1,1,7,0,0,0,0,0,0,0,0,8,3,0,0,0,0,0,0,0,0,-1,0,0,0,0,0,0,0,0,1
26,2,0,0,0,0,0,0,0,0,0,1,26,2,0,0,0,0,0,0,0,0,-1,0,0,0,0,0,0,0,0,1
9,1,0,0,0,0,0,0,0,0,0,0,9,2,0,0,0,0,0,0,0,0,-1,0,0,0,0,0,0,0,0,1
53,1,3,3,0,0,0,0,0,0,0,0,11,3,0,0,1,0,0,0,0,0,-1,0,0,0,0,0,0,0,0,1
286,4,3,0,0,0,0,0,0,0,0,2,26,2,0,0,0,5,0,0,1,0,0,0,0,0,0,0,0,0,0,1
44,2,4,0,0,0,0,0,0,0,0,0,12,3,0,0,0,0,0,0,0,0,-1,0,0,0,0,0,0,0,0,1
26,2,0,0,0,0,0,0,0,0,0,1,26,3,0,0,0,0,0,0,0,0,-1,0,0,0,0,0,0,0,0,1
42,2,2,1,0,0,0,0,0,0,0,0,12,3,0,0,1,0,0,0,0,0,-1,0,0,0,0,0,0,0,0,1
10,1,0,0,0,0,0,0,0,0,0,0,10,3,0,0,0,0,0,0,0,0,-1,0,0,0,0,0,0,0,0,1
9,1,0,0,0,0,0,0,0,0,0,0,9,3,0,0,0,0,0,0,0,0,-1,0,0,0,0,0,0,0,0,1
43,2,2,2,0,0,0,0,0,0,0,0,10,3,0,0,0,0,0,0,0,0,-1,0,0,0,0,0,0,0,0,1
80,3,7,3,0,0,0,0,0,0,0,1,15,2,0,0,0,0,0,0,0,0,0,0,0,0,0,0,0,0,0,1
23,1,1,0,0,0,0,0,0,0,0,0,9,3,0,0,0,0,0,0,0,0,-1,0,0,0,0,0,0,0,0,1
43,2,3,1,0,0,0,0,0,0,0,1,18,2,0,0,0,1,0,0,1,0,0,0,0,0,0,0,0,0,0,1
34,1,3,0,0,0,0,0,0,0,0,0,9,3,0,0,0,0,0,0,0,0,-1,0,0,0,0,0,0,0,0,1
93,1,3,9,0,0,0,0,0,0,0,0,20,3,0,0,0,0,0,0,0,0,-1,0,0,0,0,0,0,0,0,1
132,1,5,9,0,0,0,0,0,0,0,0,9,3,0,0,1,5,0,0,1,0,0,0,0,0,0,0,0,1,0,1
54,4,2,0,0,0,0,0,0,0,0,1,24,3,0,0,0,0,0,0,0,0,-1,0,0,0,0,0,0,0,0,1
55,1,1,4,0,0,0,0,0,0,0,0,11,3,0,0,1,1,0,0,0,0,-1,0,0,0,0,0,0,1,0,1
25,1,1,0,0,0,0,0,0,0,0,0,10,3,0,0,0,0,0,0,0,0,-1,0,0,0,0,0,0,0,0,1
39,2,2,0,0,0,0,0,0,0,0,0,14,3,0,0,0,0,0,0,0,0,-1,0,0,0,0,0,0,0,0,1
44,3,1,2,0,0,0,0,0,0,0,0,12,2,0,0,1,1,0,0,1,0,-1,0,0,0,0,0,0,0,0,1
29,2,0,0,0,0,0,0,0,0,0,1,29,3,0,0,0,0,0,0,0,0,-1,0,0,0,0,0,0,0,0,1
54,2,2,2,0,0,0,0,0,0,0,1,28,3,0,0,0,0,0,0,0,0,-1,0,0,0,0,0,0,0,0,1
71,2,2,0,0,0,0,0,0,0,0,1,17,3,0,0,0,1,0,0,0,0,-1,0,0,0,0,0,0,1,0,1
43,1,3,1,0,0,0,0,0,0,0,0,12,3,0,0,1,0,0,0,0,0,-1,0,0,0,0,0,0,0,0,1
86,3,3,0,0,0,0,0,0,0,0,1,22,2,0,0,0,5,0,0,1,0,0,0,0,0,0,0,0,0,0,1
111,2,4,8,0,0,0,0,0,0,0,1,31,3,0,0,1,0,0,0,0,0,-1,0,0,0,0,0,0,0,0,1
50,1,3,1,0,0,0,0,0,0,0,0,19,3,0,0,0,0,0,0,0,0,-1,0,0,0,0,0,0,0,0,1
22,1,1,0,0,0,0,0,0,0,0,0,6,3,0,0,0,0,0,0,0,0,-1,0,0,0,0,0,0,0,0,1
85,1,1,10,0,0,0,0,0,0,0,0,17,3,0,0,1,0,0,0,0,0,-1,0,0,0,0,0,0,0,0,1
24,1,2,0,0,0,0,0,0,0,0,0,11,3,0,0,1,0,0,0,0,0,-1,0,0,0,0,0,0,0,0,1
48,2,3,3,0,0,0,0,0,0,0,1,21,3,0,0,1,0,0,0,0,0,-1,0,0,0,0,0,0,0,0,1
32,2,1,0,0,0,0,0,0,0,0,1,20,3,0,0,0,0,0,0,0,0,-1,0,0,0,0,0,0,0,0,1
33,1,1,1,0,0,0,0,0,0,0,0,19,3,0,0,0,0,0,0,0,0,-1,0,0,0,0,0,0,0,0,1
32,2,0,0,0,0,0,0,0,0,0,1,32,3,0,0,0,0,0,0,0,0,-1,0,0,0,0,0,0,0,0,1
28,1,1,0,0,0,0,0,0,0,0,0,10,3,0,0,0,0,0,0,0,0,-1,0,0,0,0,0,0,0,0,1
61,3,3,0,0,0,0,0,0,0,0,1,13,2,0,0,0,3,0,0,1,0,0,0,0,0,0,0,0,0,0,1
48,2,4,3,0,0,0,0,0,0,0,1,13,2,0,0,0,0,0,0,0,0,0,0,0,0,0,0,0,0,0,1
49,2,4,0,0,0,0,0,0,0,0,1,16,3,0,0,1,0,0,0,0,0,-1,0,0,0,0,0,0,0,0,1
40,2,3,1,0,0,0,0,0,0,0,0,10,3,0,0,0,0,0,0,0,0,0,0,0,0,0,0,0,0,0,1
104,2,3,0,0,0,0,0,0,0,0,0,22,3,0,0,0,5,0,0,1,0,0,0,0,0,0,0,0,0,0,1
104,1,6,15,0,0,0,0,0,0,0,0,6,3,0,0,1,0,0,0,0,0,0,0,0,0,0,0,0,0,0,1
147,1,4,23,0,0,0,0,0,0,0,0,14,3,0,0,1,0,0,0,0,0,0,0,0,0,0,0,0,0,0,1
178,2,5,0,0,0,0,0,0,0,0,0,36,3,0,0,0,4,0,0,1,0,0,0,0,0,0,0,0,1,0,1
28,2,3,0,0,0,0,0,0,0,0,1,14,3,0,0,0,0,0,0,0,0,0,0,0,0,0,0,0,0,0,1
45,1,3,0,0,0,0,0,0,0,0,0,14,3,0,0,0,0,0,0,0,0,-1,0,0,0,0,0,0,0,0,1
119,3,8,4,0,0,0,0,0,0,0,1,12,2,0,0,0,0,0,0,0,0,0,0,0,0,0,1,0,0,0,1
104,1,5,11,0,0,0,0,0,0,0,0,17,3,0,0,1,0,0,0,0,0,0,0,0,0,0,0,0,0,0,1
93,3,3,7,0,0,0,0,0,0,0,2,27,3,0,0,1,0,0,0,0,0,-1,0,0,0,0,0,0,0,0,1
46,2,3,0,0,0,0,0,0,0,0,0,28,3,0,0,0,0,0,0,0,0,0,0,0,0,0,0,0,0,0,1
63,2,3,2,0,0,0,0,0,0,0,0,18,3,0,0,1,0,0,0,0,0,-1,0,0,0,0,0,0,0,0,1
177,3,3,11,0,0,0,0,0,0,0,1,17,2,0,0,0,5,0,0,1,0,0,0,0,0,0,0,0,0,0,1
41,2,1,0,0,0,0,0,0,0,0,0,10,3,0,0,1,3,0,0,1,0,-1,0,0,0,0,0,0,0,0,1
70,2,2,0,0,0,0,0,0,0,0,1,16,3,0,0,0,0,0,0,0,0,-1,0,0,0,0,0,0,0,0,1
23,1,1,0,0,0,0,0,0,0,0,0,10,3,0,0,0,0,0,0,0,0,-1,0,0,0,0,0,0,0,0,1
62,2,4,1,0,0,0,0,0,0,0,0,14,3,0,0,1,1,0,0,1,0,-1,0,0,0,0,0,0,0,0,1
22,1,0,0,0,0,0,0,0,0,0,0,22,3,0,0,0,0,0,0,0,0,-1,0,0,0,0,0,0,0,0,1
50,2,4,2,0,0,0,0,0,0,0,0,13,3,0,0,0,0,0,0,0,0,-1,0,0,0,0,0,0,0,0,1
25,2,1,0,0,0,0,0,0,0,0,0,12,3,0,0,0,0,0,0,0,0,-1,0,0,0,0,0,0,0,0,1
22,1,1,0,0,0,0,0,0,0,0,0,10,3,0,0,0,0,0,0,0,0,-1,0,0,0,0,0,0,0,0,1
73,4,6,2,0,0,0,0,0,0,0,0,15,3,0,0,1,1,0,0,1,0,0,0,0,0,0,0,0,0,0,1
59,2,2,2,0,0,0,0,0,0,0,1,18,2,0,0,0,0,0,0,0,0,-1,0,0,0,0,0,0,0,0,1
47,1,4,0,0,0,0,0,0,0,0,0,14,3,0,0,0,0,0,0,0,0,-1,0,0,0,0,0,0,0,0,1
13,1,0,0,0,0,0,0,0,0,0,0,13,3,0,0,0,0,0,0,0,0,-1,0,0,0,0,0,0,0,0,1
36,1,3,0,0,0,0,0,0,0,0,0,9,3,0,0,0,0,0,0,0,0,-1,0,0,0,0,0,0,0,0,1
36,3,1,0,0,0,0,0,0,0,0,1,9,2,0,0,1,3,0,0,1,0,-1,0,0,0,0,0,0,0,0,1
73,3,3,7,0,0,0,0,0,0,0,1,25,3,0,0,1,0,0,0,0,0,-1,0,0,0,0,0,0,0,0,1
101,3,3,1,0,0,0,0,0,0,0,1,16,2,0,0,0,5,0,0,1,0,0,0,0,0,0,0,0,0,0,1
72,2,2,1,0,0,0,0,0,0,0,1,24,3,0,0,0,0,0,0,0,0,-1,0,0,0,0,0,0,0,0,1
31,2,1,1,0,0,0,0,0,0,0,0,10,3,0,0,0,0,0,0,0,0,-1,0,0,0,0,0,0,0,0,1
59,3,2,5,0,0,0,0,0,0,0,2,16,3,0,0,0,0,0,0,0,0,-1,0,0,0,0,0,0,0,0,1
125,2,4,0,0,0,0,0,0,0,0,1,22,3,0,0,1,0,0,0,0,0,-1,0,0,0,0,0,0,0,0,1
28,2,2,0,0,0,0,0,0,0,0,1,10,3,0,0,0,0,0,0,0,0,-1,0,0,0,0,0,0,0,0,1
22,1,1,0,0,0,0,0,0,0,0,0,12,3,0,0,0,0,0,0,0,0,-1,0,0,0,0,0,0,0,0,1
41,1,3,0,0,0,0,0,0,0,0,0,10,3,1,0,1,0,0,0,0,0,-1,0,0,0,0,0,0,0,0,1
71,2,2,3,0,0,0,0,0,0,0,0,19,3,0,0,0,1,0,0,0,0,-1,0,0,0,0,0,0,1,0,1
20,1,1,0,0,0,0,0,0,0,0,0,10,3,0,0,0,0,0,0,0,0,-1,0,0,0,0,0,0,0,0,1
108,2,4,0,0,0,0,0,0,0,0,0,10,3,0,0,0,5,0,0,1,0,0,0,0,0,0,0,0,0,0,1
185,2,3,0,0,0,0,0,0,0,0,0,17,3,0,0,0,5,0,0,1,0,0,0,0,0,0,0,0,0,0,1
35,2,3,0,0,0,0,0,0,0,0,0,8,3,0,0,0,0,0,0,0,0,-1,0,0,0,0,0,0,0,0,1
66,2,5,3,0,0,0,0,0,0,0,1,26,2,0,0,0,0,0,0,0,0,0,0,0,0,0,0,0,0,0,1
27,1,3,1,0,0,0,0,0,0,0,0,9,3,0,0,0,0,0,0,0,0,-1,0,0,0,0,0,0,0,0,1
115,2,5,0,0,0,0,0,0,0,0,0,19,3,0,0,1,3,0,0,1,0,0,0,0,0,0,0,0,0,0,1
45,1,2,2,0,0,0,0,0,0,0,0,18,3,0,0,0,0,0,0,0,0,-1,0,0,0,0,0,0,0,0,1
8,1,0,0,0,0,0,0,0,0,0,0,8,3,0,0,0,0,0,0,0,0,-1,0,0,0,0,0,0,0,0,1
18,1,0,0,0,0,0,0,0,0,0,0,18,3,0,0,0,0,0,0,0,0,-1,0,0,0,0,0,0,0,0,1
136,10,4,0,0,0,0,0,0,0,0,0,12,3,0,0,1,1,0,0,1,0,0,0,0,0,0,0,0,0,0,1
38,2,2,0,0,0,0,0,0,0,0,0,15,3,0,0,0,0,0,0,0,0,-1,0,0,0,0,0,0,0,0,1
29,1,2,0,0,0,0,0,0,0,0,0,11,3,0,0,0,0,0,0,0,0,-1,0,0,0,0,0,0,0,0,1
128,7,4,0,0,0,0,0,0,0,0,0,12,3,0,0,1,1,0,0,1,0,0,0,0,0,0,0,0,0,0,1
14,1,0,0,0,0,0,0,0,0,0,0,14,2,0,0,0,0,0,0,0,0,-1,0,0,0,0,0,0,0,0,1
23,2,0,0,0,0,0,0,0,0,0,1,23,3,0,0,0,0,0,0,0,0,-1,0,0,0,0,0,0,0,0,1
58,3,3,3,0,0,0,0,0,0,0,1,23,3,0,0,1,0,0,0,0,0,-1,0,0,0,0,0,0,0,0,1
32,1,2,0,0,0,0,0,0,0,0,0,11,3,0,0,0,0,0,0,0,0,-1,0,0,0,0,0,0,0,0,1
85,2,9,2,0,0,0,0,0,0,0,1,9,2,0,0,0,0,0,0,0,0,0,0,0,0,0,1,0,0,0,1
61,1,4,2,0,0,0,0,0,0,0,0,11,3,0,0,0,0,0,0,0,0,-1,0,0,0,0,0,0,0,0,1
97,2,9,3,0,0,0,0,0,0,0,1,11,3,0,0,1,0,0,0,0,0,0,0,0,0,0,1,0,0,0,1
37,1,2,3,0,0,0,0,0,0,0,0,8,3,0,0,0,0,0,0,0,0,-1,0,0,0,0,0,0,0,0,1
83,2,4,6,0,0,0,0,0,0,0,1,18,3,0,0,0,0,0,0,0,0,0,0,0,0,0,0,0,0,0,1
50,2,2,1,0,0,0,0,0,0,0,0,12,3,0,0,0,1,0,0,1,0,-1,0,0,0,0,0,0,0,0,1
46,3,5,0,0,0,0,0,0,0,0,0,9,3,0,0,0,0,0,0,1,0,0,0,0,0,0,0,0,0,0,1
46,2,3,0,0,0,0,0,0,0,0,1,20,3,0,0,0,0,0,0,0,0,-1,0,0,0,0,0,0,0,0,1
99,1,5,11,0,0,0,0,0,0,0,0,10,3,0,0,1,0,0,0,0,0,0,0,0,0,0,0,0,0,0,1
29,2,1,0,0,0,0,0,0,0,0,0,12,3,0,0,1,0,0,0,0,0,-1,0,0,0,0,0,0,0,0,1
40,1,1,0,0,0,0,0,0,0,0,0,19,3,0,0,0,1,0,0,1,0,-1,0,0,0,0,0,0,0,0,1
66,3,3,1,0,0,0,0,0,0,0,1,40,3,0,0,1,0,0,0,0,0,-1,0,0,0,0,0,0,0,0,1
112,4,6,6,0,0,0,0,0,0,0,2,20,2,0,0,0,0,0,0,0,0,0,0,0,0,0,0,0,0,0,1
51,2,1,1,0,0,0,0,0,0,0,1,30,3,0,0,0,0,0,0,0,0,-1,0,0,0,0,0,0,0,0,1
80,1,3,0,0,0,0,0,0,0,0,0,9,4,0,0,1,5,0,0,0,0,0,0,0,0,0,0,0,1,0,1
45,1,4,0,0,0,0,0,0,0,0,0,18,3,0,0,1,0,0,0,0,0,-1,0,0,0,0,0,0,0,0,1
42,1,3,1,0,0,0,0,0,0,0,0,11,3,0,0,1,0,0,0,0,0,-1,0,0,0,0,0,0,0,0,1
60,2,3,0,0,0,0,0,0,0,0,0,13,3,0,0,1,0,0,0,0,0,-1,0,0,0,0,0,0,0,0,1
48,2,6,0,0,0,0,0,0,0,0,0,13,2,0,0,0,0,0,0,0,0,0,0,0,0,0,0,0,0,0,1
90,3,3,0,0,0,0,0,0,0,0,1,10,2,0,0,0,5,0,0,1,0,0,0,0,0,0,0,0,0,0,1
92,1,3,4,0,0,0,0,0,0,0,0,12,3,0,0,1,0,0,0,0,0,-1,0,0,0,0,0,0,0,0,1
44,3,3,0,0,0,0,0,0,0,0,2,18,3,0,0,1,1,0,0,1,0,-1,0,0,0,0,0,0,0,0,1
51,2,1,3,0,0,0,0,0,0,0,0,27,3,0,0,0,0,0,0,0,0,-1,0,0,0,0,0,0,0,0,1
25,1,1,1,0,0,0,0,0,0,0,0,16,3,0,0,0,0,0,0,0,0,-1,0,0,0,0,0,0,0,0,1
86,2,3,0,0,0,0,0,0,0,0,0,14,3,0,0,0,5,0,0,1,0,0,0,0,0,0,0,0,0,0,1
98,3,3,0,0,0,0,0,0,0,0,1,20,3,0,0,0,5,0,0,1,0,0,0,0,0,0,0,0,0,0,1
379,2,3,1,0,0,0,0,0,0,0,0,11,3,0,0,0,5,0,0,1,0,1,0,0,0,0,0,0,1,1,1
22,2,0,0,0,0,0,0,0,0,0,1,22,3,0,0,0,0,0,0,0,0,-1,0,0,0,0,0,0,0,0,1
55,2,2,4,0,0,0,0,0,0,0,0,15,3,0,0,0,0,0,0,0,0,-1,0,0,0,0,0,0,0,0,1
35,1,2,0,0,0,0,0,0,0,0,0,9,3,0,0,0,0,0,0,0,0,-1,0,0,0,0,0,0,0,0,1
45,1,4,2,0,0,0,0,0,0,0,0,12,3,0,0,1,0,0,0,0,0,-1,0,0,0,0,0,0,0,0,1
59,2,2,5,0,0,0,0,0,0,0,0,14,3,0,0,1,0,0,0,0,0,-1,0,0,0,0,0,0,0,0,1
38,2,2,0,0,0,0,0,0,0,0,1,16,3,0,0,0,0,0,0,0,0,-1,0,0,0,0,0,0,0,0,1
44,2,2,0,0,0,0,0,0,0,0,0,10,3,0,0,1,0,0,0,0,0,-1,0,0,0,0,0,0,0,0,1
59,2,2,0,0,0,0,0,0,0,0,0,23,3,0,0,0,1,0,0,1,0,-1,0,0,0,0,0,0,0,0,1
15,2,0,0,0,0,0,0,0,0,0,1,15,2,0,0,0,0,0,0,0,0,-1,0,0,0,0,0,0,0,0,1
27,1,1,0,0,0,0,0,0,0,0,0,19,3,0,0,1,1,0,0,1,0,-1,0,0,0,0,0,0,0,0,1
60,2,1,0,0,0,0,0,0,0,0,1,35,3,0,0,0,0,0,0,0,0,-1,0,0,0,0,0,0,0,0,1
32,2,1,0,0,0,0,0,0,0,0,0,12,3,0,0,0,1,0,0,1,0,-1,0,0,0,0,0,0,0,0,1
46,2,2,0,0,0,0,0,0,0,0,1,14,3,0,0,0,0,0,0,0,0,-1,0,0,0,0,0,0,0,0,1
53,2,4,1,0,0,0,0,0,0,0,0,14,3,0,0,0,0,0,0,0,0,-1,0,0,0,0,0,0,0,0,1
50,2,3,4,0,0,0,0,0,0,0,1,12,2,0,0,1,0,0,0,0,0,-1,0,0,0,0,0,0,0,0,1
24,1,1,0,0,0,0,0,0,0,0,0,16,3,0,0,1,1,0,0,1,0,-1,0,0,0,0,0,0,0,0,1
59,2,2,0,0,0,0,0,0,0,0,0,22,3,0,0,0,0,0,0,0,0,-1,0,0,0,0,0,0,0,0,1
55,2,3,4,0,0,0,0,0,0,0,1,14,3,0,0,0,0,0,0,0,0,-1,0,0,0,0,0,0,0,0,1
19,1,0,0,0,0,0,0,0,0,0,0,19,3,0,0,0,0,0,0,0,0,-1,0,0,0,0,0,0,0,0,1
50,2,2,1,0,0,0,0,0,0,0,0,14,3,0,0,1,3,0,0,1,0,-1,0,0,0,0,0,0,0,0,1
43,1,2,4,0,0,0,0,0,0,0,0,15,3,0,0,0,0,0,0,0,0,-1,0,0,0,0,0,0,0,0,1
43,3,1,0,0,0,0,0,0,0,0,2,17,2,0,0,0,3,0,0,1,0,-1,0,0,0,0,0,0,0,0,1
92,3,5,6,0,0,0,0,0,0,0,1,23,3,0,0,0,0,0,0,0,0,0,0,0,0,0,0,0,0,0,1
74,3,4,4,0,0,0,0,0,0,0,1,17,3,0,0,1,0,0,0,0,0,-1,0,0,0,0,0,0,0,0,1
62,2,2,0,0,0,0,0,0,0,0,0,10,3,0,0,1,0,0,0,0,0,-1,0,0,0,0,0,0,0,0,1
55,2,3,0,0,0,0,0,0,0,0,0,14,3,0,0,0,3,0,0,1,0,-1,0,0,0,0,0,0,0,0,1
97,1,5,6,0,0,0,0,0,0,0,0,17,3,0,0,1,1,0,0,1,0,0,0,0,0,0,0,0,0,0,1
44,2,2,2,0,0,0,0,0,0,0,0,10,3,0,0,0,0,0,0,0,0,-1,0,0,0,0,0,0,0,0,1
15,1,0,0,0,0,0,0,0,0,0,0,15,2,0,0,0,0,0,0,0,0,-1,0,0,0,0,0,0,0,0,1
37,2,1,1,0,0,0,0,0,0,0,0,18,3,0,0,0,0,0,0,0,0,-1,0,0,0,0,0,0,0,0,1
28,1,2,0,0,0,0,0,0,0,0,0,13,3,0,0,0,0,0,0,0,0,-1,0,0,0,0,0,0,0,0,1
49,1,2,2,0,0,0,0,0,0,0,0,30,3,0,0,0,0,0,0,0,0,-1,0,0,0,0,0,0,0,0,1
19,1,0,0,0,0,0,0,0,0,0,0,19,3,0,0,0,0,0,0,0,0,-1,0,0,0,0,0,0,0,0,1
25,1,0,1,0,0,0,0,0,0,0,0,25,3,0,0,0,0,0,0,0,0,-1,0,0,0,0,0,0,0,0,1
44,3,3,1,0,0,0,0,0,0,0,2,18,3,0,0,0,0,0,0,0,0,-1,0,0,0,0,0,0,0,0,1
71,1,3,0,0,0,0,0,0,0,0,0,16,2,0,0,0,0,0,0,0,0,0,0,0,0,0,0,0,0,0,1
35,3,1,0,0,0,0,0,0,0,0,1,22,3,0,0,0,0,0,0,0,0,-1,0,0,0,0,0,0,0,0,1
134,1,6,13,0,0,0,0,0,0,0,0,11,3,0,0,1,0,0,0,0,0,0,0,0,0,0,0,0,0,0,1
80,4,3,0,0,0,0,0,0,0,0,2,14,2,0,0,0,5,0,0,1,0,0,0,0,0,0,0,0,0,0,1
84,3,4,1,0,0,0,0,0,0,0,1,24,2,0,0,0,5,0,0,1,0,0,0,0,0,0,0,0,0,0,1
89,1,4,10,0,0,0,0,0,0,0,0,14,3,0,0,0,0,0,0,0,0,0,0,0,0,0,0,0,0,0,1
65,3,6,0,0,0,0,0,0,0,0,1,15,3,0,0,1,0,0,0,0,0,0,0,0,0,0,0,0,0,0,1
24,1,0,0,0,0,0,0,0,0,0,0,24,3,0,0,0,0,0,0,0,0,-1,0,0,0,0,0,0,0,0,1
116,3,3,1,0,0,0,0,0,0,0,1,29,2,0,0,0,5,0,0,1,0,0,0,0,0,0,0,0,0,0,1
155,7,3,0,0,0,0,0,0,0,0,1,23,3,0,0,0,5,0,0,1,0,0,0,0,0,0,0,0,0,0,1
90,3,3,2,0,0,0,0,0,0,0,1,24,2,0,0,0,5,0,0,1,0,0,0,0,0,0,0,0,0,0,1
23,1,2,0,0,0,0,0,0,0,0,0,8,3,0,0,1,0,0,0,0,0,-1,0,0,0,0,0,0,0,0,1
91,2,3,0,0,0,0,0,0,0,0,0,10,2,0,0,0,5,0,0,1,0,0,0,0,0,0,0,0,0,0,1
67,2,1,5,0,0,0,0,0,0,0,0,18,3,0,0,0,0,0,0,0,0,-1,0,0,0,0,0,0,0,0,1
92,3,3,1,0,0,0,0,0,0,0,1,22,2,0,0,1,5,0,0,1,0,0,0,0,0,0,0,0,0,0,1
41,1,3,2,0,0,0,0,0,0,0,0,6,3,0,0,0,0,0,0,0,0,-1,0,0,0,0,0,0,0,0,1
64,3,5,1,0,0,0,0,0,0,0,2,30,3,0,0,1,0,0,0,0,0,-1,0,0,0,0,0,0,0,0,1
56,2,2,0,0,0,0,0,0,0,0,0,11,3,0,0,0,0,0,0,0,0,-1,0,0,0,0,0,0,0,0,1
50,2,1,1,0,0,0,0,0,0,0,0,17,2,0,0,0,3,0,0,1,0,-1,0,0,0,0,0,0,0,0,1
65,4,6,0,0,0,0,0,0,0,0,2,19,2,0,0,0,0,0,0,0,0,0,0,0,0,0,0,0,0,0,1
73,2,4,0,0,0,0,0,0,0,0,0,17,3,0,0,1,1,0,0,0,0,-1,0,0,0,0,0,0,1,0,1
35,1,1,0,0,0,0,0,0,0,0,0,12,3,0,0,0,1,0,0,1,0,-1,0,0,0,0,0,0,0,0,1
82,4,3,0,0,0,0,0,0,0,0,2,19,2,0,0,0,5,0,0,1,0,0,0,0,0,0,0,0,0,0,1
83,1,4,8,0,0,0,0,0,0,0,0,12,3,0,0,1,0,0,0,0,0,-1,0,0,0,0,0,0,0,0,1
63,2,3,5,0,0,0,0,0,0,0,1,15,3,0,0,1,0,0,0,0,0,-1,0,0,0,0,0,0,0,0,1
71,3,3,0,0,0,0,0,0,0,0,1,23,3,0,0,0,0,0,0,0,0,-1,0,0,0,0,0,0,0,0,1
78,1,2,10,0,0,0,0,0,0,0,0,10,3,0,0,1,0,0,0,0,0,-1,0,0,0,0,0,0,0,0,1
20,1,0,0,0,0,0,0,0,0,0,0,20,3,0,0,0,0,0,0,0,0,-1,0,0,0,0,0,0,0,0,1
31,1,1,1,0,0,0,0,0,0,0,0,11,3,0,0,0,1,0,0,1,0,-1,0,0,0,0,0,0,0,0,1
94,1,6,11,0,0,0,0,0,0,0,0,12,3,0,0,1,0,0,0,0,0,0,0,0,0,0,0,0,0,0,1
81,3,3,2,0,0,0,0,0,0,0,1,24,2,0,0,0,5,0,0,1,0,0,0,0,0,0,0,0,0,0,1
99,1,7,7,0,0,0,0,0,0,0,0,11,3,0,0,0,0,0,0,0,0,0,0,0,0,0,0,0,0,0,1
23,1,0,0,0,0,0,0,0,0,0,0,23,3,0,0,0,0,0,0,0,0,-1,0,0,0,0,0,0,0,0,1
23,1,0,1,0,0,0,0,0,0,0,0,23,3,0,0,0,0,0,0,0,0,-1,0,0,0,0,0,0,0,0,1
21,1,1,0,0,0,0,0,0,0,0,0,11,3,0,0,0,0,0,0,0,0,-1,0,0,0,0,0,0,0,0,1
62,3,4,2,0,0,0,0,0,0,0,1,24,2,0,0,0,0,0,0,0,0,0,0,0,0,0,0,0,0,0,1
19,1,0,0,0,0,0,0,0,0,0,0,19,3,0,0,0,0,0,0,0,0,-1,0,0,0,0,0,0,0,0,1
45,3,2,0,0,0,0,0,0,0,0,1,21,3,0,0,0,0,0,0,0,0,-1,0,0,0,0,0,0,0,0,1
57,1,2,2,0,0,0,0,0,0,0,0,26,3,0,0,0,0,0,0,0,0,-1,0,0,0,0,0,0,0,0,1
62,1,3,4,0,0,0,0,0,0,0,0,10,3,0,0,0,0,0,0,0,0,-1,0,0,0,0,0,0,0,0,1
59,1,3,4,0,0,0,0,0,0,0,0,10,3,0,0,1,0,0,0,0,0,-1,0,0,0,0,0,0,0,0,1
111,3,3,1,0,0,0,0,0,0,0,1,29,2,0,0,0,5,0,0,1,0,0,0,0,0,0,0,0,0,0,1
31,1,1,0,0,0,0,0,0,0,0,0,11,3,0,0,0,1,0,0,1,0,-1,0,0,0,0,0,0,0,0,1
33,2,1,0,0,0,0,0,0,0,0,1,20,3,0,0,0,0,0,0,0,0,-1,0,0,0,0,0,0,0,0,1
57,1,3,4,0,0,0,0,0,0,0,0,10,3,0,0,1,0,0,0,0,0,-1,0,0,0,0,0,0,0,0,1
30,1,2,0,0,0,0,0,0,0,0,0,12,3,0,0,0,0,0,0,0,0,-1,0,0,0,0,0,0,0,0,1
17,1,1,0,0,0,0,0,0,0,0,0,8,3,0,0,0,0,0,0,0,0,-1,0,0,0,0,0,0,0,0,1
22,1,0,1,0,0,0,0,0,0,0,0,22,3,0,0,0,0,0,0,0,0,-1,0,0,0,0,0,0,0,0,1
102,1,5,10,0,0,0,0,0,0,0,0,9,3,0,0,1,0,0,0,0,0,0,0,0,0,0,0,0,0,0,1
69,3,3,0,0,0,0,0,0,0,0,1,18,3,0,0,0,0,0,0,0,0,-1,0,0,0,0,0,0,0,0,1
97,1,6,8,0,0,0,0,0,0,0,0,17,3,0,0,1,0,0,0,0,0,0,0,0,0,0,0,0,0,0,1
129,2,5,3,0,0,0,0,0,0,0,0,16,3,0,0,1,0,0,0,0,0,-1,0,0,0,0,0,0,0,0,1
20,1,0,0,0,0,0,0,0,0,0,0,20,3,0,0,0,0,0,0,0,0,-1,0,0,0,0,0,0,0,0,1
36,2,1,0,0,0,0,0,0,0,0,0,24,3,0,0,0,0,0,0,0,0,-1,0,0,0,0,0,0,0,0,1
32,2,2,0,0,0,0,0,0,0,0,1,16,3,0,0,0,0,0,0,0,0,-1,0,0,0,0,0,0,0,0,1
35,1,4,0,0,0,0,0,0,0,0,0,12,3,0,0,0,0,0,0,0,0,-1,0,0,0,0,0,0,0,0,1
55,2,4,1,0,0,0,0,0,0,0,1,18,3,0,0,1,0,0,0,0,0,-1,0,0,0,0,0,0,0,0,1
59,2,2,0,0,0,0,0,0,0,0,1,16,3,0,0,0,0,0,0,0,0,-1,0,0,0,0,0,0,0,0,1
12,1,0,0,0,0,0,0,0,0,0,0,12,3,0,0,0,0,0,0,0,0,-1,0,0,0,0,0,0,0,0,1
12,1,0,0,0,0,0,0,0,0,0,0,12,2,0,0,0,0,0,0,0,0,-1,0,0,0,0,0,0,0,0,1
255,2,3,0,0,0,0,0,0,0,0,0,11,3,0,0,0,5,0,0,1,0,0,0,0,0,0,0,0,0,0,1
42,2,1,1,0,0,0,0,0,0,0,0,18,3,0,0,1,0,0,0,0,0,-1,0,0,0,0,0,0,0,0,1
78,3,3,5,0,0,0,0,0,0,0,1,25,3,0,0,1,0,0,0,0,0,-1,0,0,0,0,0,0,0,0,1
10,2,0,0,0,0,0,0,0,0,0,1,10,3,0,0,0,0,0,0,0,0,-1,0,0,0,0,0,0,0,0,1
37,3,3,0,0,0,0,0,0,0,0,1,24,2,0,0,0,0,0,0,0,0,0,0,0,0,0,0,0,0,0,1
58,1,3,0,0,0,0,0,0,0,0,0,19,3,0,0,0,0,0,0,0,0,-1,0,0,0,0,0,0,0,0,1
110,3,3,0,0,0,0,0,0,0,0,0,18,3,0,0,1,5,0,0,1,0,0,0,0,0,0,0,0,0,0,1
20,2,0,0,0,0,0,0,0,0,0,1,20,2,0,0,0,0,0,0,0,0,-1,0,0,0,0,0,0,0,0,1
47,2,5,1,0,0,0,0,0,0,0,1,15,2,0,0,0,0,0,0,0,0,0,0,0,0,0,0,0,0,0,1
25,1,2,1,0,0,0,0,0,0,0,0,14,2,0,0,0,0,0,0,0,0,-1,0,0,0,0,0,0,0,0,1
73,1,3,4,0,0,0,0,0,0,0,0,10,3,0,0,1,0,0,0,0,0,-1,0,0,0,0,0,0,0,0,1
13,1,0,0,0,0,0,0,0,0,0,0,13,3,0,0,0,0,0,0,0,0,-1,0,0,0,0,0,0,0,0,1
45,1,3,1,0,0,0,0,0,0,0,0,10,3,0,0,1,0,0,0,0,0,-1,0,0,0,0,0,0,0,0,1
31,1,1,0,0,0,0,0,0,0,0,0,11,3,0,0,0,1,0,0,1,0,-1,0,0,0,0,0,0,0,0,1
89,3,3,1,0,0,0,0,0,0,0,1,24,2,0,0,0,5,0,0,1,0,0,0,0,0,0,0,0,0,0,1
28,1,1,0,0,0,0,0,0,0,0,0,21,3,0,0,0,0,0,0,0,0,-1,0,0,0,0,0,0,0,0,1
162,1,6,4,0,0,0,0,0,0,0,0,9,3,0,0,0,5,0,0,0,0,0,0,0,0,0,0,0,1,0,1
12,1,0,0,0,0,0,0,0,0,0,0,12,2,0,0,0,0,0,0,0,0,-1,0,0,0,0,0,0,0,0,1
125,3,3,0,0,0,0,0,0,0,0,1,29,2,0,0,0,5,0,0,1,0,0,0,0,0,0,0,0,0,0,1
43,1,3,0,0,0,0,0,0,0,0,0,12,3,0,0,1,0,0,0,0,0,-1,0,0,0,0,0,0,0,0,1
28,2,0,2,0,0,0,0,0,0,0,1,28,3,0,0,0,0,0,0,0,0,-1,0,0,0,0,0,0,0,0,1
39,1,2,2,0,0,0,0,0,0,0,0,16,3,0,0,1,0,0,0,0,0,-1,0,0,0,0,0,0,0,0,1
105,2,4,9,0,0,0,0,0,0,0,0,16,3,0,0,1,0,0,0,0,0,-1,0,0,0,0,0,0,0,0,1
102,1,5,1,0,0,0,0,0,0,0,0,15,3,0,0,1,0,0,0,0,0,-1,0,0,0,0,0,0,0,0,1
87,2,2,9,0,0,0,0,0,0,0,0,14,3,0,0,1,0,0,0,1,0,-1,0,0,0,0,0,0,0,0,1
31,1,2,0,0,0,0,0,0,0,0,0,13,3,0,0,0,0,0,0,0,0,-1,0,0,0,0,0,0,0,0,1
74,3,3,1,0,0,0,0,0,0,0,1,15,2,0,0,0,5,0,0,1,0,0,0,0,0,0,0,0,0,0,1
93,3,3,0,0,0,0,0,0,0,0,1,15,3,0,0,0,5,0,0,1,0,0,0,0,0,0,0,0,0,0,1
82,2,3,0,0,0,0,0,0,0,0,0,17,3,0,0,0,5,0,0,1,0,0,0,0,0,0,0,0,0,0,1
51,1,3,2,0,0,0,0,0,0,0,0,11,3,0,0,1,0,0,0,0,0,-1,0,0,0,0,0,0,0,0,1
37,4,0,0,0,0,0,0,0,0,0,3,37,3,0,0,0,0,0,0,0,0,-1,0,0,0,0,0,0,0,0,1
32,2,1,0,0,0,0,0,0,0,0,0,17,3,0,0,0,0,0,0,0,0,-1,0,0,0,0,0,0,0,0,1
83,1,2,12,0,0,0,0,0,0,0,0,11,3,0,0,1,0,0,0,0,0,-1,0,0,0,0,0,0,0,0,1
87,3,3,0,0,0,0,0,0,0,0,1,13,3,0,0,0,5,0,0,1,0,0,0,0,0,0,0,0,0,0,1
107,3,4,15,0,0,0,0,0,0,0,1,13,2,0,0,1,0,0,0,0,0,0,0,0,0,0,0,0,0,0,1
65,4,4,0,0,0,0,0,0,0,0,2,31,3,0,0,1,0,0,0,0,0,-1,0,0,0,0,0,0,0,0,1
65,2,3,0,0,0,0,0,0,0,0,1,17,3,0,0,0,0,0,0,0,0,-1,0,0,0,0,0,0,0,0,1
65,3,5,1,0,0,0,0,0,0,0,2,30,3,0,0,1,0,0,0,0,0,-1,0,0,0,0,0,0,0,0,1
35,3,3,0,0,0,0,0,0,0,0,1,17,3,0,0,0,0,0,0,0,0,0,0,0,0,0,0,0,0,0,1
68,2,5,3,0,0,0,0,0,0,0,0,14,3,0,0,1,0,0,0,0,0,-1,0,0,0,0,0,0,0,0,1
17,1,0,0,0,0,0,0,0,0,0,0,17,3,0,0,0,0,0,0,0,0,-1,0,0,0,0,0,0,0,0,1
67,2,6,0,0,0,0,0,0,0,0,0,30,3,0,0,0,0,0,0,0,0,0,0,0,0,0,0,0,0,0,1
54,3,3,2,0,0,0,0,0,0,0,1,15,2,0,0,0,1,0,0,1,0,0,0,0,0,0,0,0,0,0,1
69,1,1,8,0,0,0,0,0,0,0,0,14,3,0,0,0,0,0,0,0,0,-1,0,0,0,0,0,0,0,0,1
92,4,3,0,0,0,0,0,0,0,0,1,13,2,0,0,0,5,0,0,1,0,0,0,0,0,0,0,0,0,0,1
15,1,0,0,0,0,0,0,0,0,0,0,15,3,0,0,0,0,0,0,0,0,-1,0,0,0,0,0,0,0,0,1
47,1,3,0,0,0,0,0,0,0,0,0,12,3,0,0,1,0,0,0,0,0,-1,0,0,0,0,0,0,0,0,1
16,1,0,0,0,0,0,0,0,0,0,0,16,3,0,0,0,0,0,0,0,0,-1,0,0,0,0,0,0,0,0,1
157,4,6,0,0,0,0,0,0,0,0,1,19,3,0,0,0,5,0,0,1,0,0,0,0,0,0,0,0,0,0,1
59,3,6,0,0,0,0,0,0,0,0,1,18,2,0,0,0,0,0,0,0,0,0,0,0,0,0,0,0,0,0,1
78,3,2,0,0,0,0,0,0,0,0,1,17,3,0,0,1,1,0,0,1,0,-1,0,0,0,0,0,0,0,0,1
39,2,2,0,0,0,0,0,0,0,0,0,10,3,0,0,0,0,0,0,0,0,-1,0,0,0,0,0,0,0,0,1
68,1,7,0,0,0,0,0,0,0,0,0,15,3,0,0,1,0,0,0,0,0,-1,0,0,0,0,0,0,0,0,1
29,1,0,0,0,0,0,0,0,0,0,0,29,3,0,0,0,0,0,0,0,0,-1,0,0,0,0,0,0,0,0,1
54,2,3,0,0,0,0,0,0,0,0,0,21,3,0,0,0,0,0,0,0,0,-1,0,0,0,0,0,0,0,0,1
99,3,3,0,0,0,0,0,0,0,0,1,21,3,0,0,0,5,0,0,1,0,0,0,0,0,0,0,0,0,0,1
65,1,3,4,0,0,0,0,0,0,0,0,12,3,0,0,1,0,0,0,0,0,-1,0,0,0,0,0,0,0,0,1
38,2,5,0,0,0,0,0,0,0,0,0,10,3,0,0,0,0,0,0,0,0,0,0,0,0,0,0,0,0,0,1
14,1,0,0,0,0,0,0,0,0,0,0,14,3,0,0,0,0,0,0,0,0,-1,0,0,0,0,0,0,0,0,1
33,1,2,1,0,0,0,0,0,0,0,0,14,3,0,0,0,0,0,0,0,0,-1,0,0,0,0,0,0,0,0,1
32,1,2,1,0,0,0,0,0,0,0,0,21,3,0,0,1,0,0,0,0,0,-1,0,0,0,0,0,0,0,0,1
106,1,2,16,0,0,0,0,0,0,0,0,12,3,0,0,0,0,0,0,0,0,-1,0,0,0,0,0,0,0,0,1
31,1,2,0,0,0,0,0,0,0,0,0,11,3,0,0,0,0,0,0,0,0,-1,0,0,0,0,0,0,0,0,1
51,2,3,1,0,0,0,0,0,0,0,0,22,3,0,0,1,1,0,0,1,0,-1,0,0,0,0,0,0,0,0,1
54,2,2,0,0,0,0,0,0,0,0,0,11,3,0,0,0,0,0,0,0,0,-1,0,0,0,0,0,0,0,0,1
16,1,0,0,0,0,0,0,0,0,0,0,16,3,0,0,0,0,0,0,0,0,-1,0,0,0,0,0,0,0,0,1
116,3,3,1,0,0,0,0,0,0,0,1,12,3,0,0,0,5,0,0,1,0,0,0,0,0,0,0,0,0,0,1
34,1,2,0,0,0,0,0,0,0,0,0,16,3,0,0,0,0,0,0,0,0,-1,0,0,0,0,0,0,0,0,1
97,3,3,0,0,0,0,0,0,0,0,1,19,2,0,0,0,5,0,0,1,0,0,0,0,0,0,0,0,0,0,1
67,1,2,5,0,0,0,0,0,0,0,0,21,3,0,0,1,0,0,0,0,0,-1,0,0,0,0,0,0,0,0,1
29,2,0,1,0,0,0,0,0,0,0,1,29,3,0,0,0,0,0,0,0,0,-1,0,0,0,0,0,0,0,0,1
45,2,5,1,0,0,0,0,0,0,0,0,7,3,0,0,1,0,0,0,0,0,-1,0,0,0,0,0,0,0,0,1
30,1,1,0,0,0,0,0,0,0,0,0,16,3,0,0,0,0,0,0,0,0,-1,0,0,0,0,0,0,0,0,1
69,1,2,7,0,0,0,0,0,0,0,0,15,3,0,0,1,0,0,0,0,0,-1,0,0,0,0,0,0,0,0,1
34,3,3,0,0,0,0,0,0,0,0,2,16,2,0,0,1,0,0,0,0,0,-1,0,0,0,0,0,0,0,0,1
64,2,4,3,0,0,0,0,0,0,0,1,16,3,0,0,1,0,0,0,0,0,-1,0,0,0,0,0,0,0,0,1
42,1,2,0,0,0,0,0,0,0,0,0,18,3,0,0,0,0,0,0,0,0,-1,0,0,0,0,0,0,0,0,1
68,3,4,4,0,0,0,0,0,0,0,1,18,3,0,0,0,0,0,0,0,0,0,0,0,0,0,0,0,0,0,1
41,2,5,1,0,0,0,0,0,0,0,1,15,3,0,0,0,0,0,0,0,0,-1,0,0,0,0,0,0,0,0,1
87,2,3,0,0,0,0,0,0,0,0,0,23,3,0,0,0,5,0,0,1,0,0,0,0,0,0,0,0,0,0,1
50,1,2,3,0,0,0,0,0,0,0,0,14,3,0,0,1,0,0,0,0,0,-1,0,0,0,0,0,0,0,0,1
61,1,2,0,0,0,0,0,0,0,0,0,13,3,0,0,0,0,0,0,0,0,-1,0,0,0,0,0,0,0,0,1
161,2,5,0,0,0,0,0,0,0,0,0,9,2,0,0,0,3,0,0,1,0,0,0,0,0,0,0,0,0,0,1
34,2,2,1,0,0,0,0,0,0,0,0,12,3,0,0,1,0,0,0,0,0,-1,0,0,0,0,0,0,0,0,1
36,2,2,1,0,0,0,0,0,0,0,1,24,3,0,0,0,0,0,0,0,0,-1,0,0,0,0,0,0,0,0,1
26,1,2,0,0,0,0,0,0,0,0,0,11,3,0,0,0,0,0,0,0,0,-1,0,0,0,0,0,0,0,0,1
119,2,6,9,0,0,0,0,0,0,0,0,11,3,0,0,1,1,0,0,1,0,0,1,0,0,0,0,0,0,0,1
66,1,3,3,0,0,0,0,0,0,0,0,17,3,0,0,0,0,0,0,0,0,-1,0,0,0,0,0,0,0,0,1
142,2,5,0,0,0,0,0,0,0,0,1,13,2,0,0,1,0,0,0,0,0,0,0,0,0,0,0,0,0,0,1
26,2,1,0,0,0,0,0,0,0,0,0,18,3,0,0,0,0,0,0,0,0,-1,0,0,0,0,0,0,0,0,1
39,2,1,0,0,0,0,0,0,0,0,0,29,3,0,0,0,0,0,0,0,0,-1,0,0,0,0,0,0,0,0,1
40,2,2,0,0,0,0,0,0,0,0,1,16,3,0,0,0,0,0,0,0,0,-1,0,0,0,0,0,0,0,0,1
30,2,3,0,0,0,0,0,0,0,0,0,10,3,0,0,0,0,0,0,0,0,-1,0,0,0,0,0,0,0,0,1
22,1,0,0,0,0,0,0,0,0,0,0,22,3,0,0,0,0,0,0,0,0,-1,0,0,0,0,0,0,0,0,1
42,2,2,0,0,0,0,0,0,0,0,1,16,3,0,0,1,0,0,0,0,0,-1,0,0,0,0,0,0,0,0,1
88,1,5,1,0,0,0,0,0,0,0,0,9,3,0,0,0,5,0,0,0,0,0,0,0,0,0,0,0,1,0,1
39,3,4,0,0,0,0,0,0,0,0,2,19,3,0,0,0,0,0,0,0,0,-1,0,0,0,0,0,0,0,0,1
85,2,3,2,0,0,0,0,0,0,0,0,10,3,0,0,1,3,0,0,1,0,-1,0,0,0,0,0,0,0,0,1
71,1,3,0,0,0,0,0,0,0,0,0,9,4,0,0,1,5,0,0,0,0,0,0,0,0,0,0,0,1,0,1
33,2,3,0,0,0,0,0,0,0,0,1,18,3,0,0,0,0,0,0,0,0,0,0,0,0,0,0,0,0,0,1
47,3,4,0,0,0,0,0,0,0,0,1,20,3,0,0,0,0,0,0,0,0,-1,0,0,0,0,0,0,0,0,1
66,1,2,2,0,0,0,0,0,0,0,0,15,3,0,0,1,0,0,0,0,0,-1,0,0,0,0,0,0,0,0,1
53,1,3,4,0,0,0,0,0,0,0,0,10,3,0,0,0,0,0,0,0,0,-1,0,0,0,0,0,0,0,0,1
39,2,1,0,0,0,0,0,0,0,0,0,19,3,0,0,0,1,0,0,1,0,-1,0,0,0,0,0,0,0,0,1
33,2,1,0,0,0,0,0,0,0,0,0,16,3,0,0,0,0,0,0,0,0,-1,0,0,0,0,0,0,0,0,1
22,2,1,0,0,0,0,0,0,0,0,0,10,3,0,0,0,0,0,0,0,0,-1,0,0,0,0,0,0,0,0,1
84,2,3,1,0,0,0,0,0,0,0,0,12,2,0,0,0,5,0,0,1,0,0,0,0,0,0,0,0,0,0,1
44,1,3,2,0,0,0,0,0,0,0,0,10,3,0,0,0,0,0,0,0,0,-1,0,0,0,0,0,0,0,0,1
36,2,1,0,0,0,0,0,0,0,0,0,12,3,0,0,1,0,0,0,0,0,-1,0,0,0,0,0,0,0,0,1
232,1,6,2,0,0,0,0,0,0,0,0,16,3,0,0,1,5,0,0,0,0,0,0,0,0,0,0,0,1,0,1
95,4,3,1,0,0,0,0,0,0,0,2,20,2,0,0,1,5,0,0,1,0,0,0,0,0,0,0,0,0,0,1
16,1,0,0,0,0,0,0,0,0,0,0,16,3,0,0,0,0,0,0,0,0,-1,0,0,0,0,0,0,0,0,1
87,1,12,0,0,0,0,0,0,0,0,0,15,3,0,0,1,0,0,0,0,0,0,0,0,0,0,1,0,0,0,1
38,1,3,0,0,0,0,0,0,0,0,0,11,3,0,0,1,0,0,0,0,0,-1,0,0,0,0,0,0,0,0,1
44,1,2,0,0,0,0,0,0,0,0,0,21,3,0,0,0,0,0,0,0,0,-1,0,0,0,0,0,0,0,0,1
123,2,3,10,0,0,0,0,0,0,0,0,28,3,0,0,1,0,0,0,0,0,-1,0,0,0,0,0,0,0,0,1
30,1,2,1,0,0,0,0,0,0,0,0,11,3,0,0,0,0,0,0,0,0,-1,0,0,0,0,0,0,0,0,1
37,2,2,1,0,0,0,0,0,0,1,0,19,3,0,0,0,0,0,0,0,0,-1,0,0,0,0,0,0,0,0,1
99,3,3,0,0,0,0,0,0,0,0,1,24,2,0,0,0,5,0,0,1,0,0,0,0,0,0,0,0,0,0,1
34,2,0,0,0,0,0,0,0,0,0,1,34,3,0,0,0,0,0,0,0,0,-1,0,0,0,0,0,0,0,0,1
24,1,2,0,0,0,0,0,0,0,0,0,11,3,0,0,0,0,0,0,0,0,-1,0,0,0,0,0,0,0,0,1
112,1,4,11,0,0,0,0,0,0,0,0,17,3,0,0,1,3,0,0,0,0,-1,0,0,0,0,0,0,1,0,1
55,3,3,0,0,0,0,0,0,0,0,1,19,3,0,0,0,0,0,0,0,0,-1,0,0,0,0,0,0,0,0,1
11,1,0,0,0,0,0,0,0,0,0,0,11,3,0,0,0,0,0,0,0,0,-1,0,0,0,0,0,0,0,0,1
139,1,7,16,0,0,0,0,0,0,0,0,14,3,0,0,1,0,0,0,0,0,0,0,0,0,0,0,0,0,0,1
23,1,1,1,0,0,0,0,0,0,0,0,10,3,0,0,1,0,0,0,0,0,-1,0,0,0,0,0,0,0,0,1
31,2,2,0,0,0,0,0,0,0,0,1,16,3,0,0,0,0,0,0,0,0,-1,0,0,0,0,0,0,0,0,1
52,2,2,0,0,0,0,0,0,0,0,1,16,3,0,0,0,0,0,0,0,0,-1,0,0,0,0,0,0,0,0,1
31,1,1,0,0,0,0,0,0,0,0,0,11,3,0,0,0,1,0,0,1,0,-1,0,0,0,0,0,0,0,0,1
32,1,4,0,0,0,0,0,0,0,0,0,12,3,0,0,0,0,0,0,0,0,-1,0,0,0,0,0,0,0,0,1
87,1,3,2,0,0,0,0,0,0,0,0,16,3,0,0,1,0,0,0,0,0,-1,0,0,0,0,0,0,0,0,1
10,1,0,0,0,0,0,0,0,0,0,0,10,2,0,0,0,0,0,0,0,0,-1,0,0,0,0,0,0,0,0,1
53,2,2,3,0,0,0,0,0,0,0,0,19,3,0,0,0,0,0,0,0,0,-1,0,0,0,0,0,0,0,0,1
27,1,2,0,0,0,0,0,0,0,0,0,12,3,0,0,0,0,0,0,0,0,-1,0,0,0,0,0,0,0,0,1
16,2,0,0,0,0,0,0,0,0,0,1,16,2,0,0,0,0,0,0,0,0,-1,0,0,0,0,0,0,0,0,1
31,1,1,0,0,0,0,0,0,0,0,0,11,3,0,0,0,1,0,0,1,0,-1,0,0,0,0,0,0,0,0,1
38,1,3,0,0,0,0,0,0,0,0,0,10,3,0,0,1,0,0,0,0,0,-1,0,0,0,0,0,0,0,0,1
35,2,2,0,0,0,0,0,0,0,0,0,8,3,0,0,0,0,0,0,0,0,-1,0,0,0,0,0,0,0,0,1
36,1,2,0,0,0,0,0,0,0,0,0,15,3,0,0,0,0,0,0,0,0,-1,0,0,0,0,0,0,0,0,1
72,3,3,4,0,0,0,0,0,0,0,1,25,3,0,0,0,0,0,0,0,0,0,0,0,0,0,0,0,0,0,1
67,3,3,3,0,0,0,0,0,0,0,1,28,3,0,0,1,0,0,0,0,0,-1,0,0,0,0,0,0,0,0,1
72,1,3,7,0,0,0,0,0,0,0,0,13,2,0,0,1,0,0,0,0,0,-1,0,0,0,0,0,0,0,0,1
89,1,5,6,0,0,1,0,0,0,0,0,15,3,0,0,1,0,0,0,0,0,0,0,0,0,0,0,0,0,0,1
18,2,0,0,0,0,0,0,0,0,0,1,18,3,0,0,0,0,0,0,0,0,-1,0,0,0,0,0,0,0,0,1
104,1,5,9,0,0,0,0,0,0,0,0,17,3,0,0,1,0,0,0,0,0,0,0,0,0,0,0,0,0,0,1
70,1,4,0,0,0,0,0,0,0,0,0,19,3,0,0,0,0,0,0,0,0,-1,0,0,0,0,0,0,0,0,1
47,3,3,0,0,0,0,0,0,0,0,1,17,2,0,0,0,1,0,0,1,0,0,0,0,0,0,0,0,0,0,1
14,1,0,0,0,0,0,0,0,0,0,0,14,3,0,0,0,0,0,0,0,0,-1,0,0,0,0,0,0,0,0,1
66,2,3,4,0,0,0,0,0,0,0,0,14,3,0,0,0,0,0,0,0,0,-1,0,0,0,0,0,0,0,0,1
79,2,5,0,0,0,0,0,0,0,0,1,25,3,0,0,1,0,0,0,0,0,0,0,0,0,0,0,0,0,0,1
92,3,6,7,0,0,0,0,0,0,0,1,20,3,0,0,1,0,0,0,0,0,-1,0,0,0,0,0,0,0,0,1
84,3,3,1,0,0,0,0,0,0,0,1,20,2,0,0,0,5,0,0,1,0,0,0,0,0,0,0,0,0,0,1
98,1,3,0,0,0,0,0,0,0,0,0,9,4,0,0,1,5,0,0,0,0,0,0,0,0,0,0,0,1,0,1
73,3,3,0,0,0,0,0,0,0,0,1,16,2,0,0,0,5,0,0,1,0,0,0,0,0,0,0,0,0,0,1
164,4,5,13,0,0,0,0,0,0,0,2,24,2,0,0,1,0,0,0,0,0,-1,0,0,0,0,0,0,0,0,1
85,1,7,5,0,0,0,0,0,0,0,0,11,3,0,0,0,0,0,0,0,0,0,0,0,0,0,0,0,0,0,1
49,1,4,1,0,0,0,0,0,0,0,0,14,3,0,0,1,0,0,0,0,0,-1,0,0,0,0,0,0,0,0,1
35,1,2,1,0,0,0,0,0,0,0,0,14,3,0,0,0,0,0,0,0,0,-1,0,0,0,0,0,0,0,0,1
47,2,1,0,0,0,0,0,0,0,0,1,35,3,0,0,0,0,0,0,0,0,-1,0,0,0,0,0,0,0,0,1
109,1,4,13,0,0,0,0,0,0,0,0,17,3,0,0,1,0,0,0,0,0,0,0,0,0,0,0,0,0,0,1
43,1,3,1,0,0,0,0,0,0,0,0,12,3,0,0,1,0,0,0,0,0,-1,0,0,0,0,0,0,0,0,1
33,2,1,0,0,0,0,0,0,0,0,1,16,3,0,0,0,0,0,0,0,0,-1,0,0,0,0,0,0,0,0,1
46,2,4,0,0,0,0,0,0,0,0,1,16,3,0,0,1,0,0,0,0,0,-1,0,0,0,0,0,0,0,0,1
35,2,0,0,0,0,0,0,0,0,0,1,35,3,0,0,0,0,0,0,0,0,-1,0,0,0,0,0,0,0,0,1
84,1,7,3,0,0,0,0,0,0,0,0,10,3,0,0,1,0,0,0,0,0,0,0,0,0,0,0,0,0,0,1
50,1,4,1,0,0,0,0,0,0,0,0,14,3,0,0,1,0,0,0,0,0,-1,0,0,0,0,0,0,0,0,1
81,1,4,10,0,0,0,0,0,0,0,0,15,3,0,0,1,0,0,0,0,0,-1,0,0,0,0,0,0,0,0,1
91,1,6,8,0,0,0,0,0,0,0,0,14,3,0,0,1,0,0,0,0,0,0,0,0,0,0,0,0,0,0,1
82,2,2,0,0,0,0,0,0,0,0,0,13,3,0,0,0,5,0,0,0,0,-1,0,0,0,0,0,0,1,0,1
93,3,3,2,0,0,0,0,0,0,0,1,27,3,0,0,0,5,0,0,1,0,0,0,0,0,0,0,0,0,0,1
83,3,3,0,0,0,0,0,0,0,0,1,16,2,0,0,0,5,0,0,1,0,0,0,0,0,0,0,0,0,0,1
35,2,1,1,0,0,0,0,0,0,0,0,16,3,0,0,0,0,0,0,0,0,-1,0,0,0,0,0,0,0,0,1
51,2,2,0,0,0,0,0,0,0,0,0,12,3,0,0,1,5,0,0,1,0,-1,0,0,0,0,0,0,0,0,1
98,2,3,10,0,0,0,0,0,0,0,0,8,3,0,0,1,0,0,0,0,0,-1,0,0,0,0,0,0,0,0,1
21,1,0,0,0,0,0,0,0,0,0,0,21,3,0,0,0,0,0,0,0,0,-1,0,0,0,0,0,0,0,0,1
83,2,3,0,0,0,0,0,0,0,0,0,11,2,0,0,0,5,0,0,1,0,0,0,0,0,0,0,0,0,0,1
34,2,2,0,0,0,0,0,0,0,0,1,16,3,0,0,0,0,0,0,0,0,-1,0,0,0,0,0,0,0,0,1
19,1,2,0,0,0,0,0,0,0,0,0,9,3,0,0,1,0,0,0,0,0,-1,0,0,0,0,0,0,0,0,1
110,1,5,14,0,0,0,0,0,0,0,0,10,3,0,0,1,0,0,0,0,0,0,0,0,0,0,0,0,0,0,1
43,3,4,0,0,0,0,0,0,0,0,1,14,2,0,0,0,0,0,0,0,0,0,0,0,0,0,0,0,0,0,1
36,2,1,0,0,0,0,0,0,0,0,0,24,3,0,0,0,0,0,0,0,0,-1,0,0,0,0,0,0,0,0,1
154,3,4,17,0,0,0,0,0,0,0,1,27,3,0,0,1,0,0,0,0,0,-1,0,0,0,0,0,0,0,0,1
20,1,0,0,0,0,0,0,0,0,0,0,20,3,0,0,0,0,0,0,0,0,-1,0,0,0,0,0,0,0,0,1
75,1,3,5,0,0,0,0,0,0,0,0,10,3,0,0,1,0,0,0,0,0,-1,0,0,0,0,0,0,0,0,1
33,2,1,0,0,0,0,0,0,0,0,0,18,3,0,0,0,0,0,0,0,0,-1,0,0,0,0,0,0,0,0,1
115,3,5,1,0,0,0,0,0,0,0,0,23,3,0,0,0,5,0,0,1,0,0,0,0,0,0,0,0,0,0,1
39,2,2,0,0,0,0,0,0,0,0,1,16,3,0,0,0,0,0,0,0,0,-1,0,0,0,0,0,0,0,0,1
42,2,3,1,0,0,0,0,0,0,0,0,9,3,0,0,0,0,0,0,0,0,-1,0,0,0,0,0,0,0,0,1
22,1,0,0,0,0,0,0,0,0,0,0,22,3,0,0,0,0,0,0,0,0,-1,0,0,0,0,0,0,0,0,1
21,1,0,0,0,0,0,0,0,0,0,0,21,3,0,0,0,0,0,0,0,0,-1,0,0,0,0,0,0,0,0,1
53,1,1,3,0,0,0,0,0,0,0,0,17,3,0,0,0,1,0,0,1,0,-1,0,0,0,0,0,0,0,0,1
55,2,4,1,0,0,0,0,0,0,0,0,15,3,0,0,0,0,0,0,0,0,-1,0,0,0,0,0,0,0,0,1
70,2,4,6,0,0,0,0,0,0,0,1,11,2,0,0,0,0,0,0,0,0,0,0,0,0,0,0,0,0,0,1
20,1,0,0,0,0,0,0,0,0,0,0,20,3,0,0,0,0,0,0,0,0,-1,0,0,0,0,0,0,0,0,1
139,2,6,5,0,0,0,0,0,0,0,0,18,3,0,0,1,0,0,0,0,0,-1,0,0,0,0,0,0,0,0,1
58,6,3,0,0,0,0,0,0,0,0,2,28,3,0,0,0,0,0,0,0,0,-1,0,0,0,0,0,0,0,0,1
31,3,3,0,0,0,0,0,0,0,0,1,13,2,0,0,0,0,0,0,0,0,0,0,0,0,0,0,0,0,0,1
52,3,4,0,0,0,0,0,0,0,0,1,17,3,0,0,0,0,0,0,0,0,-1,0,0,0,0,0,0,0,0,1
37,2,2,0,0,0,0,0,0,0,0,0,9,3,0,0,1,1,0,0,1,0,-1,0,0,0,0,0,0,0,0,1
24,2,0,0,0,0,0,0,0,0,0,1,24,3,0,0,0,0,0,0,0,0,-1,0,0,0,0,0,0,0,0,1
27,1,1,1,0,0,0,0,0,0,0,0,10,3,0,0,0,0,0,0,0,0,-1,0,0,0,0,0,0,0,0,1
54,2,5,0,0,0,0,0,0,0,0,0,12,3,0,0,0,0,0,0,0,0,-1,0,0,0,0,0,0,0,0,1
85,1,2,8,0,0,0,0,0,0,0,0,18,3,0,0,0,0,0,0,0,0,-1,0,0,0,0,0,0,0,0,1
123,2,4,13,0,0,0,0,0,0,0,1,26,3,0,0,1,0,0,0,0,0,-1,0,0,0,0,0,0,0,0,1
104,1,6,9,0,0,0,0,0,0,0,0,17,3,0,0,1,0,0,0,0,0,0,0,0,0,0,0,0,0,0,1
30,2,2,0,0,0,0,0,0,0,0,0,9,3,0,0,0,0,0,0,0,0,-1,0,0,0,0,0,0,0,0,1
65,2,2,0,0,0,0,0,0,0,0,0,18,3,0,0,0,4,0,0,1,0,-1,0,0,0,0,0,0,0,0,1
128,3,3,5,0,0,0,0,0,0,0,1,19,2,0,0,0,5,0,0,1,0,0,0,0,0,0,0,0,0,0,1
125,2,5,0,0,0,0,0,0,0,0,0,9,2,0,0,0,3,0,0,1,0,0,0,0,0,0,0,0,0,0,1
159,3,3,4,0,0,0,0,0,0,0,1,49,3,0,0,0,5,0,0,1,0,0,0,0,0,0,0,0,0,0,1
49,2,2,1,0,0,0,0,0,0,0,0,18,3,0,0,0,0,0,0,0,0,-1,0,0,0,0,0,0,0,0,1
67,4,4,0,0,0,0,0,0,0,0,0,13,3,0,0,0,0,0,0,0,0,-1,0,0,0,0,0,0,0,0,1
40,1,2,0,0,0,0,0,0,0,0,0,12,3,0,0,0,1,0,0,0,0,-1,0,0,0,0,0,0,1,0,1
28,2,1,0,0,0,0,0,0,0,0,0,12,3,0,0,0,0,0,0,0,0,-1,0,0,0,0,0,0,0,0,1
122,3,3,3,0,0,0,0,0,0,0,1,22,2,0,0,0,5,0,0,1,0,0,0,0,0,0,0,0,0,0,1
28,1,1,0,0,0,0,0,0,0,0,0,11,3,0,0,0,0,0,0,0,0,-1,0,0,0,0,0,0,0,0,1
74,6,6,2,0,0,0,0,0,0,0,1,23,3,0,0,0,0,0,0,0,0,0,0,0,0,0,0,0,0,0,1
56,2,6,2,0,0,0,0,0,0,0,1,12,2,0,0,0,0,0,0,0,0,0,0,0,0,0,0,0,0,0,1
44,1,2,4,0,0,0,0,0,0,0,0,14,3,0,0,0,0,0,0,0,0,-1,0,0,0,0,0,0,0,0,1
60,2,2,2,0,0,0,0,0,0,0,0,19,3,0,0,1,1,0,0,1,0,-1,0,0,0,0,0,0,0,0,1
74,2,1,2,0,0,0,0,0,0,0,0,18,3,0,0,0,5,0,0,1,0,-1,0,0,0,0,0,0,0,0,1
26,1,2,1,0,0,0,0,0,0,0,0,7,3,0,0,0,0,0,0,0,0,-1,0,0,0,0,0,0,0,0,1
119,2,1,2,0,0,0,0,0,0,0,0,14,3,0,0,0,5,0,0,1,0,-1,0,0,0,0,0,0,0,0,1
64,1,2,5,0,0,0,0,0,0,0,0,20,3,0,0,0,0,0,0,0,0,-1,0,0,0,0,0,0,0,0,1
52,2,2,2,0,0,0,0,0,0,0,0,18,3,0,0,0,0,0,0,0,0,-1,0,0,0,0,0,0,0,0,1
78,2,2,0,0,0,0,0,0,0,0,1,16,3,0,0,1,4,0,0,0,0,-1,0,0,0,0,0,0,1,0,1
21,1,0,0,0,0,0,0,0,0,0,0,21,3,0,0,0,0,0,0,0,0,-1,0,0,0,0,0,0,0,0,1
98,1,3,12,0,0,0,0,0,0,0,0,10,3,0,0,1,0,0,0,0,0,-1,0,0,0,0,0,0,0,0,1
91,2,5,6,1,0,0,0,0,0,0,1,10,2,0,1,0,0,0,0,0,0,0,0,0,0,0,0,0,0,0,1
69,5,3,0,0,0,0,0,0,0,0,3,41,3,0,0,0,0,0,0,0,0,-1,0,0,0,0,0,0,0,0,1
31,1,2,1,0,0,0,0,0,0,0,0,11,3,0,0,0,0,0,0,0,0,-1,0,0,0,0,0,0,0,0,1
44,1,3,1,0,0,0,0,0,0,0,0,12,3,0,0,1,0,0,0,0,0,-1,0,0,0,0,0,0,0,0,1
37,1,1,2,0,0,0,0,0,0,0,0,13,3,0,0,1,0,0,0,0,0,-1,0,0,0,0,0,0,0,0,1
27,1,2,1,0,0,0,0,0,0,0,0,7,3,0,0,0,0,0,0,0,0,-1,0,0,0,0,0,0,0,0,1
93,2,3,0,0,0,0,0,0,0,0,0,10,2,0,0,1,3,0,0,1,0,0,0,0,0,0,0,0,0,0,1
81,2,3,0,0,0,0,0,0,0,0,0,15,3,0,0,0,5,0,0,1,0,0,0,0,0,0,0,0,0,0,1
88,3,3,0,0,0,0,0,0,0,0,1,14,3,0,0,0,5,0,0,1,0,0,0,0,0,0,0,0,0,0,1
43,1,1,0,0,0,0,0,0,0,0,0,32,3,0,0,0,0,0,0,0,0,-1,0,0,0,0,0,0,0,0,1
317,2,3,1,1,0,0,0,0,0,0,0,11,3,0,1,0,5,0,0,1,0,1,0,0,0,0,0,0,1,1,1
37,3,3,1,0,0,0,0,0,0,0,2,15,2,0,0,0,0,0,0,0,0,0,0,0,0,0,0,0,0,0,1
54,1,3,2,0,0,0,0,0,0,0,0,14,3,0,0,0,0,0,0,0,0,-1,0,0,0,0,0,0,0,0,1
116,3,3,3,0,0,0,0,0,0,0,1,15,2,0,0,0,5,0,0,1,0,0,0,0,0,0,0,0,0,0,1
50,1,2,5,0,0,0,0,0,0,0,0,10,3,0,0,1,0,0,0,0,0,-1,0,0,0,0,0,0,0,0,1
50,2,2,0,0,0,0,0,0,0,0,0,12,3,0,0,1,0,0,0,0,0,-1,0,0,0,0,0,0,0,0,1
39,1,3,0,0,0,0,0,0,0,0,0,9,3,0,0,0,0,0,0,0,0,-1,0,0,0,0,0,0,0,0,1
40,1,5,1,0,0,0,0,0,0,0,0,12,3,0,0,0,0,0,0,0,0,-1,0,0,0,0,0,0,0,0,1
51,2,3,1,0,0,0,0,0,0,0,0,13,3,0,0,1,0,0,0,0,0,-1,0,0,0,0,0,0,0,0,1
89,2,2,8,0,0,0,0,0,0,0,0,12,3,0,0,1,1,0,0,1,0,-1,0,0,0,0,0,0,0,0,1
33,1,3,0,0,0,0,0,0,0,0,0,9,3,0,0,0,0,0,0,0,0,-1,0,0,0,0,0,0,0,0,1
19,1,0,0,0,0,0,0,0,0,0,0,19,3,0,0,0,0,0,0,0,0,-1,0,0,0,0,0,0,0,0,1
71,3,5,3,0,0,0,0,0,0,0,1,23,2,0,0,0,0,0,0,0,0,0,0,0,0,0,0,0,0,0,1
39,2,2,0,0,0,0,0,0,0,0,0,17,3,0,0,0,0,0,0,0,0,-1,0,0,0,0,0,0,0,0,1
50,1,3,2,0,0,0,0,0,0,0,0,9,3,0,0,0,0,0,0,0,0,-1,0,0,0,0,0,0,0,0,1
180,3,3,4,0,0,0,0,0,0,0,1,24,2,0,0,0,5,0,0,1,0,0,0,0,0,0,0,0,0,0,1
36,1,2,0,0,0,0,0,0,0,0,0,18,3,0,0,0,0,0,0,0,0,-1,0,0,0,0,0,0,0,0,1
39,2,3,1,0,0,0,0,0,0,0,0,14,3,0,0,0,0,0,0,0,0,-1,0,0,0,0,0,0,0,0,1
44,4,4,0,0,0,0,0,0,0,0,2,15,2,0,0,0,0,0,0,0,0,-1,0,0,0,0,0,0,0,0,1
18,1,0,1,0,0,0,0,0,0,0,0,18,2,0,0,0,0,0,0,0,0,-1,0,0,1,0,0,0,0,0,1
81,2,3,0,0,0,0,0,0,0,0,0,16,3,0,0,0,5,0,0,1,0,0,0,0,0,0,0,0,0,0,1
41,2,1,1,0,0,0,0,0,0,0,0,23,3,0,0,0,0,0,0,0,0,-1,0,0,0,0,0,0,0,0,1
139,1,4,0,0,0,0,0,0,0,0,0,9,2,0,0,0,5,0,0,0,0,0,0,0,0,0,0,0,1,0,1
61,1,3,6,0,0,0,0,0,0,0,0,11,3,0,0,1,0,0,0,0,0,-1,0,0,0,0,0,0,0,0,1
121,2,6,6,0,0,0,0,0,0,0,1,29,3,0,0,1,0,0,0,0,0,-1,0,0,0,0,0,0,0,0,1
51,3,1,3,0,0,0,0,0,0,0,1,18,3,0,0,1,0,0,0,0,0,-1,0,0,0,0,0,0,0,0,1
28,3,1,0,0,0,0,0,0,0,0,2,20,3,0,0,0,0,0,0,0,0,-1,0,0,0,0,0,0,0,0,1
26,2,1,0,0,0,0,0,0,0,0,0,18,3,0,0,0,0,0,0,0,0,-1,0,0,0,0,0,0,0,0,1
66,2,2,0,0,0,0,0,0,0,0,0,27,3,0,0,0,1,0,0,0,0,-1,0,0,0,0,0,0,1,0,1
65,1,2,0,0,0,0,0,0,0,0,0,21,3,0,0,0,0,0,0,0,0,-1,0,0,0,0,0,0,0,0,1
22,1,1,1,0,0,0,0,0,0,0,0,10,3,0,0,1,0,0,0,0,0,-1,0,0,0,0,0,0,0,0,1
97,2,3,5,0,0,0,0,0,0,0,0,16,3,0,0,1,0,0,0,0,0,-1,0,0,0,0,0,0,0,0,1
53,2,2,0,0,0,0,0,0,0,0,1,16,3,0,0,1,0,0,0,0,0,-1,0,0,0,0,0,0,0,0,1
197,10,3,3,0,0,0,1,0,0,0,5,71,3,0,0,0,1,0,0,0,0,0,0,0,0,0,0,1,0,0,1
75,3,1,0,0,0,0,0,0,0,0,1,28,3,0,0,1,5,0,0,1,0,-1,0,0,0,0,0,0,0,0,1
56,3,4,0,0,0,0,0,0,0,0,1,31,3,0,0,0,0,0,0,0,0,-1,0,0,0,0,0,0,0,0,1
88,1,6,5,0,0,0,0,0,0,0,0,12,3,0,0,0,0,0,0,0,0,0,0,0,0,0,0,0,0,0,1
37,2,2,0,0,0,0,0,0,0,0,1,19,3,0,0,0,0,0,0,0,0,-1,0,0,0,0,0,0,0,0,1
71,2,3,5,0,0,0,0,0,0,0,0,19,3,0,0,1,0,0,0,0,0,-1,0,0,0,0,0,0,0,0,1
57,2,2,0,0,0,0,0,0,0,0,0,14,3,0,0,1,1,0,0,1,0,-1,0,0,0,0,0,0,0,0,1
100,4,3,0,0,0,0,0,0,0,0,2,20,2,0,0,0,5,0,0,1,0,0,0,0,0,0,0,0,0,0,1
33,2,0,3,0,0,0,0,0,0,0,1,33,3,0,0,0,0,0,0,0,0,-1,0,0,0,0,0,0,0,0,1
54,2,3,2,0,0,0,0,0,0,0,0,17,3,0,0,1,0,0,0,0,0,-1,0,0,0,0,0,0,0,0,1
57,2,4,3,0,0,0,0,0,0,0,1,24,2,0,0,0,0,0,0,0,0,0,0,0,0,0,0,0,0,0,1
244,3,5,0,0,0,0,0,0,0,0,1,24,2,0,0,0,3,0,0,1,0,0,0,0,0,0,0,0,0,0,1
33,2,4,0,0,0,0,0,0,0,0,1,15,3,0,0,0,0,0,0,0,0,-1,0,0,0,0,0,0,0,0,1
15,1,0,0,0,0,0,0,0,0,0,0,15,3,0,0,1,0,0,0,0,0,-1,0,0,0,0,0,0,0,0,1
40,2,2,1,0,0,0,0,0,0,0,0,9,3,0,0,0,0,0,0,1,0,-1,0,0,0,0,0,0,0,0,1
16,1,1,0,0,0,0,0,0,0,0,0,11,3,0,0,0,0,0,0,0,0,-1,0,0,0,0,0,0,0,0,1
36,2,2,1,0,0,0,0,0,0,0,1,16,3,0,0,0,0,0,0,0,0,-1,0,0,0,0,0,0,0,0,1
51,1,3,4,0,0,0,0,0,0,0,0,10,3,0,0,0,0,0,0,0,0,-1,0,0,0,0,0,0,0,0,1
125,3,3,0,0,0,0,0,0,0,0,1,25,2,0,0,0,5,0,0,1,0,0,0,0,0,0,0,0,0,0,1
42,1,3,1,0,0,0,0,0,0,0,0,12,3,0,0,1,0,0,0,0,0,-1,0,0,0,0,0,0,0,0,1
93,1,5,0,0,0,0,0,0,0,0,0,13,3,0,0,0,0,0,0,0,0,0,0,0,0,0,0,0,0,0,1
53,2,2,1,0,0,0,0,0,0,0,1,24,3,0,0,0,0,0,0,0,0,-1,0,0,0,0,0,0,0,0,1
64,7,5,0,0,0,1,0,0,0,0,5,33,4,0,0,0,0,0,0,1,0,0,0,0,0,0,0,0,0,0,1
21,1,0,0,0,0,0,0,0,0,0,0,21,3,0,0,0,0,0,0,0,0,-1,0,0,0,0,0,0,0,0,1
31,1,1,0,0,0,0,0,0,0,0,0,11,3,0,0,0,1,0,0,1,0,-1,0,0,0,0,0,0,0,0,1
64,2,4,5,0,0,0,0,0,0,0,1,13,2,0,0,0,0,0,0,0,0,0,0,0,0,0,0,0,0,0,1
42,1,3,3,0,0,0,0,0,0,0,0,9,3,0,0,0,0,0,0,0,0,-1,0,0,0,0,0,0,0,0,1
17,1,0,1,0,0,0,0,0,0,0,0,17,3,0,0,0,0,0,0,0,0,-1,0,0,0,0,0,0,0,0,1
65,3,1,0,0,0,0,0,0,0,0,1,27,3,0,0,0,3,0,0,1,0,-1,0,0,0,0,0,0,0,0,1
69,3,2,5,0,0,0,0,0,0,0,1,17,3,0,0,1,0,0,0,0,0,-1,0,0,0,0,0,0,0,0,1
138,3,5,8,0,0,0,0,0,0,0,1,32,2,0,0,0,1,0,0,1,0,-1,0,0,0,0,0,0,0,0,1
49,2,1,0,0,0,0,0,0,0,0,0,12,3,0,0,0,3,0,0,1,0,-1,0,0,0,0,0,0,0,0,1
108,4,6,2,0,0,0,0,0,0,0,1,28,3,0,0,0,3,0,0,1,0,0,0,0,0,0,0,0,0,0,1
24,1,0,1,0,0,0,0,0,0,0,0,24,3,0,0,0,0,0,0,0,0,-1,0,0,0,0,0,0,0,0,1
67,2,5,7,0,0,0,0,0,0,0,0,12,3,0,0,1,0,0,0,0,0,0,0,0,0,0,0,0,0,0,1
100,3,3,0,0,0,0,0,0,0,0,1,28,3,0,0,0,5,0,0,1,0,0,0,0,0,0,0,0,0,0,1
107,3,6,5,0,0,0,0,0,0,0,1,23,2,0,0,0,3,0,0,1,0,0,0,0,0,0,0,0,0,0,1
159,3,3,1,0,0,0,0,0,0,0,1,24,2,0,0,0,5,0,0,1,0,0,0,0,0,0,0,0,0,0,1
53,1,2,0,0,0,0,0,0,0,0,0,14,3,0,0,0,0,0,0,0,0,-1,0,0,0,0,0,0,0,0,1
44,4,4,1,0,0,0,0,0,0,0,2,20,2,0,0,0,0,0,0,0,0,0,0,0,0,0,0,0,0,0,1
52,1,3,3,0,0,0,0,0,0,0,0,10,3,0,0,1,0,0,0,0,0,-1,0,0,0,0,0,0,0,0,1
45,1,3,1,0,0,0,0,0,0,0,0,12,3,0,0,1,0,0,0,0,0,-1,0,0,0,0,0,0,0,0,1
34,1,4,0,0,0,0,0,0,0,0,0,16,3,0,0,0,0,0,0,0,0,0,0,0,0,0,0,0,0,0,1
24,1,1,0,0,0,0,0,0,0,0,0,16,3,0,0,1,1,0,0,1,0,-1,0,0,0,0,0,0,0,0,1
32,2,3,0,0,0,0,0,0,0,0,0,20,3,0,0,0,0,0,0,0,0,0,0,0,0,0,0,0,0,0,1
37,2,2,0,0,0,0,0,0,0,0,1,16,3,0,0,0,0,0,0,0,0,-1,0,0,0,0,0,0,0,0,1
39,2,2,0,0,0,0,0,0,0,0,0,19,3,0,0,1,0,0,0,0,0,-1,0,0,0,0,0,0,0,0,1
31,1,1,0,0,0,0,0,0,0,0,0,12,3,0,0,0,0,0,0,0,0,-1,0,0,0,0,0,0,0,0,1
25,1,2,1,0,0,0,0,0,0,0,0,11,3,0,0,0,0,0,0,0,0,-1,0,0,0,0,0,0,0,0,1
111,2,4,11,0,0,0,0,0,0,0,1,23,3,0,0,1,0,0,0,0,0,-1,0,0,0,0,0,0,0,0,1
87,1,3,9,0,0,0,0,0,0,0,0,15,3,0,0,1,0,0,0,0,0,0,0,0,0,0,0,0,0,0,1
56,2,1,0,0,0,0,0,0,0,0,1,35,3,0,0,0,0,0,0,0,0,-1,0,0,0,0,0,0,0,0,1
213,2,3,28,0,0,0,0,0,0,0,0,15,3,0,0,0,0,0,0,0,0,-1,0,0,0,0,0,0,0,0,1
37,2,3,1,0,0,0,0,0,0,0,1,18,3,0,0,0,0,0,0,0,0,0,0,0,0,0,0,0,0,0,1
42,2,3,2,0,0,0,0,0,0,0,0,11,3,0,0,0,0,0,0,0,0,-1,0,0,0,0,0,0,0,0,1
31,1,1,0,0,0,0,0,0,0,0,0,11,3,0,0,0,1,0,0,1,0,-1,0,0,0,0,0,0,0,0,1
55,1,3,3,0,0,0,0,0,0,0,0,12,3,0,0,1,0,0,0,0,0,-1,0,0,0,0,0,0,0,0,1
77,1,6,4,0,0,0,0,0,0,0,0,12,3,0,0,1,0,0,0,0,0,-1,0,0,0,0,0,0,0,0,1
31,2,2,0,0,0,0,0,0,0,0,0,15,3,0,0,1,0,0,0,0,0,-1,0,0,0,0,0,0,0,0,1
22,1,0,1,0,0,0,0,0,0,0,0,22,3,0,0,0,0,0,0,0,0,-1,0,0,0,0,0,0,0,0,1
71,3,3,0,0,0,0,0,0,0,0,1,18,2,0,0,0,5,0,0,1,0,0,0,0,0,0,0,0,0,0,1
50,2,2,4,0,0,0,0,0,0,0,0,12,3,0,0,1,0,0,0,0,0,-1,0,0,0,0,0,0,0,0,1
39,2,2,0,0,0,0,0,0,0,0,1,24,3,0,0,0,0,0,0,0,0,-1,0,0,0,0,0,0,0,0,1
92,2,6,3,0,0,0,0,0,0,0,1,19,2,0,0,1,1,0,0,1,0,0,0,0,0,0,0,0,0,0,1
13,1,0,0,0,0,0,0,0,0,0,0,13,3,0,0,0,0,0,0,0,0,-1,0,0,0,0,0,0,0,0,1
52,1,3,0,0,0,0,0,0,0,0,0,11,2,0,0,1,0,0,0,0,0,-1,0,0,0,0,0,0,0,0,1
38,3,1,0,0,0,0,0,0,0,0,1,20,3,0,0,0,0,0,0,0,0,-1,0,0,0,0,0,0,0,0,1
22,1,1,0,0,0,0,0,0,0,0,0,12,3,0,0,0,0,0,0,0,0,-1,0,0,0,0,0,0,0,0,1
24,1,1,0,0,0,0,0,0,0,0,0,14,3,0,0,0,0,0,0,0,0,-1,0,0,0,0,0,0,0,0,1
96,1,7,7,0,0,0,0,0,0,0,0,11,3,0,0,0,0,0,0,0,0,0,0,0,0,0,0,0,0,0,1
51,2,4,2,0,0,0,0,0,0,0,0,8,3,0,0,1,0,0,0,0,0,-1,0,0,0,0,0,0,0,0,1
100,2,2,8,0,0,0,0,0,0,0,0,18,3,0,0,1,0,0,0,0,0,-1,0,0,0,0,0,0,0,0,1
52,2,2,2,0,0,0,0,0,0,0,0,10,3,0,0,0,0,0,0,0,0,-1,0,0,0,0,0,0,0,0,1
59,2,3,4,0,0,0,0,0,0,0,1,15,3,0,0,1,0,0,0,0,0,-1,0,0,0,0,0,0,0,0,1
89,1,2,11,0,0,0,0,0,0,0,0,16,3,0,0,1,0,0,0,0,0,-1,0,0,0,0,0,0,0,0,1
71,1,3,7,0,0,0,0,0,0,0,0,18,3,0,0,1,0,0,0,0,0,-1,0,0,0,0,0,0,0,0,1
112,2,3,3,0,0,0,0,0,0,0,0,23,3,0,0,0,5,0,0,1,0,0,0,0,0,0,0,0,0,0,1
90,1,7,0,0,0,0,0,0,0,1,0,15,2,0,0,0,0,0,0,0,0,0,0,0,0,0,0,0,0,0,1
20,1,3,0,0,0,0,0,0,0,0,0,8,3,0,0,0,0,0,0,0,0,-1,0,0,0,0,0,0,0,0,1
98,1,3,0,0,0,0,0,0,0,0,0,9,4,0,0,1,5,0,0,0,0,0,0,0,0,0,0,0,1,0,1
123,4,3,0,0,0,0,0,0,0,0,1,31,3,0,0,0,5,0,0,1,0,0,0,0,0,0,0,0,0,0,1
21,1,1,0,0,0,0,0,0,0,0,0,11,3,0,0,0,0,0,0,0,0,-1,0,0,0,0,0,0,0,0,1
42,2,2,0,0,0,0,0,0,0,0,0,9,3,0,0,0,0,0,0,0,0,-1,0,0,0,0,0,0,0,0,1
18,1,0,0,0,0,0,0,0,0,0,0,18,3,0,0,0,0,0,0,0,0,-1,0,0,0,0,0,0,0,0,1
45,2,3,1,0,0,0,0,0,0,0,0,12,3,0,0,0,0,0,0,0,0,-1,0,0,0,0,0,0,0,0,1
34,1,3,0,0,0,0,0,0,0,0,0,11,3,0,0,1,0,0,0,0,0,-1,0,0,0,0,0,0,0,0,1
46,2,1,0,0,0,0,0,0,0,0,1,23,3,0,0,0,0,0,0,0,0,-1,0,0,0,0,0,0,0,0,1
49,1,3,2,0,0,0,0,0,0,0,0,11,3,0,0,0,0,0,0,0,0,-1,0,0,0,0,0,0,0,0,1
243,3,3,0,0,0,0,0,0,0,0,1,23,3,0,0,0,5,0,0,1,0,0,0,0,0,0,0,0,0,0,1
22,1,0,0,0,0,0,0,0,0,0,0,22,3,0,0,0,0,0,0,0,0,-1,0,0,0,0,0,0,0,0,1
21,1,1,0,0,0,0,0,0,0,0,0,10,3,0,0,0,0,0,0,0,0,-1,0,0,0,0,0,0,0,0,1
43,1,3,1,0,0,0,0,0,0,0,0,12,3,0,0,1,0,0,0,0,0,-1,0,0,0,0,0,0,0,0,1
100,1,6,11,0,0,0,0,0,0,0,0,14,3,0,0,1,0,0,0,0,0,0,0,0,0,0,0,0,0,0,1
98,1,3,0,0,0,0,0,0,0,0,0,9,4,0,0,1,5,0,0,0,0,0,0,0,0,0,0,0,1,0,1
81,2,4,1,0,0,0,0,0,0,0,1,15,3,0,0,0,0,0,0,0,0,-1,0,0,0,0,0,0,0,0,1
26,2,1,0,0,0,0,0,0,0,0,1,22,3,0,0,0,0,0,0,0,0,-1,0,0,0,0,0,0,0,0,1
20,1,0,0,0,0,0,0,0,0,0,0,20,3,0,0,0,0,0,0,0,0,-1,0,0,0,0,0,0,0,0,1
40,2,2,2,0,0,0,0,0,0,0,0,11,3,0,0,0,0,0,0,0,0,-1,0,0,0,0,0,0,0,0,1
65,1,5,5,0,0,0,0,0,0,0,0,13,3,0,0,1,0,0,0,0,0,-1,0,0,0,0,0,0,0,0,1
83,1,5,6,1,0,0,0,0,0,0,0,9,3,0,1,0,1,0,0,1,0,0,0,0,0,0,0,0,0,0,1
31,2,1,0,0,0,0,0,0,0,0,0,18,3,0,0,0,0,0,0,0,0,-1,0,0,0,0,0,0,0,0,1
28,2,3,0,0,0,0,0,0,0,0,1,9,2,0,0,0,0,0,0,0,0,-1,0,0,0,0,0,0,0,0,1
31,1,1,0,0,0,0,0,0,0,0,0,11,3,0,0,0,1,0,0,1,0,-1,0,0,0,0,0,0,0,0,1
32,1,4,0,0,0,0,0,0,0,0,0,12,3,0,0,0,0,0,0,0,0,-1,0,0,0,0,0,0,0,0,1
79,3,3,0,0,0,0,0,0,0,0,1,15,2,0,0,0,5,0,0,1,0,0,0,0,0,0,0,0,0,0,1
83,2,2,0,0,0,0,0,0,0,0,0,11,3,0,0,0,1,0,0,1,0,-1,0,0,0,0,0,0,0,0,1
163,2,1,1,0,0,0,0,0,0,0,1,18,3,0,0,1,5,0,0,1,0,-1,0,0,0,0,0,0,0,0,1
61,2,4,0,0,0,0,0,0,0,0,1,22,3,0,0,0,0,0,0,0,0,0,0,0,0,0,0,0,0,0,1
85,1,4,9,0,0,0,0,0,0,0,0,10,3,0,0,1,0,0,0,0,0,0,0,0,0,0,0,0,0,0,1
51,2,2,1,0,0,0,0,0,0,0,0,20,3,0,0,0,1,0,0,1,0,-1,0,0,0,0,0,0,0,0,1
80,4,3,0,0,0,0,0,0,0,0,2,14,2,0,0,0,5,0,0,1,0,0,0,0,0,0,0,0,0,0,1
86,2,7,2,1,0,0,0,0,0,0,0,13,2,0,1,0,0,0,0,0,0,0,0,0,0,0,0,0,0,0,1
31,1,1,0,0,0,0,0,0,0,0,0,11,3,0,0,0,1,0,0,1,0,-1,0,0,0,0,0,0,0,0,1
40,2,4,0,0,0,0,0,0,0,0,0,13,3,0,0,0,0,0,0,0,0,0,0,0,0,0,0,0,0,0,1
99,3,3,0,0,0,0,0,0,0,0,0,21,3,0,0,0,5,0,0,1,0,0,0,0,0,0,0,0,0,0,1
58,1,5,1,0,0,0,0,0,0,0,0,8,3,0,0,0,1,0,0,1,0,-1,0,0,0,0,0,0,0,0,1
100,1,1,0,0,0,0,0,0,0,0,0,10,3,0,0,1,5,0,0,1,0,-1,0,0,0,0,0,0,1,0,1
47,2,2,0,0,0,0,0,0,0,0,0,18,3,0,0,0,3,0,0,1,0,-1,0,0,0,0,0,0,0,0,1
63,2,1,0,0,0,0,0,0,0,0,0,15,3,0,0,0,2,0,0,1,0,-1,0,0,0,0,0,0,1,0,1
108,3,3,3,0,0,0,0,0,0,0,1,25,2,0,0,0,5,0,0,1,0,0,0,0,0,0,0,0,0,0,1
126,1,6,13,0,0,0,0,0,0,0,0,10,3,0,0,1,0,0,0,0,0,0,0,0,0,0,0,0,0,0,1
87,1,12,0,0,0,0,0,0,0,0,0,15,3,0,0,0,0,0,0,0,0,0,0,0,0,0,1,0,0,0,1
14,1,0,1,0,0,0,0,0,0,0,0,14,3,0,0,0,0,0,0,0,0,-1,0,0,0,0,0,0,0,0,1
27,2,2,0,0,0,0,0,0,0,0,0,8,3,0,0,0,0,0,0,0,0,-1,0,0,0,0,0,0,0,0,1
24,2,3,0,0,0,0,0,0,0,0,0,11,3,0,0,1,0,0,0,0,0,0,0,0,0,0,0,0,0,0,1
59,1,3,2,0,0,0,0,0,0,0,0,13,3,0,0,0,0,0,0,0,0,-1,0,0,0,0,0,0,0,0,1
31,3,3,0,0,0,0,0,0,0,0,1,13,2,0,0,0,0,0,0,0,0,0,0,0,0,0,0,0,0,0,1
19,1,1,0,0,0,0,0,0,0,0,0,7,3,0,0,0,0,0,0,0,0,-1,0,0,0,0,0,0,0,0,1
55,1,3,4,0,0,0,0,0,0,0,0,10,3,0,0,1,0,0,0,0,0,-1,0,0,0,0,0,0,0,0,1
87,1,12,0,0,0,0,0,0,0,0,0,15,3,0,0,1,0,0,0,0,0,0,0,0,0,0,1,0,0,0,1
51,2,2,1,0,0,0,0,0,0,0,0,20,3,0,0,0,1,0,0,1,0,-1,0,0,0,0,0,0,0,0,1
62,1,5,4,0,0,0,0,0,0,0,0,19,3,0,0,1,0,0,0,0,0,-1,0,0,0,0,0,0,0,0,1
22,1,0,0,0,0,0,0,0,0,0,0,22,3,0,0,0,0,0,0,0,0,-1,0,0,0,0,0,0,0,0,1
48,3,5,0,0,0,0,0,0,0,0,1,17,3,0,0,1,0,0,0,0,0,0,0,0,0,0,0,0,0,0,1
87,1,7,0,0,0,0,0,0,0,0,0,15,2,0,0,1,0,0,0,0,0,0,0,0,0,0,0,0,0,0,1
43,1,1,3,0,0,0,0,0,0,0,0,13,3,0,0,0,0,0,0,0,0,-1,0,0,0,0,0,0,0,0,1
37,2,2,0,0,0,0,0,0,0,0,1,16,3,0,0,0,0,0,0,0,0,-1,0,0,0,0,0,0,0,0,1
76,1,5,0,0,0,0,0,0,0,0,0,17,3,0,0,0,4,0,0,0,0,-1,0,0,0,0,0,0,1,0,1
81,2,2,0,0,0,0,0,0,0,0,0,8,3,0,0,0,1,0,0,1,0,-1,0,0,0,0,0,0,0,0,1
66,3,5,0,0,0,0,0,0,0,0,1,13,3,0,0,0,3,0,0,1,0,0,0,1,0,0,0,0,0,0,1
32,2,3,0,0,0,0,0,0,0,0,0,10,3,0,0,0,0,0,0,0,0,-1,0,0,0,0,0,0,0,0,1
13,1,0,0,0,0,0,0,0,0,0,0,13,3,0,0,0,0,0,0,0,0,-1,0,0,0,0,0,0,0,0,1
66,1,4,5,0,0,0,0,0,0,0,0,11,3,0,0,1,0,0,0,0,0,-1,0,0,0,0,0,0,0,0,1
105,1,7,9,0,0,0,0,0,0,0,0,15,3,0,0,1,1,0,0,1,0,0,0,0,0,0,0,0,0,0,1
138,3,3,1,0,0,0,0,0,0,0,1,16,2,0,0,0,5,0,0,1,0,0,0,0,0,0,0,0,0,0,1
34,2,3,0,0,0,0,0,0,0,0,1,16,2,0,0,0,0,0,0,0,0,-1,0,0,0,0,0,0,0,0,1
37,2,1,0,0,0,0,0,0,0,0,1,15,3,0,0,1,0,0,0,0,0,-1,0,0,0,0,0,0,0,0,1
38,1,2,0,0,0,0,0,0,0,0,0,13,6,0,0,0,0,0,0,0,0,-1,0,0,0,0,0,0,0,0,1
66,2,1,6,0,0,0,0,0,0,0,0,19,3,0,0,0,0,0,0,0,0,-1,0,0,0,0,0,0,0,0,1
41,2,2,1,0,0,0,0,0,0,0,1,19,3,0,0,0,0,0,0,0,0,-1,0,0,0,0,0,0,0,0,1
64,2,2,2,0,0,0,0,0,0,0,0,19,3,0,0,0,0,0,0,0,0,-1,0,0,0,0,0,0,0,0,1
68,2,5,4,0,0,0,0,0,0,0,0,12,2,0,0,0,0,0,0,0,0,0,0,0,0,0,0,0,0,0,1
18,1,0,0,0,0,0,0,0,0,0,0,18,3,0,0,0,0,0,0,0,0,-1,0,0,0,0,0,0,0,0,1
20,1,0,0,0,0,0,0,0,0,0,0,20,4,0,0,0,0,0,0,0,0,-1,0,0,0,0,0,0,0,0,1
142,2,4,18,0,0,0,0,0,0,0,1,13,2,0,0,1,0,0,0,0,0,-1,0,0,0,0,0,0,0,0,1
65,2,1,5,0,0,0,0,0,0,0,0,15,3,0,0,0,0,0,0,0,0,-1,0,0,0,0,0,0,0,0,1
301,1,8,6,0,0,0,0,0,0,0,0,13,3,0,0,1,5,0,0,0,0,0,0,0,0,0,1,0,1,0,1
30,2,0,0,0,0,0,0,0,0,0,1,30,3,0,0,0,0,0,0,0,0,-1,0,0,0,0,0,0,0,0,1
50,1,6,0,0,0,0,0,0,0,0,0,15,3,0,0,0,0,0,0,0,0,0,0,0,0,0,0,0,0,0,1
195,1,5,6,0,0,0,0,0,0,0,0,9,3,0,0,0,5,0,0,0,0,0,0,0,0,0,0,0,1,0,1
63,1,3,4,0,0,0,0,0,0,0,0,18,3,0,0,1,0,0,0,0,0,-1,0,0,0,0,0,0,0,0,1
24,1,2,0,0,0,0,0,0,0,0,0,8,3,0,0,1,0,0,0,0,0,-1,0,0,0,0,0,0,0,0,1
45,2,2,2,0,0,0,0,0,0,0,0,10,3,0,0,0,0,0,0,0,0,-1,0,0,0,0,0,0,0,0,1
283,4,3,1,0,0,1,0,0,1,0,2,31,2,0,0,1,5,0,0,3,0,0,0,0,0,0,0,0,0,0,1
37,1,3,1,0,0,0,0,0,0,0,0,13,3,0,0,0,0,0,0,0,0,-1,0,0,0,0,0,0,0,0,1
75,3,3,0,0,0,0,0,0,0,0,1,15,3,0,0,0,5,0,0,1,0,0,0,0,0,0,0,0,0,0,1
44,1,3,1,0,0,0,0,0,0,0,0,12,3,0,0,1,0,0,0,0,0,-1,0,0,0,0,0,0,0,0,1
240,4,3,0,0,0,0,0,0,0,0,2,16,2,0,0,0,5,0,0,1,0,0,0,0,0,0,0,0,0,0,1
28,1,1,1,0,0,0,0,0,0,0,0,11,3,0,0,0,0,0,0,0,0,-1,0,0,0,0,0,0,0,0,1
88,1,4,6,0,0,0,0,0,0,0,0,19,3,0,0,1,0,0,0,0,0,-1,0,0,0,0,0,0,0,0,1
16,2,0,0,0,0,0,0,0,0,0,1,16,2,0,0,0,0,0,0,0,0,-1,0,0,0,0,0,0,0,0,1
82,3,5,7,0,0,0,0,0,0,0,1,19,3,0,0,1,0,0,0,0,0,-1,0,0,0,0,0,0,0,0,1
26,2,0,0,0,0,0,0,0,0,0,1,26,3,0,0,0,0,0,0,0,0,-1,0,0,0,0,0,0,0,0,1
87,1,12,0,0,0,0,0,0,0,0,0,15,3,0,0,1,0,0,0,0,0,0,0,0,0,0,1,0,0,0,1
131,2,5,0,0,0,0,0,0,0,0,1,13,2,0,0,1,0,0,0,0,0,0,0,0,0,0,0,0,0,0,1
97,3,8,0,0,0,0,0,0,0,0,1,25,3,0,0,1,0,0,0,0,0,-1,0,0,0,0,1,0,0,0,1
46,1,3,1,0,0,0,0,0,0,0,0,16,3,0,0,1,0,0,0,0,0,-1,0,0,0,0,0,0,0,0,1
24,1,0,0,0,0,0,0,0,0,0,0,24,3,0,0,0,0,0,0,0,0,-1,0,0,0,0,0,0,0,0,1
39,2,1,0,0,0,0,0,0,0,0,0,17,3,0,0,1,1,0,0,1,0,-1,0,0,0,0,0,0,0,0,1
26,1,1,0,0,0,0,0,0,0,0,0,10,3,0,0,0,0,0,0,0,0,-1,0,0,0,0,0,0,0,0,1
13,1,0,0,0,0,0,0,0,0,0,0,13,3,0,0,0,0,0,0,0,0,-1,0,0,0,0,0,0,0,0,1
43,1,2,2,0,0,0,0,0,0,0,0,14,3,0,0,0,0,0,0,0,0,-1,0,0,0,0,0,0,0,0,1
44,3,4,0,0,0,0,0,0,0,0,1,12,3,0,0,0,0,0,0,0,0,-1,0,0,0,0,0,0,0,0,1
17,1,0,0,0,0,0,0,0,0,0,0,17,3,0,0,0,0,0,0,0,0,-1,0,0,0,0,0,0,0,0,1
38,1,2,2,0,0,0,0,0,0,0,0,8,3,0,0,0,0,0,0,0,0,-1,0,0,0,0,0,0,0,0,1
69,2,5,0,0,0,0,0,0,0,0,1,14,3,0,0,1,1,0,0,1,0,0,0,0,0,0,0,0,0,0,1
21,1,1,0,0,0,0,0,0,0,0,0,11,3,0,0,0,0,0,0,0,0,-1,0,0,0,0,0,0,0,0,1
87,1,4,9,0,0,0,0,0,0,0,0,12,3,0,0,1,0,0,0,0,0,-1,0,0,0,0,0,0,0,0,1
28,2,2,0,0,0,0,0,0,0,0,1,16,3,0,0,0,0,0,0,0,0,-1,0,0,0,0,0,0,0,0,1
103,1,6,12,0,0,0,0,0,0,0,0,14,3,0,0,1,0,0,0,0,0,0,0,0,0,0,0,0,0,0,1
47,1,2,4,0,0,0,0,0,0,0,0,15,3,0,0,0,0,0,0,0,0,-1,0,0,0,0,0,0,0,0,1
45,3,5,0,0,0,0,0,0,0,0,2,15,2,0,0,0,0,0,0,0,0,0,0,0,0,0,0,0,0,0,1
36,1,3,0,0,0,0,0,0,0,0,0,10,3,0,0,0,0,0,0,0,0,-1,0,0,0,0,0,0,0,0,1
41,1,1,0,0,0,0,0,0,0,0,0,12,3,0,0,0,3,0,0,1,0,-1,0,0,0,0,0,0,0,0,1
31,1,1,0,0,0,0,0,0,0,0,0,11,3,0,0,0,1,0,0,1,0,-1,0,0,0,0,0,0,0,0,1
95,1,2,14,0,0,0,0,0,0,0,0,9,3,0,0,1,0,0,0,0,0,-1,0,0,0,0,0,0,0,0,1
17,1,0,0,0,0,0,0,0,0,0,0,17,3,0,0,0,0,0,0,0,0,-1,0,0,0,0,0,0,0,0,1
59,3,5,2,0,0,0,0,0,0,0,1,23,2,0,0,1,0,0,0,0,0,-1,0,0,0,0,0,0,0,0,1
40,2,2,0,0,0,0,0,0,0,0,0,17,3,0,0,0,1,0,0,1,0,-1,0,0,0,0,0,0,0,0,1
80,3,6,0,0,0,0,0,0,0,0,1,14,3,0,0,1,1,0,0,1,0,0,0,0,0,0,0,0,0,0,1
85,2,6,9,0,0,0,0,0,0,0,1,11,2,0,0,1,0,0,0,0,0,0,0,0,0,0,0,0,0,0,1
23,1,0,0,0,0,0,0,0,0,0,0,23,3,0,0,0,0,0,0,0,0,-1,0,0,0,0,0,0,0,0,1
46,2,5,2,0,0,0,0,0,0,0,1,15,3,0,0,0,0,0,0,0,0,-1,0,0,0,0,0,0,0,0,1
14,1,0,0,0,0,0,0,0,0,0,0,14,3,0,0,0,0,0,0,0,0,-1,0,0,0,0,0,0,0,0,1
21,2,1,0,0,0,0,0,0,0,0,1,15,3,0,0,0,0,0,0,0,0,-1,0,0,0,0,0,0,0,0,1
18,1,0,3,0,0,0,0,0,0,0,0,18,3,0,0,0,0,0,0,0,0,-1,0,0,0,1,0,0,0,0,1
60,1,2,3,0,0,0,0,0,0,0,0,17,3,0,0,0,0,0,0,0,0,-1,0,0,0,0,0,0,0,0,1
57,1,2,6,0,0,0,0,0,0,0,0,12,3,0,0,1,0,0,0,0,0,-1,0,0,0,0,0,0,0,0,1
43,2,3,1,0,0,0,0,0,0,0,1,19,3,0,0,0,0,0,0,0,0,0,0,0,0,0,0,0,0,0,1
37,3,3,0,0,0,0,0,0,0,0,1,13,3,0,0,1,1,0,0,1,0,0,0,0,0,0,0,0,0,0,1
66,2,4,2,0,0,0,0,0,0,0,0,17,3,0,0,0,0,0,0,0,0,0,0,0,0,0,0,0,0,0,1
56,4,5,0,0,0,0,0,0,0,0,0,10,2,0,0,0,0,0,0,0,0,0,0,0,0,0,0,0,0,0,1
40,2,3,1,0,0,0,0,0,0,0,0,20,3,0,0,1,0,0,0,0,0,-1,0,0,0,0,0,0,0,0,1
69,2,3,5,0,0,0,0,0,0,0,0,12,3,0,0,1,0,0,0,0,0,-1,0,0,0,0,0,0,0,0,1
42,3,3,0,0,0,0,0,0,0,0,1,20,2,0,0,0,0,0,0,0,0,0,0,0,0,0,0,0,0,0,1
37,1,3,1,0,0,0,0,0,0,0,0,19,3,0,0,0,0,0,0,0,0,0,0,0,0,0,0,0,0,0,1
32,3,1,0,0,0,0,0,0,0,0,2,23,3,0,0,0,0,0,0,0,0,-1,0,0,0,0,0,0,0,0,1
15,1,0,0,0,0,0,0,0,0,0,0,15,3,0,0,0,0,0,0,0,0,-1,0,0,0,0,0,0,0,0,1
80,2,7,4,0,0,0,0,0,0,0,1,16,2,0,0,0,0,0,0,0,0,0,0,0,0,0,0,0,0,0,1
34,1,3,0,0,0,0,0,0,0,0,0,11,3,0,0,1,0,0,0,0,0,-1,0,0,0,0,0,0,0,0,1
143,1,6,18,1,0,0,0,0,0,0,0,11,3,0,1,1,0,0,0,0,0,0,0,0,0,0,0,0,0,0,1
123,3,3,2,0,0,0,0,0,0,0,1,17,2,0,0,0,5,0,0,1,0,0,0,0,0,0,0,0,0,0,1
29,1,2,0,0,0,0,0,0,0,0,0,15,3,0,0,0,0,0,0,0,0,-1,0,0,0,0,0,0,0,0,1
53,2,2,2,0,0,0,0,0,0,0,0,19,3,0,0,1,1,0,0,1,0,-1,0,0,0,0,0,0,0,0,1
55,1,3,4,0,0,0,0,0,0,0,0,10,3,0,0,0,0,0,0,0,0,-1,0,0,0,0,0,0,0,0,1
111,2,9,4,0,0,0,0,0,0,0,0,10,2,0,0,1,0,0,0,0,0,0,0,0,0,0,1,0,0,0,1
64,1,3,5,0,0,0,0,0,0,0,0,18,3,0,0,1,0,0,0,0,0,-1,0,0,0,0,0,0,0,0,1
49,2,4,2,0,0,0,0,0,0,0,1,15,2,0,0,1,0,0,0,0,0,-1,0,0,0,0,0,0,0,0,1
50,2,4,0,0,0,0,0,0,0,0,1,13,2,0,0,0,3,0,0,1,0,0,0,0,0,0,0,0,0,0,1
44,3,1,0,0,0,0,0,0,0,0,0,9,3,0,0,1,0,0,0,0,0,-1,0,0,0,0,0,0,0,0,1
39,3,4,0,0,0,0,0,0,0,0,1,15,3,0,0,0,0,0,0,0,0,-1,0,0,0,0,0,0,0,0,1
26,2,0,0,0,0,0,0,0,0,0,1,26,3,0,0,0,0,0,0,0,0,-1,0,0,0,0,0,0,0,0,1
21,3,0,0,0,0,0,0,0,0,0,2,21,3,0,0,0,0,0,0,0,0,-1,0,0,0,0,0,0,0,0,1
42,2,2,1,0,0,0,0,0,0,0,1,20,3,0,0,0,0,0,0,0,0,-1,0,0,0,0,0,0,0,0,1
34,2,1,0,0,0,0,0,0,0,0,0,21,3,0,0,0,0,0,0,0,0,-1,0,0,0,0,0,0,0,0,1
23,1,1,0,0,0,0,0,0,0,0,0,10,3,0,0,0,0,0,0,0,0,-1,0,0,0,0,0,0,0,0,1
26,1,0,2,0,0,0,0,0,0,1,0,26,3,0,0,0,0,0,0,0,0,-1,0,0,0,0,0,0,0,0,1
32,2,2,0,0,0,0,0,0,0,0,1,16,3,0,0,0,0,0,0,0,0,-1,0,0,0,0,0,0,0,0,1
77,3,5,4,0,0,0,0,0,0,0,1,16,2,0,0,0,0,0,0,0,0,0,0,0,0,0,0,0,0,0,1
53,1,1,5,0,0,0,0,0,0,0,0,13,3,0,0,1,0,0,0,0,0,-1,0,0,0,0,0,0,0,0,1
35,1,1,0,0,0,0,0,0,0,0,0,12,3,0,0,0,1,0,0,1,0,-1,0,0,0,0,0,0,0,0,1
46,2,4,0,0,0,0,0,0,0,0,0,12,3,0,0,1,1,0,0,1,0,-1,0,0,0,0,0,0,0,0,1
78,3,2,0,0,0,0,0,0,0,0,0,21,3,0,0,1,3,0,0,1,0,-1,0,0,0,0,0,0,0,0,1
61,3,2,0,0,0,0,0,0,0,0,2,20,3,0,0,1,1,0,0,1,0,-1,0,0,0,0,0,0,0,0,1
60,3,4,0,0,0,0,0,0,0,0,1,23,3,0,0,1,0,0,0,0,0,-1,0,0,0,0,0,0,0,0,1
41,3,2,0,0,0,0,0,0,0,0,2,24,2,0,0,0,1,0,0,1,0,-1,0,0,0,0,0,0,0,0,1
36,3,3,0,0,0,0,0,0,0,0,1,16,2,0,0,0,0,0,0,0,0,0,0,0,0,0,0,0,0,0,1
32,1,1,2,0,0,0,0,0,0,0,0,13,3,0,0,1,0,0,0,0,0,-1,0,0,0,0,0,0,0,0,1
92,1,6,8,0,0,0,0,0,0,0,0,12,3,0,0,0,0,0,0,0,0,0,0,0,0,0,0,0,0,0,1
63,1,5,5,0,0,0,0,0,0,0,0,13,3,0,0,1,0,0,0,0,0,-1,0,0,0,0,0,0,0,0,1
100,1,4,9,0,0,0,0,0,0,0,0,13,3,0,0,1,0,0,0,0,0,-1,0,0,0,0,0,0,0,0,1
150,3,3,0,0,0,0,0,0,0,0,1,17,2,0,0,0,5,0,0,1,0,0,0,0,0,0,0,0,0,0,1
56,3,5,1,0,0,0,0,0,0,0,0,12,2,0,0,0,0,0,0,0,0,0,0,0,0,0,0,0,0,0,1
165,4,3,6,0,0,0,0,0,0,0,2,24,2,0,0,0,5,0,0,1,0,0,0,0,0,0,0,0,0,0,1
14,1,0,0,0,0,0,0,0,0,0,0,14,4,0,0,0,0,0,0,0,0,-1,0,0,0,0,0,0,0,0,1
80,1,3,0,0,0,0,0,0,0,0,0,9,4,0,0,1,5,0,0,0,0,0,0,0,0,0,0,0,1,0,1
183,4,2,1,0,0,0,0,0,0,0,1,36,3,0,0,1,5,0,0,1,1,-1,0,0,0,0,0,0,0,0,1
48,2,4,1,0,0,0,0,0,0,0,0,15,3,0,0,1,0,0,0,0,0,-1,0,0,0,0,0,0,0,0,1
44,2,2,0,0,0,0,0,0,0,0,0,10,3,0,0,0,1,0,0,1,0,-1,0,0,0,0,0,0,0,0,1
32,1,1,0,0,0,0,0,0,0,0,0,15,3,0,0,0,0,0,0,0,0,-1,0,0,0,0,0,0,0,0,1
56,2,2,2,0,0,0,0,0,0,0,0,8,2,0,0,1,0,0,0,0,0,-1,0,0,0,0,0,0,0,0,1
46,2,2,3,0,0,0,0,0,0,0,0,13,3,0,0,0,0,0,0,0,0,-1,0,0,0,0,0,0,0,0,1
118,2,4,16,0,0,0,0,0,0,0,0,9,2,0,0,1,0,0,0,0,0,0,0,0,0,0,0,0,0,0,1
52,2,4,3,0,0,0,0,0,0,0,1,21,2,0,0,0,0,0,0,0,0,0,0,0,0,0,0,0,0,0,1
26,1,2,1,0,0,0,0,0,0,0,0,6,3,0,0,0,0,0,0,0,0,-1,0,0,0,0,0,0,0,0,1
46,2,5,1,0,0,0,0,0,0,0,1,15,3,0,0,0,0,0,0,0,0,-1,0,0,0,0,0,0,0,0,1
96,2,5,1,0,0,0,0,0,0,0,1,9,2,0,0,0,5,0,0,1,0,0,0,0,0,0,0,0,1,0,1
27,2,1,0,0,0,0,0,0,0,0,0,14,3,0,0,0,0,0,0,0,0,-1,0,0,0,0,0,0,0,0,1
23,1,1,1,0,0,0,0,0,0,0,0,10,3,0,0,0,0,0,0,0,0,-1,0,0,0,0,0,0,0,0,1
53,2,4,0,0,0,0,0,0,0,0,1,22,3,0,0,0,0,0,0,0,0,0,0,0,0,0,0,0,0,0,1
27,2,0,0,0,0,0,0,0,0,0,1,27,2,0,0,0,0,0,0,0,0,-1,0,0,0,0,0,0,0,0,1
20,2,0,0,0,0,0,0,0,0,0,1,20,2,0,0,0,0,0,0,0,0,-1,0,0,0,0,0,0,0,0,1
85,3,3,1,0,0,0,0,0,0,0,1,29,2,0,0,0,5,0,0,1,0,0,0,0,0,0,0,0,0,0,1
48,1,3,0,0,0,0,0,0,0,0,0,11,3,0,0,0,0,0,0,0,0,-1,0,0,0,0,0,0,0,0,1
34,1,2,1,0,0,0,0,0,0,0,0,10,3,0,0,0,0,0,0,0,0,-1,0,0,0,0,0,0,0,0,1
43,2,4,1,0,0,0,0,0,0,0,0,12,2,0,0,0,0,0,0,0,0,0,0,0,0,0,0,0,0,0,1
96,3,4,14,0,0,0,0,0,0,0,1,15,2,0,0,1,0,0,0,0,0,0,0,0,0,0,0,0,0,0,1
50,1,2,3,0,0,0,0,0,0,0,0,8,3,0,0,0,0,0,0,0,0,-1,0,0,0,0,0,0,0,0,1
38,2,1,0,0,0,0,0,0,0,0,0,14,3,0,0,1,0,0,0,0,0,-1,0,0,0,0,0,0,0,0,1
29,3,3,0,0,0,0,0,0,0,0,1,11,2,0,0,0,0,0,0,0,0,0,0,0,0,0,0,0,0,0,1
13,1,0,0,0,0,0,0,0,0,0,0,13,3,0,0,0,0,0,0,0,0,-1,0,0,0,0,0,0,0,0,1
13,1,0,0,0,0,0,0,0,0,0,0,13,2,0,0,1,0,0,0,0,0,-1,0,0,0,0,0,0,0,0,1
63,1,2,5,0,0,0,0,0,0,0,0,16,3,0,0,1,0,0,0,0,0,-1,0,0,0,0,0,0,0,0,1
41,3,3,0,0,0,0,0,0,0,0,1,12,2,0,0,0,0,0,0,0,0,-1,0,0,0,0,0,0,0,0,1
36,1,4,0,0,0,0,0,0,0,0,0,12,3,0,0,0,0,0,0,0,0,-1,0,0,0,0,0,0,0,0,1
69,4,4,4,0,0,0,0,0,0,0,2,17,2,0,0,0,0,0,0,0,0,0,0,0,0,0,0,0,0,0,1
65,1,4,3,0,0,0,0,0,0,0,0,13,3,0,0,1,0,0,0,0,0,-1,0,0,0,0,0,0,0,0,1
27,1,1,0,0,0,0,0,0,0,0,0,15,3,0,0,0,0,0,0,0,0,-1,0,0,0,0,0,0,0,0,1
269,3,3,0,0,0,0,0,0,0,0,1,29,2,0,0,0,5,0,0,1,0,0,0,0,0,0,0,0,0,0,1
85,3,5,14,0,0,0,0,0,0,0,1,17,2,0,0,1,0,0,0,0,0,0,0,0,0,0,0,0,0,0,1
20,1,0,0,0,0,0,0,0,0,0,0,20,3,0,0,0,0,0,0,0,0,-1,0,0,0,0,0,0,0,0,1
50,3,6,0,0,0,0,0,0,1,0,2,16,2,0,0,0,0,0,0,0,0,0,0,0,0,0,0,0,0,0,1
122,6,1,1,0,0,0,0,0,0,0,1,32,3,0,0,1,0,0,0,0,0,-1,0,0,0,0,0,0,0,0,1
34,1,1,1,0,0,0,0,0,0,0,0,22,3,0,0,0,0,0,0,0,0,-1,0,0,0,0,0,0,0,0,1
120,5,8,0,0,0,1,0,0,1,0,1,18,3,0,1,0,5,0,0,2,0,1,0,0,0,0,1,0,0,1,1
34,2,0,1,0,0,0,0,0,0,0,1,34,3,0,0,0,0,0,0,0,0,-1,0,0,0,0,0,0,0,0,1
13,1,0,0,0,0,0,0,0,0,0,0,13,2,0,0,0,0,0,0,0,0,-1,0,0,0,0,0,0,0,0,1
33,2,0,0,0,0,0,0,0,0,0,1,33,3,0,0,0,0,0,0,0,0,-1,0,0,0,0,0,0,0,0,1
40,2,3,0,0,0,0,0,0,0,0,1,18,3,0,0,0,2,0,0,0,0,-1,0,0,0,0,0,0,1,0,1
63,3,5,5,0,0,0,0,0,0,0,1,19,2,0,0,0,0,0,0,0,0,0,0,0,0,0,0,0,0,0,1
40,2,4,0,0,0,0,0,0,0,0,0,13,3,0,0,0,0,0,0,0,0,0,0,0,0,0,0,0,0,0,1
146,4,3,2,0,0,0,0,0,0,0,2,20,3,0,0,1,5,0,0,1,0,-1,0,0,0,0,0,0,1,0,1
88,3,3,1,0,0,0,0,0,0,0,1,20,2,0,0,0,5,0,0,1,0,0,0,0,0,0,0,0,0,0,1
73,4,7,0,0,0,0,0,0,0,0,1,21,2,0,0,0,0,0,0,0,0,0,0,1,0,0,0,0,0,0,1
86,2,3,11,0,0,0,0,0,0,0,0,17,3,0,0,0,0,0,0,0,0,0,0,0,0,0,0,0,0,0,1
102,3,3,0,0,0,0,0,0,0,0,1,20,3,0,0,0,5,0,0,1,0,0,0,0,0,0,0,0,0,0,1
40,3,4,0,0,0,1,0,0,0,0,1,12,4,0,0,0,1,0,0,0,0,0,0,0,0,0,0,0,0,0,1
68,1,5,5,0,0,0,0,0,0,0,0,14,3,0,0,1,0,0,0,0,0,-1,0,0,0,0,0,0,0,0,1
92,3,3,2,0,0,0,0,0,0,0,1,18,3,0,0,1,5,0,0,1,0,0,0,0,0,0,0,0,0,0,1
24,1,2,0,0,0,0,0,0,0,0,0,11,3,0,0,0,0,0,0,0,0,-1,0,0,0,0,0,0,0,0,1
98,1,1,1,0,0,0,0,0,0,0,0,13,3,0,0,1,3,0,0,1,0,-1,0,0,0,0,0,0,0,0,1
164,3,3,7,0,0,0,0,0,0,0,1,24,2,0,0,1,5,0,0,1,0,0,0,0,0,0,0,0,0,0,1
34,2,2,0,0,0,0,0,0,0,0,1,12,2,0,0,0,0,0,0,0,0,-1,0,0,0,0,0,0,0,0,1
76,3,5,3,0,0,0,0,0,0,0,1,17,2,0,0,0,0,0,0,0,0,0,0,0,0,0,0,0,0,0,1
50,4,3,0,0,0,0,0,0,0,0,2,32,2,0,0,0,0,0,0,0,0,0,0,0,0,0,0,0,0,0,1
30,2,2,0,0,0,0,0,0,0,0,1,15,2,0,0,0,0,0,0,0,0,-1,0,0,0,0,0,0,0,0,1
26,2,0,0,0,0,0,0,0,0,0,1,26,2,0,0,0,0,0,0,0,0,-1,0,0,0,0,0,0,0,0,1
38,1,2,2,0,0,0,0,0,0,0,0,12,3,0,0,1,0,0,0,0,0,-1,0,0,0,0,0,0,0,0,1
147,3,3,0,0,0,0,0,0,0,0,1,12,2,0,0,0,5,0,0,1,0,0,0,0,0,0,0,0,0,0,1
28,2,2,0,0,0,0,0,0,0,0,1,16,3,0,0,0,0,0,0,0,0,-1,0,0,0,0,0,0,0,0,1
20,1,0,0,0,0,0,0,0,0,0,0,20,3,0,0,0,0,0,0,0,0,-1,0,0,0,0,0,0,0,0,1
112,1,1,15,0,0,0,0,0,0,0,0,22,3,0,0,0,0,0,0,0,0,-1,0,0,0,0,0,0,0,0,1
26,1,1,0,0,0,0,0,0,0,0,0,16,3,0,0,0,0,0,0,0,0,-1,0,0,0,0,0,0,0,0,1
43,2,3,1,0,0,0,0,0,0,0,1,18,3,0,0,1,0,0,0,0,0,-1,0,0,0,0,0,0,0,0,1
101,3,3,1,0,0,0,0,0,0,0,1,38,2,0,0,0,5,0,0,1,0,0,0,0,0,0,0,0,0,0,1
32,2,2,0,0,0,0,0,0,0,0,0,17,3,0,0,0,0,0,0,0,0,-1,0,0,0,0,0,0,0,0,1
25,1,2,0,0,0,0,0,0,0,0,0,12,2,0,0,0,0,0,0,0,0,-1,0,0,0,0,0,0,0,0,1
20,1,0,1,0,0,0,0,0,0,0,0,20,3,0,0,0,0,0,0,0,0,-1,0,0,0,0,0,0,0,0,1
21,1,1,0,0,0,0,0,0,0,0,0,10,3,0,0,0,0,0,0,0,0,-1,0,0,0,0,0,0,0,0,1
53,2,4,0,0,0,0,0,0,0,0,0,14,3,0,0,0,0,0,0,0,0,-1,0,0,0,0,0,0,0,0,1
35,1,2,1,0,0,0,0,0,0,0,0,16,3,0,0,0,0,0,0,0,0,-1,0,0,0,0,0,0,0,0,1
67,1,3,4,0,0,0,0,0,0,0,0,10,3,0,0,1,0,0,0,0,0,-1,0,0,0,0,0,0,0,0,1
23,1,2,0,0,0,0,0,0,0,0,0,8,3,0,0,1,0,0,0,0,0,-1,0,0,0,0,0,0,0,0,1
52,2,2,0,0,0,0,0,0,0,0,1,16,3,0,0,1,0,0,0,0,0,-1,0,0,0,0,0,0,0,0,1
31,1,1,0,0,0,0,0,0,0,0,0,11,3,0,0,0,1,0,0,1,0,-1,0,0,0,0,0,0,0,0,1
20,2,0,0,0,0,0,0,0,0,0,1,20,2,0,0,0,0,0,0,0,0,-1,0,0,0,0,0,0,0,0,1
53,2,3,0,0,0,0,0,0,0,0,0,22,3,0,0,0,0,0,0,0,0,-1,0,0,0,0,0,0,0,0,1
92,3,5,0,0,0,0,0,0,0,0,1,15,2,0,0,0,5,0,0,1,0,-1,0,0,0,0,0,0,0,0,1
76,2,1,0,0,0,0,0,0,0,0,1,30,3,0,0,0,0,0,0,0,0,-1,0,0,0,0,0,0,0,0,1
42,2,1,0,0,0,0,0,0,0,0,0,16,3,0,0,0,0,0,0,0,0,-1,0,0,0,0,0,0,0,0,1
17,1,0,0,0,0,0,0,0,0,0,0,17,3,0,0,0,0,0,0,0,0,-1,0,0,0,0,0,0,0,0,1
35,1,1,0,0,0,0,0,0,0,0,0,14,3,0,0,1,0,0,0,0,0,-1,0,0,0,0,0,0,0,0,1
61,3,1,4,0,0,0,0,0,0,0,1,25,3,0,0,1,0,0,0,0,0,-1,0,0,0,0,0,0,0,0,1
17,2,0,0,0,0,0,0,0,0,0,1,17,2,0,0,0,0,0,0,0,0,-1,0,0,0,0,0,0,0,0,1
48,2,2,0,0,0,0,0,0,0,0,0,19,3,0,0,1,1,0,0,1,0,-1,0,0,0,0,0,0,0,0,1
138,10,0,1,0,0,1,0,0,1,0,5,138,4,0,0,0,0,0,0,0,0,-1,0,0,0,0,0,1,0,0,1
36,1,1,0,0,0,0,0,0,0,0,0,6,3,0,0,0,0,0,0,0,0,-1,0,0,0,0,0,0,0,0,1
68,1,5,3,0,0,0,0,0,0,0,0,26,2,0,0,0,0,0,0,0,0,0,0,0,0,0,0,0,0,0,1
210,3,5,11,0,0,1,0,0,0,1,1,12,3,0,0,1,3,0,0,1,0,0,0,0,0,0,0,0,0,0,1
51,1,2,0,0,0,0,0,0,0,0,0,21,3,0,0,0,0,0,0,0,0,-1,0,0,0,0,0,0,0,0,1
44,2,3,0,0,0,0,0,0,0,0,0,22,3,0,0,0,0,0,0,0,0,-1,0,0,0,0,0,0,0,0,1
21,1,0,1,0,0,0,0,0,0,0,0,21,3,0,0,0,0,0,0,0,0,-1,0,0,0,0,0,0,0,0,1
18,2,0,1,0,0,0,0,0,0,0,1,18,2,0,0,0,0,0,0,0,0,-1,0,0,0,0,0,0,0,0,1
30,2,2,0,0,0,0,0,0,0,0,1,16,3,0,0,0,0,0,0,0,0,-1,0,0,0,0,0,0,0,0,1
78,1,3,5,0,0,0,0,0,0,0,0,12,3,0,0,1,0,0,0,0,0,-1,0,0,0,0,0,0,0,0,1
94,3,3,1,0,0,0,0,0,0,0,1,29,2,0,0,0,5,0,0,1,0,0,0,0,0,0,0,0,0,0,1
37,1,3,2,0,0,0,0,0,0,0,0,6,3,0,0,0,0,0,0,0,0,-1,0,0,0,0,0,0,0,0,1
84,3,3,1,0,0,0,0,0,0,0,1,17,2,0,0,0,5,0,0,1,0,0,0,0,0,0,0,0,0,0,1
42,3,2,0,0,0,0,0,0,0,0,1,22,3,0,0,1,0,0,0,0,0,-1,0,0,0,0,0,0,0,0,1
76,3,5,4,0,0,0,0,0,0,0,1,32,3,0,0,0,0,0,0,0,0,0,0,0,0,0,0,0,0,0,1
118,1,3,14,0,0,0,0,0,0,0,0,8,3,0,0,1,0,0,0,0,0,-1,0,0,0,0,0,0,0,0,1
16,1,1,0,0,0,0,0,0,0,0,0,9,2,0,0,0,0,0,0,0,0,-1,0,0,0,0,0,0,0,0,1
61,1,3,2,0,0,0,0,0,0,0,0,12,3,0,0,1,0,0,0,0,0,-1,0,0,0,0,0,0,0,0,1
27,1,1,0,0,0,0,0,0,0,0,0,10,3,0,0,0,0,0,0,0,0,-1,0,0,0,0,0,0,0,0,1
17,1,1,0,0,0,0,0,0,0,0,0,11,3,0,0,1,0,0,0,0,0,-1,0,0,0,0,0,0,0,0,1
38,1,4,1,0,0,0,0,0,0,0,0,9,3,0,0,0,0,0,0,0,0,-1,0,0,0,0,0,0,0,0,1
53,2,2,1,0,0,0,0,0,0,0,0,8,3,0,0,1,0,0,0,0,0,-1,0,0,0,0,0,0,0,0,1
18,2,0,0,0,0,0,0,0,0,0,1,18,3,0,0,0,0,0,0,0,0,-1,0,0,0,0,0,0,0,0,1
48,1,3,0,0,0,0,0,0,0,0,0,14,3,0,0,0,0,0,0,0,0,-1,0,0,0,0,0,0,0,0,1
188,11,7,0,0,0,0,0,0,0,0,0,25,3,0,0,1,5,0,0,1,0,0,1,0,0,0,0,0,1,0,1
24,2,2,0,0,0,0,0,0,0,0,1,14,3,0,0,1,0,0,0,0,0,-1,0,0,0,0,0,0,0,0,1
45,1,3,3,0,0,0,0,0,0,0,0,9,3,0,0,0,0,0,0,0,0,-1,0,0,0,0,0,0,0,0,1
50,1,3,0,0,0,0,0,0,0,0,0,20,3,0,0,1,1,0,0,1,0,-1,0,0,0,0,0,0,0,0,1
87,3,3,0,0,0,0,0,0,0,0,1,21,2,0,0,0,5,0,0,1,0,0,0,0,0,0,0,0,0,0,1
35,2,2,0,0,0,0,0,0,0,0,1,16,3,0,0,0,0,0,0,0,0,-1,0,0,0,0,0,0,0,0,1
66,2,6,2,0,0,0,0,0,0,0,1,16,2,0,0,0,0,0,0,0,0,0,0,0,0,0,0,0,0,0,1
153,1,8,14,0,0,0,0,0,0,0,0,6,2,0,0,1,0,0,0,0,0,0,0,0,0,0,1,0,0,0,1
33,2,1,0,0,0,0,0,0,0,0,0,25,3,0,0,0,0,0,0,0,0,-1,0,0,0,0,0,0,0,0,1
233,3,3,8,0,0,0,0,0,0,0,1,18,2,0,0,0,5,0,0,1,0,0,0,0,0,0,0,0,0,0,1
112,5,8,0,0,0,1,0,0,0,0,1,16,3,0,1,0,4,0,0,1,0,1,0,0,0,0,1,0,0,1,1
123,2,3,7,0,0,0,0,0,0,0,0,9,2,0,0,0,5,0,0,1,0,0,0,0,0,0,0,0,0,0,1
32,2,2,0,0,0,0,0,0,0,0,0,15,3,0,0,0,0,0,0,0,0,-1,0,0,0,0,0,0,0,0,1
13,1,0,0,0,0,0,0,0,0,0,0,13,3,0,0,0,0,0,0,0,0,-1,0,0,0,0,0,0,0,0,1
80,1,3,0,0,0,0,0,0,0,0,0,9,4,0,0,1,5,0,0,0,0,0,0,0,0,0,0,0,1,0,1
61,3,2,0,0,0,0,0,0,0,0,2,20,3,0,0,1,1,0,0,1,0,-1,0,0,0,0,0,0,0,0,1
79,2,3,0,0,0,0,0,0,0,0,0,21,3,0,0,1,0,0,0,0,0,-1,0,0,0,0,0,0,0,0,1
15,1,0,0,0,0,0,0,0,0,0,0,15,3,0,0,0,0,0,0,0,0,-1,0,0,0,0,0,0,0,0,1
93,2,4,0,0,0,0,0,0,0,0,0,15,3,0,0,0,3,0,0,1,0,0,0,0,0,0,0,0,0,0,1
40,1,5,1,0,0,0,0,0,0,0,0,12,3,0,0,0,0,0,0,0,0,-1,0,0,0,0,0,0,0,0,1
143,3,5,15,0,0,0,0,0,0,0,1,14,2,0,0,0,0,0,0,0,0,0,0,0,0,0,0,0,0,0,1
92,3,3,2,0,0,0,0,0,0,0,1,18,3,0,0,1,5,0,0,1,0,0,0,0,0,0,0,0,0,0,1
115,3,6,0,0,0,0,0,0,0,0,1,14,3,0,0,1,5,0,0,0,0,-1,0,0,0,0,0,0,1,0,1
106,1,6,9,0,0,0,0,0,0,0,0,6,2,0,0,1,0,0,0,0,0,0,0,0,0,0,0,0,0,0,1
113,3,7,5,0,0,0,0,0,0,0,1,14,2,0,0,1,1,0,0,1,0,0,0,0,0,0,0,0,0,0,1
43,1,3,1,0,0,0,0,0,0,0,0,12,3,0,0,1,0,0,0,0,0,-1,0,0,0,0,0,0,0,0,1
48,2,2,0,0,0,0,0,0,0,0,0,12,3,0,0,1,0,0,0,0,0,-1,0,0,0,0,0,0,0,0,1
18,1,0,0,0,0,0,0,0,0,0,0,18,3,0,0,0,0,0,0,0,0,-1,0,0,0,0,0,0,0,0,1
54,4,2,0,0,0,0,0,0,0,0,1,24,3,0,0,0,0,0,0,0,0,-1,0,0,0,0,0,0,0,0,1
56,3,5,0,0,0,0,0,0,0,0,1,25,2,0,0,0,0,0,0,0,0,0,0,0,0,0,0,0,0,0,1
27,2,2,0,0,0,0,0,0,0,0,0,14,3,0,0,0,0,0,0,0,0,-1,0,0,0,0,0,0,0,0,1
104,1,6,9,0,0,0,0,0,0,0,0,10,3,0,0,1,0,0,0,0,0,-1,0,0,0,0,0,0,0,0,1
66,2,2,0,0,0,0,0,0,0,0,1,16,3,0,0,0,0,0,0,0,0,-1,0,0,0,0,0,0,0,0,1
134,4,3,2,0,0,0,0,0,0,0,2,22,2,0,0,0,5,0,0,1,0,0,0,0,0,0,0,0,0,0,1
112,3,5,0,0,0,0,0,0,0,0,1,24,2,0,0,0,5,0,0,1,0,0,0,0,0,0,0,0,0,0,1
22,2,0,0,0,0,0,0,0,0,0,1,22,3,0,0,0,0,0,0,0,0,-1,0,0,0,0,0,0,0,0,1
38,2,1,0,0,0,0,0,0,0,0,1,23,3,0,0,0,0,0,0,0,0,-1,0,0,0,0,0,0,0,0,1
67,2,3,0,0,0,0,0,0,0,0,0,14,3,0,0,0,1,0,0,0,0,-1,0,0,0,0,0,0,1,0,1
13,2,0,0,0,0,0,0,0,0,0,1,13,3,0,0,0,0,0,0,0,0,-1,0,0,0,0,0,0,0,0,1
38,2,3,0,0,0,0,0,0,0,0,0,8,3,0,0,0,0,0,0,0,0,-1,0,0,0,0,0,0,0,0,1
146,1,4,14,0,0,0,0,0,0,0,0,16,3,0,0,1,5,0,0,1,0,-1,0,0,0,0,0,0,1,0,1
46,3,3,0,0,0,0,0,0,0,0,1,23,2,0,0,0,0,0,0,0,0,0,0,0,0,0,0,0,0,0,1
42,2,2,0,0,0,0,0,0,0,0,0,14,3,0,0,0,0,0,0,0,0,-1,0,0,0,0,0,0,0,0,1
136,4,3,0,0,0,0,0,0,0,0,0,12,2,0,0,0,5,0,0,1,0,0,0,0,0,0,0,0,0,0,1
50,1,3,3,0,0,0,0,0,0,0,0,16,3,0,0,1,0,0,0,0,0,-1,0,0,0,0,0,0,0,0,1
62,2,3,0,0,0,0,0,0,0,0,0,17,3,0,0,0,0,0,0,0,0,-1,0,0,0,0,0,0,0,0,1
124,2,4,16,0,0,0,0,0,0,0,0,10,2,0,0,0,0,0,0,0,0,0,0,0,0,0,0,0,0,0,1
51,1,4,0,0,0,0,0,0,0,0,0,15,3,0,0,1,0,0,0,0,0,-1,0,0,0,0,0,0,0,0,1
67,2,2,0,0,0,0,0,0,0,0,1,16,3,0,0,1,0,0,0,0,0,-1,0,0,0,0,0,0,0,0,1
13,1,0,0,0,0,0,0,0,0,0,0,13,3,0,0,0,0,0,0,0,0,-1,0,0,0,0,0,0,0,0,1
13,1,0,0,0,0,0,0,0,0,0,0,13,2,0,0,0,0,0,0,0,0,-1,0,0,0,0,0,0,0,0,1
33,2,1,0,0,0,0,0,0,0,0,0,16,3,0,0,0,0,0,0,0,0,-1,0,0,0,0,0,0,0,0,1
77,3,3,0,0,0,0,0,0,0,0,1,12,4,0,0,0,5,0,0,1,0,0,0,0,0,0,0,0,0,0,1
20,1,2,0,0,0,0,0,0,0,0,0,11,3,0,0,0,0,0,0,0,0,-1,0,0,0,0,0,0,0,0,1
70,3,5,2,0,0,0,0,0,0,0,0,11,3,0,0,0,0,0,0,0,0,0,0,0,0,0,0,0,0,0,1
53,2,2,0,0,0,0,0,0,0,0,1,21,3,0,0,0,1,0,0,0,0,-1,0,0,0,0,0,0,1,0,1
15,1,0,0,0,0,0,0,0,0,0,0,15,3,0,0,0,0,0,0,0,0,-1,0,0,0,0,0,0,0,0,1
21,1,1,0,0,0,0,0,0,0,0,0,9,3,0,0,0,0,0,0,0,0,-1,0,0,0,0,0,0,0,0,1
21,2,0,0,0,0,0,0,0,0,0,1,21,3,0,0,0,0,0,0,0,0,-1,0,0,0,0,0,0,0,0,1
40,2,2,0,0,0,0,0,0,0,0,1,16,3,0,0,0,0,0,0,0,0,-1,0,0,0,0,0,0,0,0,1
33,3,1,0,0,0,0,0,0,0,0,1,22,3,0,0,0,0,0,0,0,0,-1,0,0,0,0,0,0,0,0,1
64,2,4,3,0,0,0,0,0,0,0,1,16,3,0,0,1,0,0,0,0,0,-1,0,0,0,0,0,0,0,0,1
78,2,2,8,0,0,0,0,0,0,0,0,17,3,0,0,1,0,0,0,0,0,-1,0,0,0,0,0,0,0,0,1
98,1,4,12,0,0,0,0,0,0,0,0,8,3,0,0,0,0,0,0,0,0,0,0,0,0,0,0,0,0,0,1
27,2,1,0,0,0,0,0,0,0,0,0,8,3,0,0,0,0,0,0,0,0,-1,0,0,0,0,0,0,0,0,1
64,3,4,2,0,0,0,0,0,0,0,1,28,2,0,0,0,0,0,0,0,0,0,0,0,0,0,0,0,0,0,1
103,2,4,13,0,0,0,0,0,0,0,0,9,2,0,0,1,0,0,0,0,0,0,0,0,0,0,0,0,0,0,1
51,1,4,0,0,0,0,0,0,0,0,0,21,3,0,0,0,0,0,0,0,0,-1,0,0,0,0,0,0,0,0,1
81,3,5,4,0,0,0,0,0,0,0,1,16,2,0,0,0,0,0,0,0,0,0,0,0,0,0,0,0,0,0,1
109,1,8,8,0,0,0,0,0,0,0,0,12,3,0,0,1,0,0,0,0,0,0,0,0,0,0,1,0,0,0,1
189,2,4,21,0,0,0,0,0,0,0,1,33,3,0,0,1,0,0,0,0,0,-1,0,0,0,0,0,0,0,0,1
197,10,3,3,0,0,0,1,0,0,0,5,71,3,0,0,0,1,0,0,0,0,0,0,0,0,0,0,1,0,0,1
36,2,3,0,0,0,0,0,0,0,0,0,18,3,0,0,0,0,0,0,0,0,0,0,0,0,0,0,0,0,0,1
98,3,3,1,0,0,0,0,0,0,0,1,21,2,0,0,0,5,0,0,1,0,0,0,0,0,0,0,0,0,0,1
88,1,6,5,0,0,0,0,0,0,0,0,10,3,0,0,1,0,0,0,0,0,0,0,0,0,0,0,0,0,0,1
17,1,0,0,0,0,0,0,0,0,0,0,17,3,0,0,0,0,0,0,0,0,-1,0,0,0,0,0,0,0,0,1
48,3,1,0,0,0,0,0,0,0,0,1,19,3,0,0,1,1,0,0,1,0,-1,0,0,0,0,0,0,0,0,1
53,2,3,3,0,0,0,0,0,0,0,0,13,3,0,0,0,0,0,0,0,0,-1,0,0,0,0,0,0,0,0,1
38,2,2,0,0,0,0,0,0,0,0,0,12,3,0,0,1,1,0,0,1,0,-1,0,0,0,0,0,0,0,0,1
27,1,1,0,0,0,0,0,0,0,0,0,10,3,0,0,0,0,0,0,0,0,-1,0,0,0,0,0,0,0,0,1
60,2,3,0,0,0,0,0,0,0,0,0,36,3,0,0,0,0,0,0,0,0,-1,0,0,0,0,0,0,0,0,1
35,2,1,0,0,0,0,0,0,0,0,0,16,3,0,0,0,0,0,0,0,0,-1,0,0,0,0,0,0,0,0,1
24,1,0,0,0,0,0,0,0,0,0,0,24,3,0,0,0,0,0,0,0,0,-1,0,0,0,0,0,0,0,0,1
23,1,1,0,0,0,0,0,0,0,0,0,12,3,0,0,0,0,0,0,0,0,-1,0,0,0,0,0,0,0,0,1
26,1,1,0,0,0,0,0,0,0,0,0,15,3,0,0,0,0,0,0,0,0,-1,0,0,0,0,0,0,0,0,1
49,2,1,4,0,0,0,0,0,0,0,1,18,2,0,0,0,0,0,0,0,0,-1,0,0,0,0,0,0,0,0,1
25,1,1,0,0,0,0,0,0,0,0,0,6,3,0,0,0,0,0,0,0,0,-1,0,0,0,0,0,0,0,0,1
65,1,3,4,0,0,0,0,0,0,0,0,10,3,0,0,1,0,0,0,0,0,-1,0,0,0,0,0,0,0,0,1
59,2,4,2,0,0,0,0,0,0,0,1,24,2,0,0,1,0,0,0,0,0,0,0,0,0,0,0,0,0,0,1
64,2,2,1,0,0,0,0,0,0,0,0,22,3,0,0,0,0,0,0,0,0,-1,0,0,0,0,0,0,0,0,1
36,2,2,0,0,0,0,0,0,0,0,1,16,3,0,0,0,0,0,0,0,0,-1,0,0,0,0,0,0,0,0,1
66,2,3,0,0,0,0,0,0,0,0,0,16,3,0,0,0,0,0,0,0,0,-1,0,0,0,0,0,0,0,0,1
39,1,2,2,0,0,0,0,0,0,0,0,13,3,0,0,0,0,0,0,0,0,-1,0,0,0,0,0,0,0,0,1
150,4,3,0,0,0,0,0,0,0,0,0,17,3,0,0,1,5,0,0,1,0,0,0,0,0,0,0,0,0,0,1
55,3,1,0,0,0,0,0,0,0,0,1,33,2,0,0,1,0,0,0,0,0,-1,0,0,0,0,0,0,0,0,1
98,3,5,6,0,0,0,0,0,0,0,0,20,3,0,0,1,0,0,0,0,0,-1,0,0,0,0,0,0,0,0,1
89,2,5,6,0,0,0,0,0,0,0,1,34,2,0,0,1,0,0,0,0,0,0,0,0,0,0,0,0,0,0,1
43,1,4,0,0,0,0,0,0,0,0,0,16,3,0,0,1,0,0,0,0,0,-1,0,0,0,0,0,0,0,0,1
29,2,1,0,0,0,0,0,0,0,0,1,19,2,0,0,0,0,0,0,0,0,-1,0,0,0,0,0,0,0,0,1
45,3,5,0,0,0,0,0,0,0,0,1,16,2,0,0,0,0,0,0,0,0,0,0,0,0,0,0,0,0,0,1
30,2,1,0,0,0,0,0,0,0,0,0,15,3,0,0,0,0,0,0,0,0,-1,0,0,0,0,0,0,0,0,1
41,2,2,0,0,0,0,0,0,0,0,0,19,3,0,0,0,0,0,0,0,0,-1,0,0,0,0,0,0,0,0,1
92,2,3,1,0,0,0,0,0,0,0,0,11,3,0,0,0,5,0,0,1,0,0,0,0,0,0,0,0,0,0,1
21,1,0,0,0,0,0,0,0,0,0,0,21,3,0,0,0,0,0,0,0,0,-1,0,0,0,0,0,0,0,0,1
109,1,4,8,0,0,0,0,0,0,0,0,14,3,0,0,1,1,0,0,1,0,-1,0,0,0,0,0,0,0,0,1
51,2,4,0,0,0,0,0,0,0,0,1,16,3,0,0,0,1,0,0,1,0,-1,0,0,0,0,0,0,0,0,1
129,2,4,0,0,0,0,0,0,0,0,0,13,3,0,0,1,5,0,0,1,0,0,0,0,0,0,0,0,0,0,1
16,1,0,0,0,0,0,0,0,0,0,0,16,3,0,0,0,0,0,0,0,0,-1,0,0,0,0,0,0,0,0,1
87,1,3,1,0,0,0,0,0,0,0,0,12,3,0,0,1,0,0,0,0,0,-1,0,0,0,0,0,0,0,0,1
26,1,1,0,0,0,0,0,0,0,0,0,10,3,0,0,0,0,0,0,0,0,-1,0,0,0,0,0,0,0,0,1
14,1,0,0,0,0,0,0,0,0,0,0,14,3,0,0,0,0,0,0,0,0,-1,0,0,0,0,0,0,0,0,1
62,2,1,1,0,0,0,0,0,0,0,1,38,3,0,0,0,0,0,0,0,0,-1,0,0,0,0,0,0,0,0,1
59,2,4,0,0,0,0,0,0,0,0,0,12,3,0,0,1,0,0,0,0,0,-1,0,0,0,0,0,0,0,0,1
56,2,2,3,0,0,0,0,0,0,0,0,19,3,0,0,0,0,0,0,0,0,-1,0,0,0,0,0,0,0,0,1
59,1,2,3,0,0,0,0,0,0,0,0,21,3,0,0,0,0,0,0,0,0,-1,0,0,0,0,0,0,0,0,1
17,1,0,0,0,0,0,0,0,0,0,0,17,3,0,0,0,0,0,0,0,0,-1,0,0,0,0,0,0,0,0,1
40,2,2,0,0,0,0,0,0,0,0,0,13,3,0,0,0,0,0,0,0,0,-1,0,0,0,0,0,0,0,0,1
21,2,0,0,0,0,0,0,0,0,0,1,21,2,0,0,0,0,0,0,0,0,-1,0,0,0,0,0,0,0,0,1
57,1,2,3,0,0,0,0,0,0,0,0,17,3,0,0,0,0,0,0,0,0,-1,0,0,0,0,0,0,0,0,1
58,2,2,0,0,0,0,0,0,0,0,1,17,3,0,0,1,1,0,0,1,0,-1,0,0,0,0,0,0,0,0,1
41,1,3,0,0,0,0,0,0,0,0,0,10,3,1,0,1,0,0,0,0,0,-1,0,0,0,0,0,0,0,0,1
157,12,4,0,0,0,0,0,0,0,0,0,12,3,0,0,1,1,0,0,1,0,0,0,0,0,0,0,0,0,0,1
49,3,2,0,0,0,0,0,0,0,0,1,16,3,0,0,0,1,0,0,1,0,-1,0,0,0,0,0,0,0,0,1
24,2,1,0,0,0,0,0,0,0,0,0,14,3,0,0,0,0,0,0,0,0,-1,0,0,0,0,0,0,0,0,1
51,2,4,2,0,0,0,0,0,0,0,1,14,3,0,0,0,0,0,0,0,0,0,0,0,0,0,0,0,0,0,1
19,1,0,0,0,0,0,0,0,0,0,0,19,3,0,0,0,0,0,0,0,0,-1,0,0,0,0,0,0,0,0,1
51,3,1,0,0,0,0,0,0,0,0,1,20,2,0,0,0,3,0,0,1,0,-1,0,0,0,0,0,0,0,0,1
43,2,2,0,0,0,0,0,0,0,0,0,21,3,0,0,0,0,0,0,0,0,-1,0,0,0,0,0,0,0,0,1
65,2,4,1,0,0,0,0,0,0,0,0,7,2,0,0,0,0,0,0,0,0,-1,0,0,0,0,0,0,0,0,1
91,1,3,0,0,0,0,0,0,0,0,0,9,2,0,0,0,5,0,0,1,0,0,0,0,0,0,0,0,1,0,1
24,2,1,0,0,0,0,0,0,0,0,1,15,3,0,0,0,0,0,0,0,0,-1,0,0,0,0,0,0,0,0,1
38,2,2,0,0,0,0,0,0,0,0,1,20,3,0,0,0,0,0,0,0,0,-1,0,0,0,0,0,0,0,0,1
62,1,3,4,0,0,0,0,0,0,0,0,10,3,0,0,1,0,0,0,0,0,-1,0,0,0,0,0,0,0,0,1
38,2,1,2,0,0,0,0,0,0,0,1,16,3,0,0,0,0,0,0,0,0,-1,0,0,0,0,0,0,0,0,1
38,3,3,2,0,0,0,0,0,0,0,1,25,2,0,0,0,0,0,0,0,0,0,0,0,0,0,0,0,0,0,1
49,2,1,2,0,0,0,0,0,0,0,0,22,3,0,0,0,0,0,0,0,0,-1,0,0,0,0,0,0,0,0,1
53,3,5,1,0,0,0,0,0,0,0,1,20,4,0,0,0,0,0,0,0,0,0,0,0,0,0,0,0,0,0,1
95,1,2,9,0,0,0,0,0,0,0,0,18,3,0,0,1,0,0,0,0,0,-1,0,0,0,0,0,0,0,0,1
59,2,1,7,0,0,0,0,0,0,0,0,14,3,0,0,0,0,0,0,0,0,-1,0,0,0,0,0,0,0,0,1
9,1,0,0,0,0,0,0,0,0,0,0,9,2,0,0,0,0,0,0,0,0,-1,0,0,0,0,0,0,0,0,1
114,1,5,1,0,0,0,0,0,0,0,0,15,3,0,0,0,3,0,0,1,0,0,0,0,0,0,0,0,0,0,1
67,4,2,1,0,0,0,0,0,0,0,2,24,3,0,0,0,5,0,0,1,0,-1,0,0,0,0,0,0,0,0,1
55,3,5,1,0,0,0,0,0,0,0,2,21,3,0,0,1,0,0,0,0,0,-1,0,0,0,0,0,0,0,0,1
8,1,0,0,0,0,0,0,0,0,0,0,8,2,0,0,0,0,0,0,0,0,-1,0,0,0,0,0,0,0,0,1
20,1,0,0,0,0,0,0,0,0,0,0,20,3,0,0,0,0,0,0,0,0,-1,0,0,0,0,0,0,0,0,1
25,2,0,2,0,0,0,0,0,0,0,1,25,3,0,0,0,0,0,0,0,0,-1,0,0,0,0,0,0,0,0,1
74,3,3,6,0,0,0,0,0,0,0,1,24,3,0,0,1,0,0,0,0,0,-1,0,0,0,0,0,0,0,0,1
69,2,3,5,0,0,0,0,0,0,0,0,11,3,0,0,1,0,0,0,0,0,-1,0,0,0,0,0,0,0,0,1
33,1,3,0,0,0,0,0,0,0,0,0,10,3,0,0,0,0,0,0,0,0,-1,0,0,0,0,0,0,0,0,1
80,1,3,0,0,0,0,0,0,0,0,0,9,4,0,0,1,5,0,0,0,0,0,0,0,0,0,0,0,1,0,1
82,3,4,2,0,0,0,0,0,0,0,1,34,3,0,0,1,3,0,1,1,0,0,0,0,0,0,0,0,0,0,1
30,2,0,0,0,0,0,0,0,0,0,1,30,3,0,0,0,0,0,0,0,0,-1,0,0,0,0,0,0,0,0,1
70,2,2,0,0,0,0,0,0,0,0,1,16,3,0,0,0,0,0,0,0,0,-1,0,0,0,0,0,0,0,0,1
64,3,4,6,0,0,0,0,0,0,0,1,29,3,0,0,0,0,0,0,0,0,0,0,0,0,0,0,0,0,0,1
42,2,4,1,0,0,0,0,0,0,0,0,17,3,0,0,0,0,0,0,0,0,0,0,0,0,0,0,0,0,0,1
107,2,1,3,0,0,0,0,0,0,0,0,11,3,0,0,1,5,0,0,1,0,-1,0,0,0,0,0,0,0,0,1
115,2,5,0,0,0,0,0,0,0,0,0,19,3,0,0,1,3,0,0,1,0,0,0,0,0,0,0,0,0,0,1
128,1,3,2,0,0,0,0,0,0,0,0,12,3,0,0,1,0,0,0,0,0,-1,0,0,0,0,0,0,0,0,1
46,1,2,3,0,0,0,0,0,0,0,0,8,3,0,0,0,0,0,0,0,0,-1,0,0,0,0,0,0,0,0,1
99,2,4,0,0,0,0,0,0,0,0,0,13,3,0,0,1,5,0,0,1,0,0,0,0,0,0,0,0,1,0,1
65,1,4,3,0,0,0,0,0,0,0,0,11,3,0,0,1,0,0,0,0,0,-1,0,0,0,0,0,0,0,0,1
50,2,6,0,0,0,0,0,0,0,0,0,12,3,0,0,0,0,0,0,0,0,-1,0,0,0,0,0,0,0,0,1
28,1,1,0,0,0,0,0,0,0,0,0,12,3,0,0,0,0,0,0,0,0,-1,0,0,0,0,0,0,0,0,1
47,2,1,3,0,0,0,0,0,0,0,0,18,3,0,0,0,0,0,0,0,0,-1,0,0,0,0,0,0,0,0,1
43,1,3,1,0,0,0,0,0,0,0,0,12,3,0,0,1,0,0,0,0,0,-1,0,0,0,0,0,0,0,0,1
88,1,3,9,0,0,0,0,0,0,0,0,31,3,0,0,1,0,0,0,0,0,-1,0,0,0,0,0,0,0,0,1
38,3,2,0,0,0,0,0,0,0,0,1,16,3,0,0,0,0,0,0,0,0,-1,0,0,0,0,0,0,0,0,1
63,3,7,0,0,0,0,0,0,0,0,1,17,2,0,0,0,0,0,0,0,0,0,0,0,0,0,0,0,0,0,1
30,1,0,1,0,0,0,0,0,0,0,0,30,3,0,0,1,0,0,0,0,0,-1,0,0,0,0,0,0,0,0,1
64,3,4,1,0,0,0,0,0,0,0,1,16,3,0,0,1,0,0,0,0,0,-1,0,0,0,0,0,0,0,0,1
284,4,3,0,0,0,0,0,0,0,0,2,42,2,0,0,0,5,0,0,1,0,0,0,0,0,0,0,0,1,0,1
14,1,0,0,0,0,0,0,0,0,0,0,14,3,0,0,0,0,0,0,0,0,-1,0,0,0,0,0,0,0,0,1
9,1,0,0,0,0,0,0,0,0,0,0,9,3,0,0,0,0,0,0,0,0,-1,0,0,0,0,0,0,0,0,1
31,2,1,1,0,0,0,0,0,0,0,1,15,3,0,0,0,0,0,0,0,0,-1,0,0,0,0,0,0,0,0,1
43,2,3,2,0,0,0,0,0,0,0,0,12,3,0,0,1,0,0,0,0,0,-1,0,0,0,0,0,0,0,0,1
41,2,1,0,0,0,0,0,0,0,0,1,24,3,0,0,0,0,0,0,0,0,-1,0,0,0,0,0,0,0,0,1
46,2,2,0,0,0,0,0,0,0,0,1,20,2,0,0,0,0,0,0,0,0,-1,0,0,0,0,0,0,0,0,1
43,1,3,3,0,0,0,0,0,0,0,0,10,3,0,0,1,0,0,0,0,0,-1,0,0,0,0,0,0,0,0,1
82,2,3,0,0,0,0,0,0,0,0,0,17,3,0,0,0,0,0,0,0,0,-1,0,0,0,0,0,0,0,0,1
52,1,3,1,0,0,0,0,0,0,0,0,15,3,0,0,1,1,0,0,1,0,-1,0,0,0,0,0,0,0,0,1
25,2,2,0,0,0,0,0,0,0,0,0,7,3,0,0,1,0,0,0,0,0,-1,0,0,0,0,0,0,0,0,1
59,2,1,5,0,0,0,0,0,0,0,0,15,3,0,0,0,0,0,0,0,0,-1,0,0,0,0,0,0,0,0,1
17,3,0,0,0,0,0,0,0,0,0,2,17,2,0,0,0,0,0,0,0,0,-1,0,0,0,0,0,0,0,0,1
17,1,0,0,0,0,0,0,0,0,0,0,17,3,0,0,0,0,0,0,0,0,-1,0,0,0,0,0,0,0,0,1
30,1,2,0,0,0,0,0,0,0,0,0,13,3,0,0,1,0,0,0,0,0,-1,0,0,0,0,0,0,0,0,1
136,1,3,16,0,0,0,0,0,0,0,0,11,3,0,0,1,0,0,0,0,0,-1,0,0,0,0,0,0,0,0,1
101,5,3,0,0,0,0,0,0,0,0,2,21,2,0,0,0,5,0,0,1,0,0,0,0,0,0,0,0,0,0,1
100,4,3,0,0,0,0,0,0,0,0,1,19,3,0,0,0,5,0,0,1,0,0,0,0,0,0,0,0,0,0,1
49,2,1,0,0,0,0,0,0,0,0,0,12,3,0,0,1,3,0,1,1,0,-1,0,0,0,0,0,0,0,0,1
23,1,2,0,0,0,0,0,0,0,0,0,14,3,0,0,0,0,0,0,0,0,-1,0,0,0,0,0,0,0,0,1
100,2,3,2,0,0,0,0,0,0,0,0,10,3,0,0,1,5,0,0,1,0,-1,0,0,0,0,0,0,0,0,1
72,1,4,5,0,0,0,0,0,0,0,0,17,3,0,0,1,0,0,0,0,0,-1,0,0,0,0,0,0,0,0,1
85,3,1,0,0,0,0,0,0,0,0,1,29,3,0,0,1,5,0,0,1,1,-1,0,0,0,0,0,0,0,0,1
72,1,2,7,0,0,0,0,0,0,0,0,14,3,0,0,1,0,0,0,0,0,-1,0,0,0,0,0,0,0,0,1
137,1,2,6,0,0,0,0,0,0,0,0,30,3,0,0,1,5,0,0,1,0,-1,0,0,0,0,0,0,1,0,1
34,1,2,0,0,0,0,0,0,0,0,0,21,3,0,0,1,0,0,0,0,0,-1,0,0,0,0,0,0,0,0,1
32,2,1,0,0,0,0,0,0,0,0,0,15,3,0,0,0,0,0,0,0,0,-1,0,0,0,0,0,0,0,0,1
40,2,5,1,0,0,0,0,0,0,0,1,15,3,0,0,0,0,0,0,0,0,-1,0,0,0,0,0,0,0,0,1
77,2,3,0,0,0,0,0,0,0,0,0,11,3,0,0,1,0,0,0,0,0,-1,0,0,0,0,0,0,0,0,1
38,1,5,1,0,0,0,0,0,0,0,0,12,3,0,0,0,0,0,0,0,0,-1,0,0,0,0,0,0,0,0,1
48,2,2,0,0,0,0,0,0,0,0,1,16,3,0,0,1,0,0,0,0,0,-1,0,0,0,0,0,0,0,0,1
83,3,7,4,0,0,0,0,0,0,0,1,29,3,0,0,1,0,0,0,0,0,-1,0,0,0,0,0,0,0,0,1
62,1,2,6,0,0,0,0,0,0,0,0,12,3,0,0,0,0,0,0,0,0,-1,0,0,0,0,0,0,0,0,1
33,2,2,0,0,0,0,0,0,0,0,1,16,3,0,0,0,0,0,0,0,0,-1,0,0,0,0,0,0,0,0,1
74,2,4,4,0,0,0,0,0,0,0,1,17,2,0,0,0,1,0,0,1,0,0,0,0,0,0,0,0,0,0,1
76,4,7,0,0,0,0,0,0,0,0,1,21,2,0,0,0,0,0,0,0,0,0,0,1,0,0,0,0,0,0,1
81,3,4,7,0,0,0,0,0,0,0,2,27,3,0,0,1,0,0,0,0,0,-1,0,0,0,0,0,0,0,0,1
81,2,7,2,0,0,0,0,0,0,0,0,11,2,0,0,1,1,0,0,1,0,0,0,0,0,0,0,0,0,0,1
21,1,0,0,0,0,0,0,0,0,0,0,21,3,0,0,0,0,0,0,0,0,-1,0,0,0,0,0,0,0,0,1
24,1,0,0,0,0,0,0,0,0,0,0,24,3,0,0,0,0,0,0,0,0,-1,0,0,0,0,0,0,0,0,1
32,2,1,0,0,0,0,0,0,0,0,0,20,3,0,0,0,0,0,0,0,0,-1,0,0,0,0,0,0,0,0,1
16,2,0,0,0,0,0,0,0,0,0,1,16,2,0,0,0,0,0,0,0,0,-1,0,0,0,0,0,0,0,0,1
33,1,1,2,0,0,0,0,0,0,0,0,13,3,0,0,1,0,0,0,0,0,-1,0,0,0,0,0,0,0,0,1
67,2,2,0,0,0,0,0,0,0,0,1,16,3,0,0,1,0,0,0,0,0,-1,0,0,0,0,0,0,0,0,1
37,1,3,1,0,0,0,0,0,0,0,0,10,3,0,0,1,0,0,0,0,0,-1,0,0,0,0,0,0,0,0,1
41,3,2,0,0,0,0,0,0,0,0,1,21,3,0,0,1,0,0,0,0,0,-1,0,0,0,0,0,0,0,0,1
37,1,3,0,0,0,0,0,0,0,0,0,23,3,0,0,0,0,0,0,0,0,0,0,0,0,0,0,0,0,0,1
81,2,3,0,0,0,0,0,0,0,0,0,16,3,0,0,0,5,0,0,1,0,0,0,0,0,0,0,0,0,0,1
90,3,5,8,0,0,0,0,0,0,0,2,21,2,0,0,0,0,0,0,0,0,0,0,0,0,0,0,0,0,0,1
22,1,2,0,0,0,0,0,0,0,0,0,8,3,0,0,1,0,0,0,0,0,-1,0,0,0,0,0,0,0,0,1
34,2,2,0,0,0,0,0,0,0,0,1,16,3,0,0,0,2,0,0,0,0,-1,0,0,0,0,0,0,1,0,1
40,2,1,2,0,0,0,0,0,0,0,0,18,3,0,0,0,0,0,0,0,0,-1,0,0,0,0,0,0,0,0,1
38,2,2,0,0,0,0,0,0,0,0,0,16,3,0,0,0,0,0,0,0,0,-1,0,0,0,0,0,0,0,0,1
8,1,0,0,0,0,0,0,0,0,0,0,8,3,0,0,0,0,0,0,0,0,-1,0,0,0,0,0,0,0,0,1
77,3,3,0,0,0,0,0,0,0,0,1,12,3,0,0,0,5,0,0,1,0,0,0,0,0,0,0,0,0,0,1
56,1,1,5,0,0,0,0,0,0,0,0,16,3,0,0,1,0,0,0,0,0,-1,0,0,0,0,0,0,0,0,1
71,1,3,0,0,0,0,0,0,0,0,0,9,4,0,0,1,5,0,0,0,0,0,0,0,0,0,0,0,1,0,1
50,2,3,0,0,0,0,0,0,0,0,0,19,3,0,0,0,0,0,0,0,0,-1,0,0,0,0,0,0,0,0,1
60,2,2,2,0,0,0,0,0,0,0,1,24,3,0,0,0,0,0,0,0,0,-1,0,0,0,0,0,0,0,0,1
47,3,5,0,0,0,0,0,0,0,0,1,16,3,0,0,1,0,0,0,0,0,-1,0,0,0,0,0,0,0,0,1
51,1,1,3,0,0,0,0,0,0,0,0,19,3,0,0,0,0,0,0,0,0,-1,0,0,0,0,0,0,0,0,1
64,2,3,4,0,0,0,0,0,0,0,0,10,3,0,0,1,0,0,0,0,0,-1,0,0,0,0,0,0,0,0,1
29,1,0,0,0,0,0,0,0,0,0,0,29,3,0,0,0,0,0,0,0,0,-1,0,0,0,0,0,0,0,0,1
91,1,4,11,0,0,0,0,0,0,0,0,6,3,0,0,1,0,0,0,0,0,0,0,0,0,0,0,0,0,0,1
212,2,5,8,0,0,0,0,0,0,0,0,14,3,0,0,0,5,0,0,0,0,0,0,0,0,0,0,0,1,0,1
32,1,2,0,0,0,0,0,0,0,0,0,12,3,0,0,0,0,0,0,0,0,-1,0,0,0,0,0,0,0,0,1
91,1,7,5,0,0,0,0,0,0,0,0,11,3,0,0,0,0,0,0,0,0,0,0,0,0,0,0,0,0,0,1
147,3,5,5,0,0,0,0,0,0,0,1,20,2,0,0,0,0,0,0,0,0,-1,0,0,0,0,0,0,0,0,1
56,4,2,1,0,0,0,0,0,0,0,2,31,3,0,0,0,0,0,0,0,0,-1,0,0,0,0,0,0,0,0,1
99,3,3,3,0,0,0,0,0,0,0,1,12,3,0,0,1,5,0,0,1,0,-1,0,0,0,0,0,0,0,0,1
19,2,0,0,0,0,0,0,0,0,0,1,19,2,0,0,0,0,0,0,0,0,-1,0,0,0,0,0,0,0,0,1
30,1,4,0,0,0,0,0,0,0,0,0,12,3,0,0,0,0,0,0,0,0,-1,0,0,0,0,0,0,0,0,1
44,3,0,0,0,0,0,0,0,0,0,2,44,2,0,0,0,0,0,0,0,0,-1,0,0,0,0,0,0,0,0,1
83,2,3,7,0,0,0,0,0,0,0,0,17,3,0,0,0,0,0,0,1,0,-1,0,0,0,0,0,0,0,0,1
107,1,5,15,0,0,0,0,0,0,0,0,7,3,0,0,1,0,0,0,0,0,0,0,0,0,0,0,0,0,0,1
100,5,3,0,0,0,0,0,0,0,0,2,18,2,0,0,0,5,0,0,1,0,0,0,0,0,0,0,0,0,0,1
81,2,3,0,0,0,0,0,0,0,0,0,11,3,0,0,0,0,0,0,0,0,-1,0,0,0,0,0,0,0,0,1
40,2,2,0,0,0,0,0,0,0,0,0,22,3,0,0,1,0,0,0,0,0,-1,0,0,0,0,0,0,0,0,1
89,1,1,0,0,0,0,0,0,0,0,0,10,3,0,0,0,0,0,0,0,0,-1,0,0,0,0,0,0,0,0,1
104,1,6,7,0,0,0,0,0,0,0,0,15,3,0,0,1,0,0,0,0,0,0,0,0,0,0,0,0,0,0,1
28,2,2,0,0,0,0,0,0,0,0,1,15,2,0,0,1,0,0,0,0,0,-1,0,0,0,0,0,0,0,0,1
59,3,5,2,0,0,0,0,0,0,0,1,34,3,0,0,0,0,0,0,0,0,0,0,0,0,0,0,0,0,0,1
31,1,1,0,0,0,0,0,0,0,0,0,11,3,0,0,0,1,0,0,1,0,-1,0,0,0,0,0,0,0,0,1
38,2,1,0,0,0,0,0,0,0,0,0,15,3,0,0,0,0,0,0,0,0,-1,0,0,0,0,0,0,0,0,1
33,2,1,1,0,0,0,0,0,0,0,1,19,3,0,0,0,0,0,0,0,0,-1,0,0,0,0,0,0,0,0,1
30,1,1,2,0,0,0,0,0,0,0,0,14,3,0,0,0,0,0,0,0,0,-1,0,0,0,0,0,0,0,0,1
97,3,3,0,0,0,0,0,0,0,0,0,13,3,0,0,1,5,0,0,1,0,0,0,0,0,0,0,0,0,0,1
49,3,3,1,0,0,0,0,0,0,0,1,25,2,0,0,0,1,0,0,1,0,0,0,0,0,0,0,0,0,0,1
80,1,3,0,0,0,0,0,0,0,0,0,9,4,0,0,1,5,0,0,0,0,0,0,0,0,0,0,0,1,0,1
28,1,2,0,0,0,0,0,0,0,0,0,9,3,0,0,0,0,0,0,0,0,-1,0,0,0,0,0,0,0,0,1
264,3,3,0,0,0,0,0,0,0,0,1,18,3,0,0,0,5,0,0,1,0,0,0,0,0,0,0,0,1,0,1
45,1,3,5,0,0,0,0,0,0,0,0,9,3,0,0,0,0,0,0,0,0,-1,0,0,0,0,0,0,0,0,1
11,1,0,0,0,0,0,0,0,0,0,0,11,3,0,0,0,0,0,0,0,0,-1,0,0,0,0,0,0,0,0,1
63,2,3,4,0,0,0,0,0,0,0,1,12,2,0,0,0,0,0,0,0,0,-1,0,0,0,0,0,0,0,0,1
18,1,0,0,0,0,0,0,0,0,0,0,18,3,0,0,0,0,0,0,0,0,-1,0,0,0,0,0,0,0,0,1
26,1,0,0,0,0,0,0,0,0,0,0,26,3,0,0,0,0,0,0,0,0,-1,0,0,0,0,0,0,0,0,1
125,2,5,12,0,0,0,0,0,0,0,1,23,3,0,0,1,0,0,0,0,0,-1,0,0,0,0,0,0,0,0,1
66,2,5,4,0,0,0,0,0,0,0,1,17,2,0,0,0,0,0,0,0,0,0,0,0,0,0,0,0,0,0,1
40,1,2,0,0,0,0,0,0,0,0,0,21,3,0,0,0,0,0,0,0,0,-1,0,0,0,0,0,0,0,0,1
61,2,5,0,0,0,0,0,0,0,0,1,20,3,0,0,0,0,0,0,0,0,-1,0,0,0,0,0,0,0,0,1
86,2,6,7,0,0,0,0,0,0,0,1,16,3,0,0,1,0,0,0,0,0,-1,0,0,0,0,0,0,0,0,1
70,1,5,5,0,0,0,0,0,0,0,0,14,3,0,0,0,0,0,0,0,0,0,0,0,0,0,0,0,0,0,1
23,1,0,0,0,0,0,0,0,0,0,0,23,3,0,0,0,0,0,0,0,0,-1,0,0,0,0,0,0,0,0,1
117,2,2,11,0,0,0,0,0,0,0,0,20,3,0,0,0,0,0,0,0,0,-1,0,0,0,0,0,0,0,0,1
115,1,4,0,0,0,0,0,0,0,0,0,10,3,0,0,1,5,0,0,1,0,0,0,0,0,0,0,0,1,0,1
112,3,3,0,0,0,0,0,0,0,0,1,20,2,0,0,0,5,0,0,1,0,0,0,0,0,0,0,0,0,0,1
32,3,1,1,0,0,0,0,0,0,0,1,18,3,0,0,0,0,0,0,0,0,-1,0,0,0,0,0,0,0,0,1
93,1,6,6,0,0,0,0,0,0,0,0,12,3,0,0,1,0,0,0,0,0,-1,0,0,0,0,0,0,0,0,1
32,2,1,0,0,0,0,0,0,0,0,0,16,3,0,0,0,0,0,0,0,0,-1,0,0,0,0,0,0,0,0,1
37,2,1,1,0,0,0,0,0,0,0,0,11,3,0,0,1,1,0,0,1,0,-1,0,0,0,0,0,0,0,0,1
15,1,0,0,0,0,0,0,0,0,0,0,15,3,0,0,0,0,0,0,0,0,-1,0,0,0,0,0,0,0,0,1
16,1,0,0,0,0,0,0,0,0,0,0,16,3,0,0,0,0,0,0,0,0,-1,0,0,0,0,0,0,0,0,1
77,2,3,0,0,0,0,0,0,0,0,0,10,2,0,0,0,5,0,0,1,0,0,0,0,0,0,0,0,0,0,1
93,3,5,0,0,0,0,0,0,0,0,1,14,3,0,0,1,5,0,0,1,0,0,0,0,0,0,0,0,0,0,1
85,3,6,5,0,0,0,0,0,0,0,1,25,2,0,0,0,0,0,0,0,0,0,0,0,0,0,0,0,0,0,1
48,2,2,0,0,0,0,0,0,0,0,0,16,3,0,0,0,0,0,0,0,0,-1,0,0,0,0,0,0,0,0,1
69,1,4,6,0,0,0,0,0,0,0,0,16,3,0,0,1,0,0,0,0,0,-1,0,0,0,0,0,0,0,0,1
23,1,2,0,0,0,0,0,0,0,0,0,8,3,0,0,1,0,0,0,0,0,-1,0,0,0,0,0,0,0,0,1
22,1,1,1,0,0,0,0,0,0,0,0,8,3,0,0,0,0,0,0,0,0,-1,0,0,0,0,0,0,0,0,1
76,2,3,0,0,0,0,0,0,0,0,0,13,2,0,0,0,5,0,0,1,0,0,0,0,0,0,0,0,0,0,1
36,1,2,0,0,0,0,0,0,0,0,0,14,3,0,0,0,0,0,0,0,0,-1,0,0,0,0,0,0,0,0,1
80,3,3,0,0,0,0,0,0,0,0,1,15,3,0,0,0,5,0,0,1,0,0,0,0,0,0,0,0,0,0,1
58,2,2,5,0,0,0,0,0,0,0,0,13,3,0,0,1,0,0,0,0,0,-1,0,0,0,0,0,0,0,0,1
23,2,2,0,0,0,0,0,0,0,0,1,13,3,0,0,0,0,0,0,0,0,-1,0,0,0,0,0,0,0,0,1
45,2,2,0,0,0,0,0,0,0,0,1,16,3,0,0,0,0,0,0,0,0,-1,0,0,0,0,0,0,0,0,1
16,1,0,0,0,0,0,0,0,0,0,0,16,3,0,0,0,0,0,0,0,0,-1,0,0,0,0,0,0,0,0,1
89,1,6,8,0,0,0,0,0,0,0,0,6,3,0,0,1,0,0,0,0,0,0,0,0,0,0,0,0,0,0,1
27,2,1,0,0,0,0,0,0,0,0,0,12,3,0,0,0,0,0,0,0,0,-1,0,0,0,0,0,0,0,0,1
71,3,3,5,0,0,0,0,0,0,0,1,19,3,0,0,1,0,0,0,0,0,-1,0,0,0,0,0,0,0,0,1
46,1,2,0,0,0,0,0,0,0,0,0,27,3,0,0,0,0,0,0,0,0,-1,0,0,0,0,0,0,0,0,1
55,3,4,1,0,0,0,0,0,0,0,2,28,3,0,0,1,0,0,0,0,0,-1,0,0,0,0,0,0,0,0,1
36,2,2,1,0,0,0,0,0,0,0,0,21,3,0,0,0,0,0,0,0,0,-1,0,0,0,0,0,0,0,0,1
73,2,3,0,0,0,0,0,0,0,0,0,11,3,0,0,0,0,0,0,0,0,-1,0,0,0,0,0,0,0,0,1
50,2,1,0,0,0,0,0,0,0,0,0,13,3,0,0,1,3,0,0,1,0,-1,0,0,0,0,0,0,0,0,1
27,1,3,0,0,0,0,0,0,0,0,0,10,3,0,0,1,0,0,0,0,0,-1,0,0,0,0,0,0,0,0,1
94,2,4,11,0,0,0,0,0,0,0,0,9,2,0,0,1,0,0,0,0,0,0,0,0,0,0,0,0,0,0,1
98,4,3,0,0,0,0,0,0,0,0,1,16,2,0,0,0,5,0,0,1,0,0,0,0,0,0,0,0,0,0,1
129,3,2,18,0,0,0,0,0,0,0,1,17,3,0,0,1,0,0,0,0,0,-1,0,0,0,0,0,0,0,0,1
21,1,0,0,0,0,0,0,0,0,0,0,21,3,0,0,0,0,0,0,0,0,-1,0,0,0,0,0,0,0,0,1
80,3,3,5,0,0,0,0,0,0,0,1,28,3,0,0,1,0,0,0,0,0,-1,0,0,0,0,0,0,0,0,1
31,1,1,0,0,0,0,0,0,0,0,0,11,3,0,0,0,1,0,0,1,0,-1,0,0,0,0,0,0,0,0,1
70,3,5,3,0,0,0,0,0,0,0,1,15,3,0,0,1,0,0,0,0,0,0,0,0,0,0,0,0,0,0,1
27,1,2,0,0,0,0,0,0,0,0,0,12,2,0,0,0,0,0,0,0,0,-1,0,0,0,0,0,0,0,0,1
29,2,1,0,0,0,0,0,0,0,0,0,18,3,0,0,0,0,0,0,0,0,-1,0,0,0,0,0,0,0,0,1
238,3,3,1,0,0,0,0,0,0,0,1,24,2,0,0,0,5,0,0,1,0,0,0,0,0,0,0,0,1,0,1
92,1,2,8,0,0,0,0,0,0,0,0,17,3,0,0,1,0,0,0,0,0,-1,0,0,0,0,0,0,0,0,1
12,1,0,0,0,0,0,0,0,0,0,0,12,3,0,0,0,0,0,0,0,0,-1,0,0,0,0,0,0,0,0,1
22,2,0,1,0,0,0,0,0,0,0,1,22,3,0,0,0,0,0,0,0,0,-1,0,0,0,0,0,0,0,0,1
9,2,0,0,0,0,0,0,0,0,0,1,9,2,0,0,0,0,0,0,0,0,-1,0,0,0,0,0,0,0,0,1
35,4,0,0,0,0,0,0,0,0,0,3,35,3,0,0,0,0,0,0,0,0,-1,0,0,0,0,0,0,0,0,1
105,3,5,9,0,0,0,0,0,0,0,1,22,2,0,0,0,2,0,0,0,0,0,0,0,0,0,0,0,1,0,1
132,3,3,2,0,0,0,0,0,0,0,1,28,3,0,0,0,5,0,0,1,0,0,0,0,0,0,0,0,0,0,1
49,1,3,1,0,0,0,0,0,0,0,0,12,3,0,0,1,0,0,0,0,0,-1,0,0,0,0,0,0,0,0,1
40,2,1,0,0,0,0,0,0,0,0,0,15,3,0,0,0,0,0,0,0,0,-1,0,0,0,0,0,0,0,0,1
47,2,2,0,0,0,0,0,0,0,0,0,22,3,0,0,0,0,0,0,0,0,-1,0,0,0,0,0,0,0,0,1
103,2,4,0,0,0,0,0,0,0,0,1,13,2,0,0,0,1,0,0,1,0,0,0,0,0,0,0,0,0,0,1
60,1,5,3,0,0,0,0,0,0,0,0,12,3,0,0,1,0,0,0,0,0,0,0,0,0,0,0,0,0,0,1
38,3,2,0,0,0,0,0,0,0,0,1,22,3,0,0,0,0,0,0,0,0,-1,0,0,0,0,0,0,0,0,1
31,1,1,0,0,0,0,0,0,0,0,0,11,3,0,0,0,1,0,0,1,0,-1,0,0,0,0,0,0,0,0,1
24,2,0,0,0,0,0,0,0,0,0,1,24,2,0,0,0,0,0,0,0,0,-1,0,0,0,0,0,0,0,0,1
36,1,2,1,0,0,0,0,0,0,0,0,12,3,0,0,1,0,0,0,0,0,-1,0,0,0,0,0,0,0,0,1
63,1,3,4,0,0,0,0,0,0,0,0,26,3,0,0,1,0,0,0,0,0,-1,0,0,0,0,0,0,0,0,1
119,1,3,12,0,0,0,0,0,0,0,0,7,3,0,0,0,0,0,0,0,0,-1,0,0,0,0,0,0,0,0,1
98,2,4,13,0,0,0,0,0,0,0,0,13,2,0,0,1,0,0,0,0,0,0,0,0,0,0,0,0,0,0,1
132,3,3,2,0,0,0,0,0,0,0,1,28,3,0,0,0,5,0,0,1,0,0,0,0,0,0,0,0,0,0,1
122,1,9,6,0,0,0,0,0,0,0,0,6,2,0,0,0,0,0,0,0,0,0,0,0,0,0,1,0,0,0,1
38,2,2,0,0,0,0,0,0,0,0,0,21,3,0,0,0,0,0,0,0,0,-1,0,0,0,0,0,0,0,0,1
116,1,6,11,0,0,0,0,0,0,0,0,15,3,0,0,1,0,0,0,0,0,0,0,0,0,0,0,0,0,0,1
24,1,0,0,0,0,0,0,0,0,0,0,24,3,0,0,0,0,0,0,0,0,-1,0,0,0,0,0,0,0,0,1
34,2,2,0,0,0,0,0,0,0,0,1,16,3,0,0,0,0,0,0,0,0,-1,0,0,0,0,0,0,0,0,1
50,3,2,0,0,0,0,0,0,0,0,2,20,3,0,0,1,1,0,0,1,0,-1,0,0,0,0,0,0,0,0,1
46,2,2,0,0,0,0,0,0,0,0,0,16,2,0,0,0,0,0,0,0,0,-1,0,0,0,0,0,0,0,0,1
48,2,3,1,0,0,0,0,0,0,0,1,14,3,0,0,0,0,0,0,0,0,-1,0,0,0,0,0,0,0,0,1
57,2,7,2,0,0,0,0,0,0,0,1,11,3,0,0,0,0,0,0,0,0,-1,0,0,0,0,0,0,0,0,1
54,2,6,0,0,0,0,0,0,0,0,0,11,3,0,0,1,0,0,0,0,0,-1,0,0,0,0,0,0,0,0,1
46,2,1,1,0,0,0,0,0,0,0,0,17,3,0,0,1,0,0,0,0,0,-1,0,0,0,0,0,0,0,0,1
41,1,2,0,0,0,0,0,0,0,0,0,15,3,0,0,0,1,0,0,0,0,-1,0,0,0,0,0,0,1,0,1
22,1,1,0,0,0,0,0,0,0,0,0,11,3,0,0,0,0,0,0,0,0,-1,0,0,0,0,0,0,0,0,1
54,2,2,1,0,0,0,0,0,0,0,1,16,3,0,0,0,2,0,0,0,0,-1,0,0,0,0,0,0,1,0,1
43,2,3,3,0,0,0,0,0,0,0,0,11,3,0,0,0,0,0,0,0,0,-1,0,0,0,0,0,0,0,0,1
28,1,2,0,0,0,0,0,0,0,0,0,6,2,0,0,0,0,0,0,0,0,-1,0,0,0,0,0,0,0,0,1
28,2,0,1,0,0,0,0,0,0,0,1,28,3,0,0,0,0,0,0,0,0,-1,0,0,0,0,0,0,0,0,1
130,1,9,6,0,0,0,0,0,0,0,0,6,2,0,0,0,0,0,0,0,0,0,0,0,0,0,1,0,0,0,1
29,1,2,1,0,0,0,0,0,0,0,0,11,3,0,0,0,0,0,0,0,0,-1,0,0,0,0,0,0,0,0,1
16,1,0,0,0,0,0,0,0,0,0,0,16,3,0,0,0,0,0,0,0,0,-1,0,0,0,0,0,0,0,0,1
56,2,6,2,0,0,0,0,0,0,0,0,11,2,0,0,1,0,0,0,0,0,0,0,0,0,0,0,0,0,0,1
48,1,2,2,0,0,0,0,0,0,0,0,18,3,0,0,0,0,0,0,0,0,-1,0,0,0,0,0,0,0,0,1
35,1,2,4,0,0,0,0,0,0,0,0,8,3,0,0,0,0,0,0,0,0,-1,0,0,0,0,0,0,0,0,1
39,2,2,0,0,0,0,0,0,0,0,0,10,3,0,0,0,0,0,0,0,0,-1,0,0,0,0,0,0,0,0,1
29,2,2,0,0,0,0,0,0,0,0,0,15,2,0,0,0,0,0,0,0,0,-1,0,0,0,0,0,0,0,0,1
51,1,2,0,0,0,0,0,0,0,0,0,17,3,0,0,0,0,0,0,0,0,-1,0,0,0,0,0,0,0,0,1
98,1,7,8,0,0,0,0,0,0,0,0,12,3,0,0,1,0,0,0,0,0,0,0,0,0,0,0,0,0,0,1
48,2,3,0,0,0,0,0,0,0,0,0,17,2,0,0,0,1,0,0,1,0,0,0,0,0,0,0,0,0,0,1
47,2,1,0,0,0,0,0,0,0,0,0,28,3,0,0,0,0,0,0,0,0,-1,0,0,0,0,0,0,0,0,1
83,2,5,6,0,0,0,0,0,0,0,1,15,2,0,0,0,0,0,0,0,0,0,0,0,0,0,0,0,0,0,1
87,1,12,0,0,0,0,0,0,0,0,0,15,3,0,0,1,0,0,0,0,0,0,0,0,0,0,1,0,0,0,1
31,1,1,0,0,0,0,0,0,0,0,0,11,3,0,0,0,1,0,0,1,0,-1,0,0,0,0,0,0,0,0,1
70,1,3,7,0,0,0,0,0,0,0,0,8,3,0,0,1,0,0,0,0,0,-1,0,0,0,0,0,0,0,0,1
105,1,5,13,0,0,0,0,0,0,0,0,13,3,0,0,1,0,0,0,0,0,0,0,0,0,0,0,0,0,0,1
68,3,3,0,0,0,0,0,0,0,0,1,18,2,0,0,0,3,0,0,1,0,0,0,0,0,0,0,0,0,0,1
94,3,3,0,0,0,0,0,0,0,0,1,29,2,0,0,0,5,0,0,1,0,0,0,0,0,0,0,0,0,0,1
26,2,0,0,0,0,0,0,0,0,0,1,26,3,0,0,0,0,0,0,0,0,-1,0,0,0,0,0,0,0,0,1
13,1,0,0,0,0,0,0,0,0,0,0,13,3,0,0,0,0,0,0,0,0,-1,0,0,0,0,0,0,0,0,1
51,2,4,1,0,0,0,0,0,0,0,0,8,2,0,0,0,0,0,0,0,0,0,0,0,0,0,0,0,0,0,1
172,3,3,10,0,0,0,0,0,0,0,1,17,3,0,0,1,5,0,0,1,0,0,0,0,0,0,0,0,0,0,1
59,1,2,7,0,0,0,0,0,0,0,0,11,3,0,0,1,0,0,0,0,0,-1,0,0,0,0,0,0,0,0,1
33,1,2,1,0,0,0,0,0,0,0,0,13,3,0,0,0,0,0,0,0,0,-1,0,0,0,0,0,0,0,0,1
49,1,2,0,0,0,0,0,0,0,0,0,12,3,0,0,1,0,0,0,0,0,-1,0,0,0,0,0,0,0,0,1
120,2,7,1,0,0,0,0,0,0,0,0,15,3,0,0,1,5,0,0,0,0,0,0,0,0,0,0,0,1,0,1
47,2,2,0,0,0,0,0,0,0,0,0,20,3,0,0,1,0,0,0,0,0,-1,0,0,0,0,0,0,0,0,1
30,2,1,0,0,0,0,0,0,0,0,0,13,3,0,0,0,0,0,0,0,0,-1,0,0,0,0,0,0,0,0,1
32,2,1,0,0,0,0,0,0,0,0,1,22,3,0,0,0,0,0,0,0,0,-1,0,0,0,0,0,0,0,0,1
37,2,2,0,0,0,0,0,0,0,0,0,17,3,0,0,0,0,0,0,0,0,-1,0,0,0,0,0,0,0,0,1
35,2,2,0,0,0,0,0,0,0,0,1,16,3,0,0,0,0,0,0,0,0,-1,0,0,0,0,0,0,0,0,1
40,1,4,0,0,0,0,0,0,0,0,0,8,3,0,0,0,0,0,0,0,0,-1,0,0,0,0,0,0,0,0,1
67,2,5,8,0,0,0,0,0,0,0,0,7,2,0,0,1,0,0,0,0,0,0,0,0,0,0,0,0,0,0,1
46,2,2,0,0,0,0,0,0,0,0,1,16,3,0,0,0,0,0,0,0,0,-1,0,0,0,0,0,0,0,0,1
47,3,3,2,0,0,0,0,0,0,0,1,23,2,0,0,0,0,0,0,0,0,0,0,0,0,0,0,0,0,0,1
22,1,1,1,0,0,0,0,0,0,0,0,10,3,0,0,0,0,0,0,0,0,-1,0,0,0,0,0,0,0,0,1
27,2,1,1,0,0,0,0,0,0,0,0,17,3,0,0,0,0,0,0,0,0,-1,0,0,0,0,0,0,0,0,1
31,1,1,0,0,0,0,0,0,0,0,0,11,3,0,0,0,1,0,0,1,0,-1,0,0,0,0,0,0,0,0,1
49,1,2,1,0,0,0,0,0,0,0,0,25,3,0,0,0,0,0,0,0,0,-1,0,0,0,0,0,0,0,0,1
29,1,4,0,0,0,0,0,0,0,0,0,12,3,0,0,1,0,0,0,0,0,-1,0,0,0,0,0,0,0,0,1
27,1,2,0,0,0,0,0,0,0,0,0,14,3,0,0,0,0,0,0,0,0,-1,0,0,0,0,0,0,0,0,1
131,4,3,4,0,0,0,0,0,0,0,2,24,2,0,0,0,5,0,0,1,0,0,0,0,0,0,0,0,0,0,1
165,3,2,18,0,0,0,0,0,0,0,1,20,2,0,0,1,0,0,0,0,0,-1,0,0,0,0,0,0,0,0,1
26,2,0,0,0,0,0,0,0,0,0,1,26,2,0,0,0,0,0,0,0,0,-1,0,0,0,0,0,0,0,0,1
91,1,6,9,0,0,0,0,0,0,0,0,6,3,0,0,1,0,0,0,0,0,0,0,0,0,0,0,0,0,0,1
89,1,4,7,0,0,0,0,0,0,0,0,21,3,0,0,1,0,0,0,0,0,-1,0,0,0,0,0,0,0,0,1
22,1,2,0,0,0,0,0,0,0,0,0,12,3,0,0,0,0,0,0,0,0,-1,0,0,0,0,0,0,0,0,1
90,2,2,1,0,0,0,0,0,0,0,0,21,3,0,0,1,0,0,0,0,0,-1,0,0,0,0,0,0,0,0,1
20,2,0,0,0,0,0,0,0,0,0,1,20,2,0,0,0,0,0,0,0,0,-1,0,0,0,0,0,0,0,0,1
52,2,1,0,0,0,0,0,0,0,0,0,20,3,0,0,0,3,0,0,1,0,-1,0,0,0,0,0,0,0,0,1
34,1,2,1,0,0,0,0,0,0,0,0,21,3,0,0,0,0,0,0,0,0,-1,0,0,0,0,0,0,0,0,1
27,1,1,0,0,0,0,0,0,0,0,0,11,3,0,0,0,0,0,0,0,0,-1,0,0,0,0,0,0,0,0,1
60,2,2,4,0,0,0,0,0,0,0,0,21,3,0,0,0,0,0,0,0,0,-1,0,0,0,0,0,0,0,0,1
97,2,3,14,0,0,0,0,0,0,0,0,11,2,0,0,1,0,0,0,0,0,0,0,0,0,0,0,0,0,0,1
39,4,3,2,0,0,0,0,0,0,0,2,18,2,0,0,0,0,0,0,0,0,0,0,0,0,0,0,0,0,0,1
73,2,2,1,0,0,0,0,0,0,0,0,20,3,0,0,0,0,0,0,0,0,-1,0,0,0,0,0,0,0,0,1
103,1,3,11,0,0,0,0,0,0,0,0,20,3,0,0,1,0,0,0,0,0,0,0,0,0,0,0,0,0,0,1
47,2,3,1,0,0,0,0,0,0,0,1,20,2,0,0,0,0,0,0,0,0,-1,0,0,0,0,0,0,0,0,1
31,1,1,0,0,0,0,0,0,0,0,0,11,3,0,0,0,1,0,0,1,0,-1,0,0,0,0,0,0,0,0,1
42,3,2,0,0,0,0,0,0,0,0,1,24,3,0,0,0,0,0,0,0,0,-1,0,0,0,0,0,0,0,0,1
46,2,2,1,0,0,0,0,0,0,0,0,20,3,0,0,1,0,0,0,0,0,-1,0,0,0,0,0,0,0,0,1
112,1,4,0,0,0,0,0,0,0,0,0,9,2,0,0,1,0,0,0,0,0,0,0,0,0,0,0,0,0,0,1
48,2,3,1,0,0,0,0,0,0,0,0,13,3,0,0,1,0,0,0,0,0,-1,0,0,0,0,0,0,0,0,1
26,2,1,1,0,0,0,0,0,0,0,1,18,3,0,0,0,0,0,0,0,0,-1,0,0,0,0,0,0,0,0,1
38,4,3,0,0,0,0,0,0,0,0,2,20,2,0,0,0,0,0,0,0,0,0,0,0,0,0,0,0,0,0,1
85,2,5,4,1,0,0,0,0,0,0,1,10,2,0,1,0,0,0,0,0,0,0,0,0,0,0,0,0,0,0,1
38,1,2,2,0,0,0,0,0,0,0,0,14,3,0,0,0,0,0,0,0,0,-1,0,0,0,0,0,0,0,0,1
12,1,0,1,0,0,0,0,0,0,0,0,12,3,0,0,0,0,0,0,0,0,-1,0,0,0,0,0,0,0,0,1
84,1,3,5,0,0,0,0,0,0,0,0,12,3,0,0,1,4,0,0,0,0,-1,0,0,0,0,0,0,1,0,1
107,2,5,7,0,0,0,0,0,0,0,1,18,3,0,0,1,3,0,0,0,0,-1,0,0,0,0,0,0,1,0,1
24,1,2,1,0,0,0,0,0,0,0,0,11,3,0,0,1,0,0,0,0,0,-1,0,0,0,0,0,0,0,0,1
138,1,6,2,0,0,0,0,0,0,0,0,7,3,0,0,1,5,0,0,0,0,0,0,0,0,0,0,0,1,0,1
31,2,0,0,0,0,0,0,0,0,0,1,31,3,0,0,0,0,0,0,0,0,-1,0,0,0,0,0,0,0,0,1
72,3,6,0,0,0,0,0,0,0,0,1,14,3,0,0,1,0,0,0,0,0,0,0,0,0,0,0,0,0,0,1
116,3,6,0,0,0,0,0,0,0,0,1,17,2,0,0,1,3,0,0,1,0,0,0,0,0,0,0,0,0,0,1
47,2,4,1,0,0,0,0,0,0,0,0,11,3,0,0,1,0,0,0,0,0,-1,0,0,0,0,0,0,0,0,1
120,3,3,5,0,0,0,0,0,0,0,1,16,2,0,0,1,5,0,0,1,0,0,0,0,0,0,0,0,0,0,1
16,1,1,0,0,0,0,0,0,0,0,0,13,3,0,0,0,0,0,0,0,0,-1,0,0,0,0,0,0,0,0,1
41,2,3,1,0,0,0,0,0,0,0,0,11,3,0,0,0,0,0,0,0,0,-1,0,0,0,0,0,0,0,0,1
51,3,5,0,0,0,0,0,0,0,0,1,19,3,0,0,0,0,0,0,0,0,0,0,0,0,0,0,0,0,0,1
44,1,2,3,0,0,0,0,0,0,0,0,12,3,0,0,0,0,0,0,0,0,-1,0,0,0,0,0,0,0,0,1
11,1,0,0,0,0,0,0,0,0,0,0,11,3,0,0,0,0,0,0,0,0,-1,0,0,0,0,0,0,0,0,1
155,2,3,5,0,0,0,0,0,0,0,0,11,3,0,0,1,5,0,0,1,0,0,0,0,0,0,0,0,0,0,1
81,2,5,1,0,0,0,0,0,0,0,0,19,3,0,0,0,0,0,0,0,0,-1,0,0,0,0,0,0,0,0,1
258,3,3,0,0,0,0,0,0,0,0,1,26,2,0,0,0,5,0,0,1,0,0,0,0,0,0,0,0,0,0,1
99,2,6,2,0,0,0,0,0,0,0,0,20,3,0,0,1,1,0,0,1,0,0,0,0,0,0,0,0,0,0,1
43,2,2,1,0,0,0,0,0,0,0,0,12,3,0,0,0,0,0,0,0,0,-1,0,0,0,0,0,0,0,0,1
25,2,1,0,0,0,0,0,0,0,0,0,15,3,0,0,0,0,0,0,0,0,-1,0,0,0,0,0,0,0,0,1
70,1,5,5,0,0,0,0,0,0,0,0,14,3,0,0,0,0,0,0,0,0,0,0,0,0,0,0,0,0,0,1
137,3,3,3,0,0,0,0,0,0,0,1,24,2,0,0,0,5,0,0,1,0,0,0,0,0,0,0,0,0,0,1
80,1,5,5,0,0,0,0,0,0,0,0,16,3,0,0,1,0,0,0,0,0,-1,0,0,0,0,0,0,0,0,1
51,2,2,0,0,0,0,0,0,0,0,1,16,3,0,0,0,0,0,0,0,0,-1,0,0,0,0,0,0,0,0,1
29,1,1,0,0,0,0,0,0,0,0,0,21,3,0,0,1,1,0,0,1,0,-1,0,0,0,0,0,0,0,0,1
37,2,1,0,0,0,0,0,0,0,0,0,14,3,0,0,0,1,0,0,1,0,-1,0,0,0,0,0,0,0,0,1
34,1,0,1,0,0,0,0,1,0,0,0,34,3,0,0,0,0,0,0,0,0,-1,0,0,0,0,0,0,0,0,1
54,1,4,4,0,0,0,0,0,0,0,0,13,3,0,0,1,0,0,0,0,0,-1,0,0,0,0,0,0,0,0,1
36,2,2,0,0,0,0,0,0,0,0,0,15,3,0,0,0,0,0,0,0,0,-1,0,0,0,0,0,0,0,0,1
64,3,5,1,0,0,0,0,0,0,0,1,28,3,0,0,0,0,0,0,0,0,0,0,0,0,0,0,0,0,0,1
50,2,2,1,0,0,0,0,0,0,0,0,14,3,0,0,1,3,0,0,1,0,-1,0,0,0,0,0,0,0,0,1
24,2,0,0,0,0,0,0,0,0,0,1,24,3,0,0,0,0,0,0,0,0,-1,0,0,0,0,0,0,0,0,1
62,3,3,3,0,0,0,0,0,0,0,1,19,3,0,0,0,0,0,0,0,0,0,0,0,0,0,0,0,0,0,1
17,1,1,0,0,0,0,0,0,0,0,0,8,3,0,0,0,0,0,0,0,0,-1,0,0,0,0,0,0,0,0,1
12,1,0,0,0,0,0,0,0,0,0,0,12,3,0,0,0,0,0,0,0,0,-1,0,0,0,0,0,0,0,0,1
129,3,3,4,0,0,0,0,0,0,0,1,25,2,0,0,0,5,0,0,1,0,0,0,0,0,0,0,0,0,0,1
27,2,0,1,0,0,0,0,0,0,0,1,27,3,0,0,0,0,0,0,0,0,-1,0,0,0,0,0,0,0,0,1
46,2,2,1,0,0,0,0,0,0,0,0,20,3,0,0,1,0,0,0,0,0,-1,0,0,0,0,0,0,0,0,1
41,1,5,1,0,0,0,0,0,0,0,0,12,3,0,0,0,0,0,0,0,0,-1,0,0,0,0,0,0,0,0,1
67,3,3,0,0,0,0,0,0,0,0,1,20,3,0,0,0,3,0,0,1,0,0,0,0,0,0,0,0,0,0,1
53,1,2,3,0,0,0,0,0,0,0,0,11,3,0,0,0,0,0,0,0,0,-1,0,0,0,0,0,0,0,0,1
26,1,1,0,0,0,0,0,0,0,0,0,10,3,0,0,0,0,0,0,0,0,-1,0,0,0,0,0,0,0,0,1
32,4,1,0,0,0,0,0,0,0,0,0,12,3,0,0,0,0,0,0,0,0,-1,0,0,0,0,0,0,0,0,1
14,1,0,0,0,0,0,0,0,0,0,0,14,3,0,0,0,0,0,0,0,0,-1,0,0,0,0,0,0,0,0,1
82,3,3,0,0,0,0,0,0,0,0,1,16,2,0,0,0,5,0,0,1,0,0,0,0,0,0,0,0,0,0,1
90,1,4,9,0,0,0,0,0,0,0,0,11,3,0,0,1,0,0,0,0,0,0,0,0,0,0,0,0,0,0,1
117,2,4,0,0,0,0,0,0,0,0,0,13,3,0,0,1,5,0,0,1,0,0,0,0,0,0,0,0,1,0,1
175,2,3,2,0,0,0,0,0,0,0,0,18,2,0,0,0,5,0,0,1,0,0,0,0,0,0,0,0,0,0,1
18,1,1,0,0,0,0,0,0,0,0,0,12,3,0,0,0,0,0,0,0,0,-1,0,0,0,0,0,0,0,0,1
40,1,2,2,0,0,0,0,0,0,0,0,12,3,0,0,0,0,0,0,0,0,-1,0,0,0,0,0,0,0,0,1
112,2,3,3,0,0,0,0,0,0,0,0,16,2,0,0,0,5,0,0,1,0,0,0,0,0,0,0,0,0,0,1
73,2,3,7,0,0,0,0,0,0,0,0,11,3,0,0,1,0,0,0,0,0,-1,0,0,0,0,0,0,0,0,1
57,1,1,0,0,0,0,0,0,0,0,0,14,3,0,0,0,0,0,0,0,0,-1,0,0,0,0,0,0,0,0,1
31,1,1,0,0,0,0,0,0,0,0,0,11,3,0,0,0,1,0,0,1,0,-1,0,0,0,0,0,0,0,0,1
24,1,2,1,0,0,0,0,0,0,0,0,10,3,0,0,1,0,0,0,0,0,-1,0,0,0,0,0,0,0,0,1
27,2,1,1,0,0,0,0,0,0,0,0,10,3,0,0,0,0,0,0,0,0,-1,0,0,0,0,0,0,0,0,1
92,3,5,0,0,0,0,0,0,0,0,1,15,3,0,0,1,1,0,0,0,0,0,0,0,0,0,0,0,0,0,1
76,3,4,0,0,0,0,0,0,0,0,1,24,3,0,0,0,0,0,0,0,0,-1,0,0,0,0,0,0,0,0,1
33,3,1,0,0,0,0,0,0,0,0,1,19,3,0,0,0,0,0,0,0,0,-1,0,0,0,0,0,0,0,0,1
25,1,1,0,0,0,0,0,0,0,0,0,12,3,0,0,0,0,0,0,0,0,-1,0,0,0,0,0,0,0,0,1
33,2,2,0,0,0,0,0,0,0,0,1,16,3,0,0,0,0,0,0,0,0,-1,0,0,0,0,0,0,0,0,1
49,3,2,0,0,0,0,0,0,0,0,2,20,3,0,0,1,1,0,0,1,0,-1,0,0,0,0,0,0,0,0,1
94,1,7,4,0,0,0,0,0,0,0,0,10,3,0,0,1,0,0,0,0,0,0,0,0,0,0,0,0,0,0,1
117,2,3,1,0,0,0,0,0,0,0,0,17,2,0,0,0,5,0,0,1,0,0,0,0,0,0,0,0,0,0,1
15,1,0,1,0,0,0,0,0,0,0,0,15,2,0,0,0,0,0,0,0,0,-1,0,0,0,0,0,0,0,0,1
98,1,3,0,0,0,0,0,0,0,0,0,9,4,0,0,1,5,0,0,0,0,0,0,0,0,0,0,0,1,0,1
48,1,4,1,0,0,0,0,0,0,0,0,11,3,0,0,1,0,0,0,0,0,-1,0,0,0,0,0,0,0,0,1
105,2,8,1,0,0,0,0,0,0,0,0,13,3,0,1,0,5,0,0,1,0,1,0,0,0,0,1,0,0,1,1
87,2,3,0,0,0,0,0,0,0,0,0,19,3,0,0,1,5,0,0,1,0,0,0,0,0,0,0,0,0,0,1
57,1,3,4,0,0,0,0,0,0,0,0,10,3,0,0,1,0,0,0,0,0,-1,0,0,0,0,0,0,0,0,1
43,2,1,0,0,0,0,0,0,0,0,0,21,3,0,0,0,0,0,0,0,0,-1,0,0,0,0,0,0,0,0,1
122,4,3,1,0,0,0,0,0,0,0,1,29,2,0,0,1,5,0,0,1,0,0,0,0,0,0,0,0,0,0,1
93,3,3,7,0,0,0,0,0,0,0,1,18,2,0,0,1,0,0,0,0,0,-1,0,0,0,0,0,0,0,0,1
31,1,1,0,0,0,0,0,0,0,0,0,11,3,0,0,0,1,0,0,1,0,-1,0,0,0,0,0,0,0,0,1
36,1,4,0,0,0,0,0,0,0,0,0,9,3,0,0,1,0,0,0,0,0,-1,0,0,0,0,0,0,0,0,1
79,4,5,1,0,0,0,0,0,0,0,2,24,2,0,0,0,0,0,0,0,0,0,0,0,0,0,0,0,0,0,1
46,2,1,3,0,0,0,0,0,0,0,0,8,3,0,0,1,0,0,0,0,0,-1,0,0,0,0,0,0,0,0,1
41,1,4,1,0,0,0,0,0,0,0,0,9,3,0,0,0,0,0,0,0,0,-1,0,0,0,0,0,0,0,0,1
13,1,0,0,0,0,0,0,0,0,0,0,13,3,0,0,0,0,0,0,0,0,-1,0,0,0,0,0,0,0,0,1
147,3,8,5,0,0,0,0,0,0,0,1,32,3,0,0,1,0,0,0,0,0,0,0,0,0,0,1,0,0,0,1
32,2,1,0,0,0,0,0,0,0,0,0,12,3,0,0,0,0,0,0,0,0,-1,0,0,0,0,0,0,0,0,1
62,1,3,3,0,0,0,0,0,0,0,0,12,3,0,0,1,0,0,0,0,0,-1,0,0,0,0,0,0,0,0,1
31,1,1,0,0,0,0,0,0,0,0,0,11,3,0,0,0,1,0,0,1,0,-1,0,0,0,0,0,0,0,0,1
44,1,1,0,0,0,0,0,0,0,0,0,9,2,0,0,0,0,0,0,0,0,-1,0,0,0,0,0,0,0,0,1
23,1,1,1,0,0,0,0,0,0,0,0,17,3,0,0,0,0,0,0,0,0,-1,0,0,0,0,0,0,0,0,1
97,1,4,13,0,0,0,0,0,0,0,0,8,3,0,0,0,0,0,0,0,0,0,0,0,0,0,0,0,0,0,1
23,1,1,1,0,0,0,0,0,0,0,0,10,3,0,0,1,0,0,0,0,0,-1,0,0,0,0,0,0,0,0,1
80,1,5,5,0,0,0,0,0,0,0,0,26,2,0,0,0,0,0,0,0,0,0,0,0,0,0,0,0,0,0,1
112,3,5,0,0,0,0,0,0,0,0,1,16,3,0,0,1,3,0,0,1,0,0,0,0,0,0,0,0,0,0,1
36,1,2,1,0,0,0,0,0,0,0,0,21,3,0,0,0,0,0,0,0,0,-1,0,0,0,0,0,0,0,0,1
78,1,3,6,0,0,0,0,0,0,0,0,18,3,0,0,1,1,0,0,1,0,-1,0,0,0,0,0,0,0,0,1
39,3,3,0,0,0,0,0,0,0,0,2,16,3,0,0,1,0,0,0,0,0,-1,0,0,0,0,0,0,0,0,1
44,2,1,0,0,0,0,0,0,0,0,0,12,3,0,0,1,3,0,0,1,0,-1,0,0,0,0,0,0,0,0,1
49,2,4,1,0,0,0,0,0,0,0,1,19,3,0,0,0,0,0,0,0,0,0,0,0,0,0,0,0,0,0,1
130,8,5,7,0,0,0,0,0,1,1,2,24,2,0,0,1,0,0,0,0,0,0,0,0,0,0,0,0,0,0,1
40,2,4,0,0,0,0,0,0,0,0,0,9,3,0,0,1,0,0,0,0,0,-1,0,0,0,0,0,0,0,0,1
69,1,2,5,0,0,0,0,0,0,0,0,17,3,0,0,1,0,0,0,0,0,-1,0,0,0,0,0,0,0,0,1
44,2,2,3,0,0,0,0,0,0,0,0,16,3,0,0,0,0,0,0,0,0,-1,0,0,0,0,0,0,0,0,1
10,1,0,0,0,0,0,0,0,0,0,0,10,3,0,0,0,0,0,0,0,0,-1,0,0,0,0,0,0,0,0,1
35,1,3,1,0,0,0,0,0,0,0,0,10,3,0,0,1,0,0,0,0,0,-1,0,0,0,0,0,0,0,0,1
38,2,2,0,0,0,0,0,0,0,0,1,20,3,0,0,0,1,0,0,0,0,-1,0,0,0,0,0,0,1,0,1
20,1,0,0,0,0,0,0,0,0,0,0,20,3,0,0,0,0,0,0,0,0,-1,0,0,0,0,0,0,0,0,1
23,1,1,0,0,0,0,0,0,0,0,0,11,3,0,0,0,0,0,0,0,0,-1,0,0,0,0,0,0,0,0,1
105,3,3,1,0,0,0,0,0,0,0,1,18,3,0,0,0,5,0,0,1,0,0,0,0,0,0,0,0,0,0,1
37,2,1,0,0,0,0,0,0,0,0,0,12,3,0,0,1,1,0,0,1,0,-1,0,0,0,0,0,0,0,0,1
27,2,2,0,0,0,0,0,0,0,0,0,9,3,0,0,0,0,0,0,0,0,-1,0,0,0,0,0,0,0,0,1
31,1,2,1,0,0,0,0,0,0,0,0,10,3,0,0,1,0,0,0,0,0,-1,0,0,0,0,0,0,0,0,1
79,2,2,7,0,0,0,0,0,0,0,0,18,3,0,0,1,0,0,0,0,0,-1,0,0,0,0,0,0,0,0,1
19,1,0,0,0,0,0,0,0,0,0,0,19,3,0,0,0,0,0,0,0,0,-1,0,0,0,0,0,0,0,0,1
40,1,3,2,0,0,0,0,0,0,0,0,10,3,0,0,1,0,0,0,0,0,-1,0,0,0,0,0,0,0,0,1
38,2,3,0,0,0,0,0,0,0,0,0,12,3,0,0,1,0,0,0,0,0,-1,0,0,0,0,0,0,0,0,1
40,1,3,0,0,0,0,0,0,0,0,0,19,3,0,0,0,0,0,0,0,0,-1,0,0,0,0,0,0,0,0,1
75,2,3,1,0,0,0,0,0,0,0,0,22,3,0,0,0,5,0,0,1,0,0,0,0,0,0,0,0,0,0,1
115,2,9,6,0,0,0,0,0,0,0,1,9,2,0,0,0,0,0,0,0,0,0,0,0,0,0,1,0,0,0,1
82,2,4,4,0,0,0,0,0,0,0,1,24,3,0,0,0,0,0,0,0,0,0,0,0,0,0,0,0,0,0,1
65,1,3,5,0,0,0,0,0,0,0,0,11,3,0,0,1,0,0,0,0,0,-1,0,0,0,0,0,0,0,0,1
78,1,4,5,0,0,0,0,0,0,0,0,17,3,0,0,0,0,0,0,0,0,0,0,0,0,0,0,0,0,0,1
12,1,0,0,0,0,0,0,0,0,0,0,12,3,0,0,0,0,0,0,0,0,-1,0,0,0,0,0,0,0,0,1
31,1,1,1,0,0,0,0,0,0,0,0,11,3,0,0,0,1,0,0,1,0,-1,0,0,0,0,0,0,0,0,1
12,1,0,0,0,0,0,0,0,0,0,0,12,2,0,0,0,0,0,0,0,0,-1,0,0,0,0,0,0,0,0,1
17,1,0,0,0,0,0,0,0,0,0,0,17,3,0,0,0,0,0,0,0,0,-1,0,0,0,0,0,0,0,0,1
35,2,2,1,0,0,0,0,0,0,0,1,10,3,0,0,0,0,0,0,0,0,-1,0,0,0,0,0,0,0,0,1
99,3,3,2,0,0,0,0,0,0,0,1,34,2,0,0,0,5,0,0,1,0,0,0,0,0,0,0,0,0,0,1
98,2,4,13,0,0,0,0,0,0,0,0,9,2,0,0,1,0,0,0,0,0,0,0,0,0,0,0,0,0,0,1
16,2,0,0,0,0,0,0,0,0,0,1,16,2,0,0,0,0,0,0,0,0,-1,0,0,0,0,0,0,0,0,1
42,2,4,1,0,0,0,0,0,0,0,0,11,2,0,0,0,0,0,0,0,0,0,0,0,0,0,0,0,0,0,1
59,2,1,1,0,0,0,0,0,0,0,1,26,3,0,0,0,0,0,0,0,0,-1,0,0,0,0,0,0,0,0,1
68,2,1,0,0,0,0,0,0,0,0,0,18,3,0,0,1,3,0,0,1,0,-1,0,0,0,0,0,0,0,0,1
41,2,1,0,0,0,0,0,0,0,0,0,16,3,0,0,1,1,0,0,1,0,-1,0,0,0,0,0,0,0,0,1
32,1,0,0,0,0,0,0,0,0,0,0,32,3,0,0,0,0,0,0,0,0,-1,0,0,0,0,0,0,0,0,1
57,3,4,2,0,0,0,0,0,0,0,1,21,3,0,0,1,0,0,0,0,0,0,0,0,0,0,0,0,0,0,1
58,2,2,4,0,0,0,0,0,0,0,0,13,3,0,0,1,0,0,0,0,0,-1,0,0,0,0,0,0,0,0,1
99,3,3,0,0,0,0,0,0,0,0,1,28,3,0,0,0,5,0,0,1,0,0,0,0,0,0,0,0,0,0,1
19,1,0,0,0,0,0,0,0,0,0,0,19,3,0,0,0,0,0,0,0,0,-1,0,0,0,0,0,0,0,0,1
34,1,2,1,0,0,0,0,0,0,0,0,18,3,0,0,0,0,0,0,0,0,-1,0,0,0,0,0,0,0,0,1
68,4,2,1,0,0,0,0,0,0,0,2,24,3,0,0,1,5,0,0,1,0,-1,0,0,0,0,0,0,0,0,1
29,2,3,0,0,0,0,0,0,0,0,0,9,3,0,0,0,0,0,0,0,0,-1,0,0,0,0,0,0,0,0,1
71,1,3,0,0,0,0,0,0,0,0,0,9,4,0,0,1,5,0,0,0,0,0,0,0,0,0,0,0,1,0,1
20,1,0,0,0,0,0,0,0,0,0,0,20,3,0,0,0,0,0,0,0,0,-1,0,0,0,0,0,0,0,0,1
22,1,0,2,0,0,0,0,0,0,0,0,22,3,0,0,0,0,0,0,0,0,-1,0,0,0,0,0,0,0,0,1
98,1,3,0,0,0,0,0,0,0,0,0,9,4,0,0,1,5,0,0,0,0,0,0,0,0,0,0,0,1,0,1
27,1,0,2,0,0,0,0,0,1,1,0,27,3,0,0,0,0,0,0,0,0,-1,0,0,0,0,0,0,0,0,1
21,2,0,0,0,0,0,0,0,0,0,1,21,2,0,0,0,0,0,0,0,0,-1,0,0,0,0,0,0,0,0,1
34,1,2,1,0,0,0,0,0,0,0,0,12,3,0,0,0,0,0,0,0,0,-1,0,0,0,0,0,0,0,0,1
40,2,3,0,0,0,0,0,0,0,0,0,15,3,0,0,0,0,0,0,0,0,-1,0,0,0,0,0,0,0,0,1
24,1,0,1,0,0,0,0,0,0,0,0,24,2,0,0,0,0,0,0,0,0,-1,0,0,0,0,0,0,0,0,1
67,1,2,6,0,0,0,0,0,0,0,0,8,3,0,0,1,0,0,0,0,0,-1,0,0,0,0,0,0,0,0,1
55,3,4,1,0,0,0,0,0,0,0,1,20,3,0,0,1,0,0,0,0,0,-1,0,0,0,0,0,0,0,0,1
23,1,0,0,0,0,0,0,0,0,0,0,23,3,0,0,0,0,0,0,0,0,-1,0,0,0,0,0,0,0,0,1
45,2,5,0,0,0,0,0,0,0,0,0,11,3,0,0,1,0,0,0,0,0,-1,0,0,0,0,0,0,0,0,1
70,3,7,0,0,0,0,0,0,0,0,1,16,2,0,0,0,0,0,0,0,0,0,0,0,0,0,0,0,0,0,1
52,3,3,3,0,0,0,0,0,0,0,2,14,2,0,0,0,0,0,0,0,0,0,0,0,0,0,0,0,0,0,1
99,2,3,9,0,0,0,0,0,0,0,0,21,3,0,0,1,0,0,0,0,0,-1,0,0,0,0,0,0,0,0,1
64,1,3,5,0,0,0,0,0,0,0,0,12,3,0,0,1,0,0,0,0,0,-1,0,0,0,0,0,0,0,0,1
43,2,1,2,0,0,0,0,0,0,0,1,19,3,0,0,0,0,0,0,0,0,-1,0,0,0,0,0,0,0,0,1
17,1,0,0,0,0,0,0,0,0,0,0,17,3,0,0,0,0,0,0,0,0,-1,0,0,0,0,0,0,0,0,1
96,1,5,9,0,0,0,0,0,0,0,0,9,3,0,0,1,0,0,0,0,0,0,0,0,0,0,0,0,0,0,1
44,1,4,2,0,0,0,0,0,0,0,0,14,3,0,0,0,0,0,0,0,0,0,0,0,0,0,0,0,0,0,1
48,1,3,0,0,0,0,0,0,0,0,0,12,3,0,0,1,0,0,0,0,0,-1,0,0,0,0,0,0,0,0,1
50,1,2,3,0,0,0,0,0,0,0,0,8,3,0,0,0,0,0,0,0,0,-1,0,0,0,0,0,0,0,0,1
78,3,5,8,0,0,0,0,0,0,0,1,16,2,0,0,1,0,0,0,0,0,0,0,0,0,0,0,0,0,0,1
24,1,2,0,0,0,0,0,0,0,0,0,8,3,0,0,0,1,0,0,1,0,-1,0,0,0,0,0,0,0,0,1
149,1,4,20,0,0,0,0,0,0,0,0,13,3,0,0,0,0,0,0,0,0,0,0,0,0,0,0,0,0,0,1
23,1,1,0,0,0,0,0,0,0,0,0,11,3,0,0,0,0,0,0,0,0,-1,0,0,0,0,0,0,0,0,1
46,2,2,0,0,0,0,0,0,0,0,0,11,3,0,0,1,1,0,0,1,0,-1,0,0,0,0,0,0,0,0,1
57,1,2,0,0,0,0,0,0,0,0,0,21,3,0,0,0,0,0,0,0,0,-1,0,0,0,0,0,0,0,0,1
76,2,3,0,0,0,0,0,0,0,0,0,13,2,0,0,0,5,0,0,1,0,0,0,0,0,0,0,0,0,0,1
184,3,4,11,0,0,0,0,0,0,0,1,32,2,0,0,0,5,0,0,1,0,0,0,0,0,0,0,0,0,0,1
31,1,0,0,0,0,0,0,0,0,0,0,31,3,0,0,0,0,0,0,0,0,-1,0,0,0,0,0,0,0,0,1
110,4,3,0,0,0,0,0,0,0,0,2,42,2,0,0,0,5,0,0,1,0,0,0,0,0,0,0,0,0,0,1
19,1,0,2,0,0,1,0,0,0,0,0,19,3,0,0,0,0,0,0,0,0,-1,0,0,0,0,0,0,0,0,1
69,5,5,1,0,0,0,0,0,0,0,1,22,3,0,0,0,0,0,0,0,0,0,0,0,0,0,0,0,0,0,1
73,3,4,2,0,0,0,0,0,0,0,1,29,2,0,0,0,0,0,0,0,0,0,0,0,0,0,0,0,0,0,1
132,3,4,5,0,0,0,0,0,0,0,0,19,3,0,0,0,5,0,0,1,0,0,0,0,0,0,0,0,0,0,1
106,3,4,5,0,0,0,0,0,0,0,1,19,2,0,0,0,5,0,0,1,0,0,0,0,0,0,0,0,0,0,1
91,3,3,1,0,0,0,0,0,0,0,1,26,2,0,0,0,5,0,0,1,0,0,0,0,0,0,0,0,0,0,1
16,1,0,0,0,0,0,0,0,0,0,0,16,3,0,0,0,0,0,0,0,0,-1,0,0,0,0,0,0,0,0,1
19,2,0,0,0,0,0,0,0,0,0,1,19,3,0,0,0,0,0,0,0,0,-1,0,0,0,0,0,0,0,0,1
131,3,3,1,0,0,0,0,0,0,0,1,21,3,0,0,0,5,0,0,1,0,0,0,0,0,0,0,0,0,0,1
46,2,2,1,0,0,0,0,0,0,0,0,21,3,0,0,0,0,0,0,0,0,-1,0,0,0,0,0,0,0,0,1
30,2,1,0,0,0,0,0,0,0,0,0,19,3,0,0,0,0,0,0,0,0,-1,0,0,0,0,0,0,0,0,1
62,7,3,4,1,0,0,0,0,0,0,5,44,3,0,1,0,1,0,0,1,0,0,0,0,0,0,0,0,0,0,1
71,2,4,3,0,0,0,0,0,0,0,0,10,3,0,0,1,0,0,0,0,0,-1,0,0,0,0,0,0,0,0,1
92,2,5,2,0,0,0,0,0,0,0,0,14,3,0,0,0,3,0,0,1,0,0,0,0,0,0,0,0,0,0,1
42,2,1,0,0,0,0,0,0,0,0,0,18,3,0,0,0,0,0,0,0,0,-1,0,0,0,0,0,0,0,0,1
25,2,1,1,0,0,0,0,0,0,0,0,12,3,0,0,0,0,0,0,0,0,-1,0,0,0,0,0,0,0,0,1
79,2,2,7,0,0,0,0,0,0,0,0,18,3,0,0,1,0,0,0,0,0,-1,0,0,0,0,0,0,0,0,1
33,3,2,0,0,0,0,0,0,0,0,1,15,2,0,0,0,0,0,0,0,0,-1,0,0,0,0,0,0,0,0,1
13,1,0,0,0,0,0,0,0,0,0,0,13,3,0,0,0,0,0,0,0,0,-1,0,0,0,0,0,0,0,0,1
92,1,5,7,0,0,0,0,0,0,0,0,13,3,0,0,1,0,0,0,0,0,0,0,0,0,0,0,0,0,0,1
53,1,3,1,0,0,0,0,0,0,0,0,12,3,0,0,1,0,0,0,0,0,-1,0,0,0,0,0,0,0,0,1
39,2,3,0,0,0,0,0,0,0,0,0,8,3,0,0,0,0,0,0,0,0,-1,0,0,0,0,0,0,0,0,1
36,2,3,0,0,0,0,0,0,0,0,1,14,2,0,0,0,0,0,0,0,0,0,0,0,0,0,0,0,0,0,1
66,1,2,0,0,0,0,0,0,0,0,0,21,3,0,0,0,2,0,0,0,0,-1,0,0,0,0,0,0,1,0,1
17,1,0,0,0,0,0,0,0,0,0,0,17,3,0,0,0,0,0,0,0,0,-1,0,0,0,0,0,0,0,0,1
33,2,1,0,0,0,0,0,0,0,0,1,20,3,0,0,0,0,0,0,0,0,-1,0,0,0,0,0,0,0,0,1
15,1,0,0,0,0,0,0,0,0,0,0,15,3,0,0,0,0,0,0,0,0,-1,0,0,0,0,0,0,0,0,1
57,1,5,0,0,0,0,0,0,0,0,0,17,3,0,0,0,1,0,0,0,0,-1,0,0,0,0,0,0,1,0,1
122,3,4,2,0,0,0,0,0,0,0,1,20,3,0,0,0,5,0,0,1,0,0,0,0,0,0,0,0,0,0,1
46,2,2,2,0,0,0,0,0,0,0,0,14,3,0,0,0,0,0,0,0,0,-1,0,0,0,0,0,0,0,0,1
97,3,8,0,0,0,0,0,0,0,0,1,25,3,0,0,1,0,0,0,0,0,-1,0,0,0,0,1,0,0,0,1
38,2,1,2,0,0,0,0,0,0,0,0,17,3,0,0,0,0,0,0,0,0,-1,0,0,0,0,0,0,0,0,1
42,2,1,0,0,0,0,0,0,0,0,0,12,3,0,0,1,1,0,0,1,0,-1,0,0,0,0,0,0,0,0,1
38,2,2,2,0,0,0,0,0,0,0,0,12,3,0,0,0,0,0,0,0,0,-1,0,0,0,0,0,0,0,0,1
38,1,2,2,0,0,0,0,0,0,0,0,8,3,0,0,0,0,0,0,0,0,-1,0,0,0,0,0,0,0,0,1
27,1,2,0,0,0,0,0,0,0,0,0,18,3,0,0,0,0,0,0,0,0,-1,0,0,0,0,0,0,0,0,1
20,2,0,0,0,0,0,0,0,0,0,1,20,3,0,0,0,0,0,0,0,0,-1,0,0,0,0,0,0,0,0,1
86,1,8,4,0,0,0,0,0,0,0,0,10,3,0,0,1,0,0,0,0,0,0,0,0,0,0,1,0,0,0,1
24,2,0,0,0,0,0,0,0,0,0,1,24,3,0,0,0,0,0,0,0,0,-1,0,0,0,0,0,0,0,0,1
83,2,4,9,0,0,0,0,0,0,0,1,14,2,0,0,1,0,0,0,0,0,0,0,0,0,0,0,0,0,0,1
96,3,3,1,0,0,0,0,0,0,0,1,11,2,0,0,0,5,0,0,1,0,0,0,0,0,0,0,0,0,0,1
32,1,2,1,0,0,0,0,0,0,0,0,10,3,0,0,0,0,0,0,0,0,-1,0,0,0,0,0,0,0,0,1
48,1,2,3,0,0,0,0,0,0,0,0,10,3,0,0,1,0,0,0,0,0,-1,0,0,0,0,0,0,0,0,1
122,3,4,0,0,0,0,0,0,0,0,1,21,2,0,0,1,5,0,0,1,0,0,0,0,0,0,0,0,0,0,1
81,4,1,0,0,0,0,0,0,0,0,2,27,3,0,0,1,5,0,0,1,0,-1,0,0,0,0,0,0,0,0,1
36,2,1,0,0,0,0,0,0,0,0,0,12,3,0,0,1,1,0,0,1,0,-1,0,0,0,0,0,0,0,0,1
84,2,2,5,0,0,0,0,0,0,0,0,15,3,0,0,0,3,0,0,1,0,-1,0,0,0,0,0,0,0,0,1
25,2,0,0,0,0,0,0,0,0,0,1,25,3,0,0,0,0,0,0,0,0,-1,0,0,0,0,0,0,0,0,1
114,1,4,14,0,0,0,0,0,0,0,0,11,2,0,0,1,0,0,0,0,0,-1,0,0,0,0,0,0,0,0,1
106,2,5,11,0,0,0,0,0,0,0,1,14,3,0,0,1,0,0,0,0,0,-1,0,0,0,0,0,0,0,0,1
50,2,3,0,0,0,0,0,0,0,0,0,19,3,0,0,1,0,0,0,0,0,-1,0,0,0,0,0,0,0,0,1
38,2,1,1,0,0,0,0,0,0,0,1,18,3,0,0,0,0,0,0,0,0,-1,0,0,0,0,0,0,0,0,1
51,3,1,0,0,0,0,0,0,0,0,1,29,3,0,0,0,1,0,0,1,0,-1,0,0,0,0,0,0,0,0,1
115,2,8,11,0,0,0,0,0,0,0,0,14,3,0,0,1,0,0,0,0,0,0,0,1,0,0,1,0,0,0,1
31,1,1,1,0,0,0,0,0,0,0,0,11,3,0,0,0,1,0,0,1,0,-1,0,0,0,0,0,0,0,0,1
24,2,1,0,0,0,0,0,0,0,0,1,14,2,0,0,0,0,0,0,0,0,-1,0,0,0,0,0,0,0,0,1
109,2,4,14,0,0,0,0,0,0,0,0,9,2,0,0,1,0,0,0,0,0,0,0,0,0,0,0,0,0,0,1
98,4,3,0,0,0,0,0,0,0,0,2,23,2,0,0,0,5,0,0,1,0,0,0,0,0,0,0,0,0,0,1
24,1,1,0,0,0,0,0,0,0,0,0,11,3,0,0,0,0,0,0,0,0,-1,0,0,0,0,0,0,0,0,1
48,4,3,0,0,0,1,0,1,0,0,2,24,3,0,0,0,0,0,0,0,0,0,0,0,0,0,0,0,0,0,1
40,2,1,0,0,0,0,0,0,0,0,0,15,3,0,0,0,0,0,0,0,0,-1,0,0,0,0,0,0,0,0,1
96,2,3,3,0,0,0,0,0,0,0,0,14,2,0,0,1,5,0,0,1,0,0,0,0,0,0,0,0,0,0,1
70,2,4,1,0,0,0,1,1,0,1,1,23,2,0,0,1,0,0,0,0,0,0,0,0,0,0,0,0,0,0,1
91,1,2,12,0,0,0,0,0,0,0,0,18,3,0,0,0,0,0,0,0,0,-1,0,0,0,0,0,0,0,0,1
41,3,3,0,0,0,0,0,0,0,0,1,15,3,0,0,0,1,0,0,1,0,0,0,0,0,0,0,0,0,0,1
115,2,1,17,0,0,0,0,0,0,0,1,23,3,0,0,1,0,0,0,0,0,-1,0,0,0,0,0,0,0,0,1
32,2,1,0,0,0,0,0,0,0,0,0,17,3,0,0,0,0,0,0,0,0,-1,0,0,0,0,0,0,0,0,1
42,2,2,2,0,0,0,0,0,0,0,0,10,3,0,0,0,0,0,0,0,0,-1,0,0,0,0,0,0,0,0,1
65,1,3,4,0,0,0,0,0,0,0,0,10,3,0,0,1,0,0,0,0,0,-1,0,0,0,0,0,0,0,0,1
67,1,3,4,0,0,0,0,0,0,0,0,12,3,0,0,0,0,0,0,0,0,-1,0,0,0,0,0,0,0,0,1
40,1,4,0,0,0,0,0,0,0,0,0,8,3,0,0,0,0,0,0,0,0,-1,0,0,0,0,0,0,0,0,1
61,2,3,5,0,0,0,0,0,0,0,1,12,2,0,0,1,0,0,0,0,0,-1,0,0,0,0,0,0,0,0,1
39,2,2,0,0,0,0,0,0,0,0,0,20,3,0,0,0,0,0,0,0,0,-1,0,0,0,0,0,0,0,0,1
49,2,4,3,0,0,0,0,0,0,0,1,13,3,0,0,1,0,0,0,0,0,-1,0,0,0,0,0,0,0,0,1
32,2,2,0,0,0,0,0,0,0,0,0,10,3,0,0,1,0,0,0,0,0,-1,0,0,0,0,0,0,0,0,1
48,1,3,3,0,0,0,0,0,0,0,0,11,3,0,0,0,0,0,0,0,0,-1,0,0,0,0,0,0,0,0,1
58,2,2,0,0,0,0,0,0,0,0,1,17,3,0,0,1,1,0,0,1,0,-1,0,0,0,0,0,0,0,0,1
39,1,2,1,0,0,0,0,0,0,0,0,13,3,0,0,0,0,0,0,0,0,-1,0,0,0,0,0,0,0,0,1
32,2,2,0,0,0,0,0,0,0,0,1,15,2,0,0,0,0,0,0,0,0,-1,0,0,0,0,0,0,0,0,1
34,1,2,1,0,0,0,0,0,0,0,0,14,3,0,0,0,0,0,0,0,0,-1,0,0,0,0,0,0,0,0,1
124,3,2,3,0,0,0,0,0,0,0,1,25,3,0,0,1,5,0,0,1,0,-1,0,0,0,0,0,0,0,0,1
23,2,1,0,0,0,0,0,0,0,0,0,12,3,0,0,0,0,0,0,0,0,-1,0,0,0,0,0,0,0,0,1
26,1,1,0,0,0,0,0,0,0,0,0,11,3,0,0,0,0,0,0,0,0,-1,0,0,0,0,0,0,0,0,1
54,2,5,0,0,0,0,0,0,0,0,1,12,2,0,0,0,1,0,0,0,0,0,0,0,0,0,0,0,0,0,1
82,3,3,0,0,0,0,0,0,0,0,1,17,3,0,0,0,5,0,0,1,0,0,0,0,0,0,0,0,0,0,1
133,3,3,2,0,0,0,0,0,0,0,1,28,3,0,0,0,5,0,0,1,0,0,0,0,0,0,0,0,0,0,1
87,2,4,5,0,0,0,0,0,0,0,1,21,3,0,0,1,0,0,0,0,0,-1,0,0,0,0,0,0,0,0,1
50,1,2,1,0,0,0,0,0,0,0,0,11,3,0,0,0,0,0,0,0,0,-1,0,0,0,0,0,0,0,0,1
14,2,0,0,0,0,0,0,0,0,0,1,14,2,0,0,0,0,0,0,0,0,-1,0,0,0,0,0,0,0,0,1
21,1,0,0,0,0,0,0,0,0,0,0,21,3,0,0,0,0,0,0,0,0,-1,0,0,0,0,0,0,0,0,1
55,2,1,5,0,0,0,0,0,0,0,0,11,3,0,0,1,0,0,0,0,0,-1,0,0,0,0,0,0,0,0,1
43,2,4,1,0,0,0,0,0,0,0,0,20,3,0,0,0,0,0,0,0,0,0,0,0,0,0,0,0,0,0,1
33,2,1,0,0,0,0,0,0,0,0,1,23,3,0,0,0,0,0,0,0,0,-1,0,0,0,0,0,0,0,0,1
19,1,0,0,0,0,0,0,0,0,0,0,19,3,0,0,0,0,0,0,0,0,-1,0,0,0,0,0,0,0,0,1
46,3,2,2,0,0,0,0,0,0,0,1,14,3,0,0,1,0,0,0,0,0,-1,0,0,0,0,0,0,0,0,1
32,1,2,0,0,0,0,0,0,0,0,0,9,3,0,0,1,0,0,0,0,0,-1,0,0,0,0,0,0,0,0,1
64,2,3,0,0,0,0,0,0,0,0,0,16,3,0,0,1,0,0,0,0,0,-1,0,0,0,0,0,0,0,0,1
58,2,1,9,0,0,0,0,0,0,0,0,18,3,0,0,0,0,0,0,0,0,-1,0,0,0,0,0,0,0,0,1
15,1,0,0,0,0,0,0,0,0,0,0,15,3,0,0,0,0,0,0,0,0,-1,0,0,0,0,0,0,0,0,1
25,1,2,0,0,0,0,0,0,0,0,0,13,3,0,0,0,0,0,0,0,0,-1,0,0,0,0,0,0,0,0,1
96,2,3,9,0,0,0,0,0,0,0,0,13,3,0,0,1,0,0,0,0,0,-1,0,0,0,0,0,0,0,0,1
84,1,7,7,0,0,0,0,0,0,0,0,11,3,0,0,0,0,0,0,0,0,0,0,0,0,0,0,0,0,0,1
81,2,5,6,0,0,0,0,0,0,0,1,23,3,0,0,0,0,0,0,0,0,0,0,0,0,0,0,0,0,0,1
29,1,1,1,0,0,0,0,0,0,0,0,17,2,0,0,0,1,0,0,1,0,-1,0,0,0,0,0,0,0,0,1
65,1,2,0,0,0,0,0,0,0,0,0,17,3,0,0,0,2,0,0,0,0,-1,0,0,0,0,0,0,1,0,1
70,3,3,4,0,0,0,0,0,0,0,1,25,3,0,0,1,0,0,0,0,0,-1,0,0,0,0,0,0,0,0,1
73,2,2,5,0,0,0,0,0,0,0,0,12,3,0,0,1,0,0,0,1,0,-1,0,0,0,0,0,0,0,0,1
23,1,0,1,0,0,0,0,0,0,0,0,23,3,0,0,0,0,0,0,0,0,-1,0,0,0,0,0,0,0,0,1
50,3,3,1,0,0,0,0,0,0,0,1,25,3,0,0,0,0,0,0,0,0,0,0,0,0,0,0,0,0,0,1
56,1,5,1,0,0,0,0,0,0,0,0,11,3,0,0,1,0,0,0,0,0,-1,0,0,0,0,0,0,0,0,1
33,1,1,2,0,0,0,0,0,0,0,0,15,3,0,0,0,0,0,0,0,0,-1,0,0,0,0,0,0,0,0,1
70,2,4,6,0,0,0,0,0,0,0,1,25,3,0,0,1,0,0,0,0,0,-1,0,0,0,0,0,0,0,0,1
18,1,0,0,0,0,0,0,0,0,0,0,18,3,0,0,0,0,0,0,0,0,-1,0,0,0,0,0,0,0,0,1
85,3,3,1,0,0,0,0,0,0,0,1,20,2,0,0,0,5,0,0,1,0,0,0,0,0,0,0,0,0,0,1
14,1,0,1,0,0,0,0,0,0,0,0,14,3,0,0,0,0,0,0,0,0,-1,0,0,0,0,0,0,0,0,1
69,3,3,4,0,0,0,0,0,0,0,1,27,3,0,0,1,0,0,0,0,0,-1,0,0,0,0,0,0,0,0,1
13,1,0,0,0,0,0,0,0,0,0,0,13,4,0,0,0,0,0,0,0,0,-1,0,0,0,0,0,0,0,0,1
14,1,0,0,0,0,0,0,0,0,0,0,14,3,0,0,0,0,0,0,0,0,-1,0,0,0,0,0,0,0,0,1
76,3,3,7,0,0,0,0,0,0,0,1,29,3,0,0,1,0,0,0,0,0,-1,0,0,0,0,0,0,0,0,1
43,1,2,0,0,0,0,0,0,0,0,0,13,3,0,0,0,0,0,0,0,0,-1,0,0,0,0,0,0,0,0,1
44,2,2,1,0,0,0,0,0,0,0,1,10,3,0,0,0,0,0,0,0,0,-1,0,0,0,0,0,0,0,0,1
31,2,1,1,0,0,0,0,0,0,0,1,18,3,0,0,0,0,0,0,0,0,-1,0,0,0,0,0,0,0,0,1
85,3,3,1,0,0,0,0,0,0,0,1,20,2,0,0,0,5,0,0,1,0,0,0,0,0,0,0,0,0,0,1
46,1,2,0,0,0,0,0,0,0,0,0,18,3,0,0,0,0,0,0,0,0,-1,0,0,0,0,0,0,0,0,1
24,1,1,0,0,0,0,0,0,0,0,0,15,3,0,0,0,0,0,0,0,0,-1,0,0,0,0,0,0,0,0,1
26,2,1,0,0,0,0,0,0,0,0,0,12,3,0,0,0,0,0,0,0,0,-1,0,0,0,0,0,0,0,0,1
18,1,0,0,0,0,0,0,0,0,0,0,18,3,0,0,0,0,0,0,0,0,-1,0,0,0,0,0,0,0,0,1
76,3,3,3,0,0,0,0,0,0,0,1,27,3,0,0,1,0,0,0,0,0,-1,0,0,0,0,0,0,0,0,1
102,1,4,12,0,0,0,0,0,0,0,0,8,3,0,0,0,0,0,0,0,0,0,0,0,0,0,0,0,0,0,1
36,2,1,0,0,0,0,0,0,0,0,0,12,3,0,0,0,0,0,0,0,0,-1,0,0,0,0,0,0,0,0,1
93,3,4,0,0,0,0,0,0,0,0,1,25,3,0,0,1,0,0,0,0,0,-1,0,0,0,0,0,0,0,0,1
43,2,3,1,0,0,0,0,0,0,0,1,19,2,0,0,0,1,0,0,1,0,0,0,0,0,0,0,0,0,0,1
26,1,1,0,0,0,0,0,0,0,0,0,10,3,0,0,0,0,0,0,0,0,-1,0,0,0,0,0,0,0,0,1
96,3,3,0,0,0,0,0,0,0,0,1,25,3,0,0,0,5,0,0,1,0,0,0,0,0,0,0,0,0,0,1
29,2,0,0,0,0,0,0,0,0,0,1,29,3,0,0,0,0,0,0,0,0,-1,0,0,0,0,0,0,0,0,1
61,4,4,1,0,0,0,0,0,0,0,1,32,2,0,0,0,0,0,0,0,0,0,0,0,0,0,0,0,0,0,1
31,1,1,0,0,0,0,0,0,0,0,0,11,3,0,0,0,1,0,0,1,0,-1,0,0,0,0,0,0,0,0,1
95,2,3,1,0,0,0,0,0,0,0,0,17,2,0,0,0,5,0,0,1,0,0,0,0,0,0,0,0,0,0,1
70,3,3,0,0,0,0,0,0,0,0,1,20,3,0,0,0,4,0,0,1,0,-1,0,0,0,0,0,0,1,0,1
24,2,0,0,0,0,0,0,0,0,0,1,24,3,0,0,0,0,0,0,0,0,-1,0,0,0,0,0,0,0,0,1
40,3,2,0,0,0,0,0,0,0,0,1,22,3,0,0,0,0,0,0,0,0,-1,0,0,0,0,0,0,0,0,1
34,2,2,1,0,0,0,0,0,0,0,1,16,3,0,0,0,0,0,0,0,0,-1,0,0,0,0,0,0,0,0,1
36,3,3,0,0,0,0,0,0,0,0,1,13,3,0,0,0,1,0,0,1,0,0,0,0,0,0,0,0,0,0,1
30,2,1,0,0,0,0,0,0,0,0,1,22,3,0,0,0,0,0,0,0,0,-1,0,0,0,0,0,0,0,0,1
19,2,0,0,0,0,0,0,0,0,0,1,19,2,0,0,0,0,0,0,0,0,-1,0,0,0,0,0,0,0,0,1
11,1,0,0,0,0,0,0,0,0,0,0,11,3,0,0,0,0,0,0,0,0,-1,0,0,0,0,0,0,0,0,1
77,1,4,4,0,0,0,0,0,0,0,0,10,3,0,0,1,0,0,0,0,0,-1,0,0,0,0,0,0,0,0,1
31,3,0,0,0,0,0,0,0,0,0,2,31,2,0,0,0,0,0,0,0,0,-1,0,0,0,0,0,0,0,0,1
68,3,3,0,0,0,0,0,0,0,0,1,14,2,0,0,0,5,0,0,1,0,0,0,0,0,0,0,0,0,0,1
31,2,2,0,0,0,0,0,0,0,0,1,18,3,0,0,0,0,0,0,0,0,-1,0,0,0,0,0,0,0,0,1
24,2,0,0,0,0,0,0,0,0,0,1,24,3,0,0,0,0,0,0,0,0,-1,0,0,0,0,0,0,0,0,1
28,1,1,0,0,0,0,0,0,0,0,0,11,3,0,0,0,0,0,0,0,0,-1,0,0,0,0,0,0,0,0,1
16,1,1,0,0,0,0,0,0,0,0,0,13,3,0,0,0,0,0,0,0,0,-1,0,0,0,0,0,0,0,0,1
127,2,6,15,0,0,0,0,0,0,0,0,11,3,0,0,1,1,0,0,1,0,0,1,0,0,0,0,0,0,0,1
50,2,1,2,0,0,0,0,0,0,0,0,24,3,0,0,0,0,0,0,0,0,-1,0,0,0,0,0,0,0,0,1
57,1,3,0,0,0,0,0,0,0,0,0,14,3,0,0,1,0,0,0,0,0,-1,0,0,0,0,0,0,0,0,1
51,2,5,2,0,0,0,0,0,0,0,1,15,3,0,0,0,0,0,0,0,0,-1,0,0,0,0,0,0,0,0,1
24,2,1,0,0,0,0,0,0,0,0,1,17,3,0,0,0,0,0,0,0,0,-1,0,0,0,0,0,0,0,0,1
70,2,4,0,0,0,0,0,0,0,0,0,14,3,0,0,1,1,0,0,1,0,-1,0,0,0,0,0,0,0,0,1
29,1,2,2,0,0,0,0,0,0,0,0,10,3,0,0,1,0,0,0,0,0,-1,0,0,0,0,0,0,0,0,1
91,3,2,0,0,0,0,0,0,0,0,1,10,2,0,0,1,5,0,0,1,0,-1,0,0,0,0,0,0,0,0,1
58,1,2,6,0,0,0,0,0,0,0,0,8,3,0,0,0,0,0,0,0,0,-1,0,0,0,0,0,0,0,0,1
25,2,1,1,0,0,0,0,0,0,0,1,15,3,0,0,0,0,0,0,0,0,-1,0,0,0,0,0,0,0,0,1
37,1,4,0,0,0,0,0,0,0,0,0,8,3,0,0,0,0,0,0,0,0,-1,0,0,0,0,0,0,0,0,1
19,1,1,0,0,0,0,0,0,0,0,0,11,3,0,0,0,0,0,0,0,0,-1,0,0,0,0,0,0,0,0,1
35,1,2,0,0,0,0,0,0,0,0,0,11,3,0,0,1,0,0,0,0,0,-1,0,0,0,0,0,0,0,0,1
67,2,6,0,0,0,0,0,0,0,0,0,13,3,0,0,1,0,0,0,0,0,0,0,0,0,0,0,0,0,0,1
66,4,2,1,0,0,0,0,0,0,0,2,24,3,0,0,1,5,0,0,1,0,-1,0,0,0,0,0,0,0,0,1
14,1,0,0,0,0,0,0,0,0,0,0,14,3,0,0,0,0,0,0,0,0,-1,0,0,0,0,0,0,0,0,1
17,2,1,0,0,0,0,0,0,0,0,0,8,3,0,0,0,0,0,0,0,0,-1,0,0,0,0,0,0,0,0,1
47,1,2,3,0,0,0,0,0,0,0,0,16,3,0,0,0,0,0,0,0,0,-1,0,0,0,0,0,0,0,0,1
62,2,3,0,0,0,0,0,0,0,0,0,13,3,0,0,1,0,0,0,0,0,-1,0,0,0,0,0,0,0,0,1
29,1,0,0,0,0,0,0,0,0,0,0,29,3,0,0,0,0,0,0,0,0,-1,0,0,0,0,0,0,0,0,1
30,1,2,0,0,0,0,0,0,0,0,0,18,3,0,0,0,0,0,0,0,0,-1,0,0,0,0,0,0,0,0,1
28,1,2,0,0,0,0,0,0,0,0,0,17,3,0,0,0,0,0,0,0,0,-1,0,0,0,0,0,0,0,0,1
82,2,6,0,0,0,0,0,0,0,0,1,25,2,0,0,1,0,0,0,0,0,0,0,0,0,0,0,0,0,0,1
115,3,4,0,0,0,0,0,0,0,0,1,24,3,0,0,0,5,0,0,1,0,0,0,0,0,0,0,0,0,0,1
84,3,3,0,0,0,0,0,0,0,0,1,23,2,0,0,0,5,0,0,1,0,0,0,0,0,0,0,0,0,0,1
75,3,3,3,0,0,0,0,0,0,0,1,28,3,0,0,1,0,0,0,0,0,-1,0,0,0,0,0,0,0,0,1
38,2,2,0,0,0,0,0,0,0,0,0,20,3,0,0,1,0,0,0,0,0,-1,0,0,0,0,0,0,0,0,1
89,2,1,2,0,0,0,0,0,0,0,0,17,3,0,0,1,1,0,0,1,0,-1,0,0,0,0,0,0,0,0,1
91,1,7,7,0,0,0,0,0,0,0,0,12,3,0,0,1,0,0,0,0,0,0,0,0,0,0,0,0,0,0,1
67,1,6,0,0,0,0,0,0,0,0,0,10,3,0,0,1,0,0,0,0,0,-1,0,0,0,0,0,0,0,0,1
112,4,3,1,0,0,0,0,0,0,0,1,20,2,0,0,1,5,0,0,1,0,0,0,0,0,0,0,0,0,0,1
101,4,4,3,0,0,0,0,0,0,0,2,32,2,0,0,0,3,0,0,1,0,0,0,0,0,0,0,0,0,0,1
26,2,1,0,0,0,0,0,0,0,0,0,12,3,0,0,0,0,0,0,0,0,-1,0,0,0,0,0,0,0,0,1
77,2,3,0,0,0,0,0,0,0,0,0,22,3,0,0,0,5,0,0,1,0,0,0,0,0,0,0,0,0,0,1
87,1,12,0,0,0,0,0,0,0,0,0,15,3,0,0,1,0,0,0,0,0,0,0,0,0,0,1,0,0,0,1
32,2,2,0,0,0,0,0,0,0,0,1,16,3,0,0,0,0,0,0,0,0,-1,0,0,0,0,0,0,0,0,1
25,1,0,0,0,0,0,0,0,0,0,0,25,3,0,0,0,0,0,0,0,0,-1,0,0,0,0,0,0,0,0,1
38,3,3,0,0,0,0,0,0,0,0,1,17,2,0,0,0,0,0,0,0,0,0,0,0,0,0,0,0,0,0,1
184,4,3,3,0,0,0,0,0,0,0,2,22,2,0,0,0,5,0,0,1,0,0,0,0,0,0,0,0,0,0,1
31,1,1,0,0,0,0,0,0,0,0,0,11,3,0,0,0,1,0,0,1,0,-1,0,0,0,0,0,0,0,0,1
57,3,2,0,0,0,0,0,0,0,0,1,16,3,0,0,0,2,0,0,0,0,-1,0,0,0,0,0,0,1,0,1
33,1,2,1,0,0,0,0,0,0,0,0,11,3,0,0,0,0,0,0,0,0,-1,0,0,0,0,0,0,0,0,1
18,1,0,0,0,0,0,0,0,0,0,0,18,3,0,0,0,0,0,0,0,0,-1,0,0,0,0,0,0,0,0,1
82,1,3,0,0,0,0,0,0,0,0,0,8,3,0,0,0,0,0,0,0,0,-1,0,0,0,0,0,0,0,0,1
10,1,0,0,0,0,0,0,0,0,0,0,10,3,0,0,0,0,0,0,0,0,-1,0,0,0,0,0,0,0,0,1
31,2,2,0,0,0,0,0,0,0,0,0,9,3,0,0,0,0,0,0,0,0,-1,0,0,0,0,0,0,0,0,1
44,1,2,2,0,0,0,0,0,0,0,0,22,3,0,0,0,0,0,0,0,0,-1,0,0,0,0,0,0,0,0,1
17,2,0,0,0,0,0,0,0,0,0,1,17,2,0,0,0,0,0,0,0,0,-1,0,0,0,0,0,0,0,0,1
51,2,2,1,0,0,0,0,0,0,0,0,14,3,0,0,1,3,0,0,1,0,-1,0,0,0,0,0,0,0,0,1
37,2,2,1,0,0,0,0,0,0,0,1,16,3,0,0,0,0,0,0,0,0,-1,0,0,0,0,0,0,0,0,1
106,2,3,0,0,0,0,0,0,0,0,0,16,3,0,0,1,5,0,0,1,0,0,0,0,0,0,0,0,0,0,1
47,2,2,2,0,0,0,0,0,0,0,0,14,3,0,0,0,0,0,0,0,0,-1,0,0,0,0,0,0,0,0,1
63,1,1,8,0,0,0,0,0,0,0,0,9,2,0,0,1,0,0,0,0,0,-1,0,0,0,0,0,0,0,0,1
46,4,1,0,0,0,0,0,0,0,0,1,22,3,0,0,1,1,0,0,1,0,-1,0,0,0,0,0,0,0,0,1
99,3,3,2,0,0,0,0,0,0,0,1,27,3,0,0,0,5,0,0,1,0,0,0,0,0,0,0,0,0,0,1
50,2,2,0,0,0,0,0,0,0,0,1,19,3,0,0,0,0,0,0,0,0,-1,0,0,0,0,0,0,0,0,1
46,2,3,2,0,0,0,0,0,0,0,0,6,3,0,0,0,0,0,0,0,0,-1,0,0,0,0,0,0,0,0,1
42,1,2,2,0,0,0,0,0,0,0,0,27,3,0,0,0,0,0,0,0,0,-1,0,0,0,0,0,0,0,0,1
20,1,0,3,0,0,0,0,0,0,0,0,20,3,0,0,0,0,0,0,0,0,-1,0,0,0,1,0,0,0,0,1
72,2,3,0,0,0,0,0,0,0,0,0,19,2,0,0,0,5,0,0,1,0,0,0,0,0,0,0,0,0,0,1
61,1,2,1,0,0,0,0,0,0,0,0,16,3,0,0,1,0,0,0,0,0,-1,0,0,0,0,0,0,0,0,1
24,2,0,0,0,0,0,0,0,0,0,1,24,3,0,0,0,0,0,0,0,0,-1,0,0,0,0,0,0,0,0,1
29,2,3,0,0,0,0,0,0,0,0,0,8,3,0,0,0,0,0,0,0,0,-1,0,0,0,0,0,0,0,0,1
29,2,1,0,0,0,0,0,0,0,0,0,12,3,0,0,0,0,0,0,0,0,-1,0,0,0,0,0,0,0,0,1
41,1,4,1,0,0,0,0,0,0,0,0,14,3,0,0,0,0,0,0,0,0,0,0,0,0,0,0,0,0,0,1
133,2,7,15,0,0,0,0,0,0,0,1,10,3,0,0,1,0,0,0,0,0,0,0,0,0,0,0,0,0,0,1
61,1,2,6,0,0,0,0,0,0,0,0,11,3,0,0,0,0,0,0,0,0,-1,0,0,0,0,0,0,0,0,1
98,1,5,12,0,0,0,0,0,0,0,0,17,3,0,0,1,0,0,0,0,0,0,0,0,0,0,0,0,0,0,1
42,2,2,0,0,0,0,0,0,0,0,0,10,3,0,0,0,0,0,0,0,0,-1,0,0,0,0,0,0,0,0,1
62,1,3,0,0,0,0,0,0,0,0,0,9,4,0,0,1,5,0,0,0,0,0,0,0,0,0,0,0,1,0,1
61,2,1,6,0,0,0,0,0,0,0,0,9,3,0,0,1,0,0,0,0,0,-1,0,0,0,0,0,0,0,0,1
23,1,2,0,0,0,0,0,0,0,0,0,8,3,0,0,1,0,0,0,0,0,-1,0,0,0,0,0,0,0,0,1
33,2,1,0,0,0,0,0,0,0,0,0,17,3,0,0,0,0,0,0,0,0,-1,0,0,0,0,0,0,0,0,1
15,1,0,0,0,0,0,0,0,0,0,0,15,3,0,0,0,0,0,0,0,0,-1,0,0,0,0,0,0,0,0,1
31,1,1,1,0,0,0,0,0,0,0,0,11,3,0,0,0,1,0,0,1,0,-1,0,0,0,0,0,0,0,0,1
122,2,7,9,0,0,0,0,0,0,0,1,15,2,0,0,0,0,0,0,0,0,0,0,0,0,0,0,0,0,0,1
35,1,2,3,0,0,0,0,0,0,0,0,11,3,0,0,0,0,0,0,0,0,-1,0,0,0,0,0,0,0,0,1
115,3,5,6,0,0,0,0,0,0,0,1,18,2,0,0,0,0,0,0,0,0,0,0,0,0,0,0,0,0,0,1
116,3,3,3,0,0,0,0,0,0,0,1,26,3,0,0,1,5,0,0,1,0,-1,0,0,0,0,0,0,0,0,1
101,2,3,0,0,0,0,0,0,0,0,0,15,3,0,0,0,5,0,0,1,0,0,0,0,0,0,0,0,0,0,1
50,5,0,0,0,0,0,0,0,0,0,4,50,5,0,0,0,0,0,0,0,0,-1,0,0,0,0,0,0,0,0,1
37,1,1,4,0,0,0,0,0,0,0,0,11,3,0,0,1,0,0,0,0,0,-1,0,0,0,0,0,0,0,0,1
24,1,1,0,0,0,0,0,0,0,0,0,11,3,0,0,0,0,0,0,0,0,-1,0,0,0,0,0,0,0,0,1
43,3,1,0,0,0,0,0,0,0,0,2,29,3,0,0,1,1,0,0,1,0,-1,0,0,0,0,0,0,0,0,1
44,3,3,0,0,0,0,0,0,0,0,2,18,3,0,0,1,1,0,0,1,0,-1,0,0,0,0,0,0,0,0,1
29,2,1,0,0,0,0,0,0,0,0,0,15,3,0,0,0,0,0,0,0,0,-1,0,0,0,0,0,0,0,0,1
33,2,2,0,0,0,0,0,0,0,0,1,20,3,0,0,0,0,0,0,0,0,-1,0,0,0,0,0,0,0,0,1
32,2,2,2,0,0,0,0,0,0,0,0,8,3,0,0,1,0,0,0,0,0,-1,0,0,0,0,0,0,0,0,1
85,2,2,0,0,0,0,0,0,0,0,1,16,3,0,0,1,4,0,0,0,0,-1,0,0,0,0,0,0,1,0,1
20,1,0,0,0,0,0,0,0,0,0,0,20,3,0,0,0,0,0,0,0,0,-1,0,0,0,0,0,0,0,0,1
70,2,3,0,0,0,0,0,0,0,0,0,16,3,0,0,0,0,0,0,0,0,-1,0,0,0,0,0,0,0,0,1
35,2,1,0,0,0,0,0,0,0,0,0,25,3,0,0,0,0,0,0,0,0,-1,0,0,0,0,0,0,0,0,1
21,2,0,0,0,0,0,0,0,0,0,1,21,2,0,0,0,0,0,0,0,0,-1,0,0,0,0,0,0,0,0,1
26,1,1,0,0,0,0,0,0,0,0,0,10,3,0,0,1,0,0,0,0,0,-1,0,0,0,0,0,0,0,0,1
21,2,0,0,0,0,0,0,0,0,0,1,21,2,0,0,0,0,0,0,0,0,-1,0,0,0,0,0,0,0,0,1
61,2,6,0,0,0,0,0,0,0,0,0,12,3,0,0,1,0,0,0,0,0,-1,0,0,0,0,0,0,0,0,1
27,1,1,0,0,0,0,0,0,0,0,0,9,3,0,0,1,0,0,0,0,0,-1,0,0,0,0,0,0,0,0,1
78,2,6,0,0,0,0,0,0,0,0,0,15,2,0,0,0,5,0,0,1,0,0,0,0,0,0,0,0,1,0,1
47,2,2,0,0,0,0,0,0,0,0,0,18,3,0,0,0,0,0,0,0,0,-1,0,0,0,0,0,0,0,0,1
169,3,3,10,0,0,0,0,0,0,0,1,14,2,0,0,1,5,0,0,1,0,0,0,0,0,0,0,0,0,0,1
49,2,4,2,0,0,0,0,0,0,0,1,19,3,0,0,0,0,0,0,0,0,0,0,0,0,0,0,0,0,0,1
46,2,3,0,0,0,0,0,0,0,0,0,22,3,0,0,0,0,0,0,0,0,-1,0,0,0,0,0,0,0,0,1
37,2,1,2,0,0,0,0,0,0,0,0,19,3,0,0,0,0,0,0,0,0,-1,0,0,0,0,0,0,0,0,1
66,1,1,0,0,0,0,0,0,0,0,0,8,3,0,0,0,4,0,0,1,0,-1,0,0,0,0,0,0,1,0,1
76,2,3,0,0,0,0,0,0,0,0,0,11,3,0,0,0,5,0,0,1,0,0,0,0,0,0,0,0,0,0,1
46,3,4,2,0,0,0,0,0,0,0,2,17,2,0,0,0,0,0,0,0,0,0,0,0,0,0,0,0,0,0,1
44,3,1,0,0,0,0,0,0,0,0,1,23,3,0,0,0,0,0,0,0,0,-1,0,0,0,0,0,0,0,0,1
136,1,5,5,0,0,0,0,0,0,0,0,6,2,0,0,0,5,0,0,0,0,0,0,0,0,0,0,0,1,0,1
23,1,0,0,0,0,0,0,0,0,0,0,23,4,0,0,0,0,0,0,0,0,-1,0,0,0,0,0,0,0,0,1
99,1,4,9,0,0,0,0,0,0,0,0,16,3,0,0,1,0,0,0,0,0,0,0,0,0,0,0,0,0,0,1
40,1,5,2,0,0,0,0,0,0,0,0,12,3,0,0,0,0,0,0,0,0,-1,0,0,0,0,0,0,0,0,1
72,2,1,0,0,0,0,0,0,0,0,1,30,3,0,0,0,0,0,0,0,0,-1,0,0,0,0,0,0,0,0,1
40,2,4,0,0,0,0,0,0,0,0,0,13,3,0,0,0,0,0,0,0,0,0,0,0,0,0,0,0,0,0,1
107,2,3,1,0,0,0,0,0,0,0,0,10,3,0,0,0,5,0,0,1,0,0,0,0,0,0,0,0,0,0,1
77,3,3,0,0,0,0,0,0,0,0,1,10,2,0,0,0,5,0,0,1,0,0,0,0,0,0,0,0,0,0,1
49,3,1,1,0,0,0,0,0,0,0,1,17,2,0,0,0,1,0,0,1,0,-1,0,1,0,0,0,0,0,0,1
38,1,2,1,0,0,0,0,0,0,0,0,20,3,0,0,0,0,0,0,0,0,-1,0,0,0,0,0,0,0,0,1
44,4,3,0,0,0,0,0,0,0,0,2,26,2,0,0,0,0,0,0,0,0,0,0,0,0,0,0,0,0,0,1
62,2,1,5,0,0,0,0,0,0,0,1,15,3,0,0,1,0,0,0,0,0,-1,0,0,0,0,0,0,0,0,1
136,2,7,10,0,0,0,0,0,0,0,1,15,2,0,0,0,0,0,0,0,0,0,0,0,0,0,0,0,0,0,1
20,1,1,0,0,0,0,0,0,0,0,0,17,3,0,0,0,0,0,0,0,0,-1,0,0,0,0,0,0,0,0,1
38,3,3,0,0,0,0,0,0,0,0,1,16,2,0,0,0,0,0,0,0,0,0,0,0,0,0,0,0,0,0,1
106,13,3,0,0,0,0,0,0,0,0,1,19,3,0,0,1,0,0,0,0,0,-1,0,0,0,0,0,0,0,0,1
101,2,2,12,0,0,0,0,0,0,0,0,14,3,0,0,1,0,0,0,0,0,-1,0,0,0,0,0,0,0,0,1
84,2,3,0,0,0,0,0,0,0,0,0,19,2,0,0,0,5,0,0,1,0,0,0,0,0,0,0,0,0,0,1
35,1,1,4,0,0,0,0,0,0,0,0,9,2,0,0,1,0,0,0,0,0,-1,0,0,0,0,0,0,0,0,1
83,1,7,3,0,0,0,0,0,0,0,0,12,3,0,0,1,0,0,0,0,0,0,0,0,0,0,0,0,0,0,1
42,1,4,0,0,0,0,0,0,0,0,0,8,3,0,0,0,0,0,0,0,0,-1,0,0,0,0,0,0,0,0,1
42,2,2,0,0,0,0,0,0,0,0,1,16,3,0,0,0,0,0,0,0,0,-1,0,0,0,0,0,0,0,0,1
65,2,3,3,0,0,0,0,0,0,0,0,15,3,0,0,0,0,0,0,0,0,-1,0,0,0,0,0,0,0,0,1
33,2,2,0,0,0,0,0,0,0,0,1,16,3,0,0,0,0,0,0,0,0,-1,0,0,0,0,0,0,0,0,1
44,2,2,0,0,0,0,0,0,0,0,0,19,3,0,0,0,0,0,0,0,0,-1,0,0,0,0,0,0,0,0,1
98,3,2,12,0,0,0,0,0,0,0,1,14,3,0,0,1,0,0,0,0,0,-1,0,0,0,0,0,0,0,0,1
17,1,0,0,0,0,0,0,0,0,0,0,17,3,0,0,0,0,0,0,0,0,-1,0,0,0,0,0,0,0,0,1
78,4,4,5,0,0,0,0,0,0,0,2,25,2,0,0,0,0,0,0,0,0,0,0,0,0,0,0,0,0,0,1
45,3,2,0,0,0,0,0,0,0,0,1,28,3,0,0,0,0,0,0,0,0,-1,0,0,0,0,0,0,0,0,1
61,1,3,2,0,0,0,0,0,0,0,0,12,3,0,0,1,0,0,0,0,0,-1,0,0,0,0,0,0,0,0,1
65,3,6,0,0,0,0,0,0,0,0,1,15,3,0,0,0,0,0,0,0,0,-1,0,0,0,0,0,0,0,0,1
121,1,6,12,0,0,0,0,0,0,0,0,17,3,0,0,0,0,0,0,0,0,0,0,0,0,0,0,0,0,0,1
65,1,4,6,0,0,0,0,0,0,0,0,17,3,0,0,0,0,0,0,0,0,0,0,0,0,0,0,0,0,0,1
24,2,0,0,0,0,0,0,0,0,0,1,24,3,0,0,0,0,0,0,0,0,-1,0,0,0,0,0,0,0,0,1
54,2,2,0,0,0,0,0,0,0,0,0,12,3,0,0,0,1,0,0,1,0,-1,0,0,0,0,0,0,0,0,1
51,2,2,3,0,0,0,0,0,0,0,0,13,3,0,0,1,0,0,0,0,0,-1,0,0,0,0,0,0,0,0,1
56,3,2,0,0,0,0,0,0,0,0,1,13,2,0,0,0,0,0,0,0,0,-1,0,0,0,0,0,0,0,0,1
104,2,4,0,0,0,0,0,0,0,0,0,10,3,0,0,0,5,0,0,1,0,0,0,0,0,0,0,0,0,0,1
17,1,0,0,0,0,0,0,0,0,0,0,17,3,0,0,0,0,0,0,0,0,-1,0,0,0,0,0,0,0,0,1
107,3,3,0,0,0,0,0,0,0,0,1,16,2,0,0,0,5,0,0,1,0,0,0,0,0,0,0,0,0,0,1
51,2,1,0,0,0,0,0,0,0,0,0,22,3,0,0,1,1,0,0,1,0,-1,0,0,0,0,0,0,0,0,1
64,3,3,4,0,0,0,0,0,0,0,1,21,3,0,0,1,0,0,0,0,0,-1,0,0,0,0,0,0,0,0,1
45,3,3,0,0,0,0,0,0,0,0,1,16,3,0,0,0,1,0,0,1,0,0,0,0,0,0,0,0,0,0,1
181,2,5,0,0,0,0,0,0,0,0,0,21,3,0,0,0,4,0,0,1,0,0,0,0,0,0,0,0,0,0,1
63,3,7,3,0,0,0,0,0,0,0,1,13,3,0,0,1,0,0,0,0,0,0,0,0,0,0,0,0,0,0,1
30,2,2,0,0,0,0,0,0,0,0,0,15,3,0,0,1,0,0,0,0,0,-1,0,0,0,0,0,0,0,0,1
67,2,3,0,0,0,0,0,0,0,0,0,12,3,0,0,0,5,0,0,1,0,0,0,0,0,0,0,0,0,0,1
129,2,5,11,0,0,0,0,0,0,0,0,12,3,0,0,1,0,0,0,0,0,-1,0,0,0,0,0,0,0,0,1
37,1,3,0,0,0,0,0,0,0,0,0,16,3,0,0,0,0,0,0,0,0,-1,0,0,0,0,0,0,0,0,1
83,1,3,10,0,0,0,0,0,0,0,0,10,3,0,0,1,0,0,0,0,0,0,0,0,0,0,0,0,0,0,1
13,1,0,0,0,0,0,0,0,0,0,0,13,3,0,0,0,0,0,0,0,0,-1,0,0,0,0,0,0,0,0,1
85,1,3,12,0,0,0,0,0,0,0,0,22,3,0,0,1,0,0,0,0,0,-1,0,0,0,0,0,0,0,0,1
39,1,2,0,0,0,0,0,0,0,0,0,18,3,0,0,1,0,0,0,0,0,-1,0,0,0,0,0,0,0,0,1
31,1,1,0,0,0,0,0,0,0,0,0,11,3,0,0,0,1,0,0,1,0,-1,0,0,0,0,0,0,0,0,1
129,2,1,1,0,0,0,0,0,0,0,0,15,3,0,0,1,5,0,0,1,0,-1,0,0,0,0,0,0,1,0,1
18,1,0,0,0,0,0,0,0,0,0,0,18,3,0,0,0,0,0,0,0,0,-1,0,0,0,0,0,0,0,0,1
33,1,3,0,0,0,0,0,0,0,0,0,10,3,0,0,0,1,0,0,1,0,-1,0,0,0,0,0,0,0,0,1
10,1,0,0,0,0,0,0,0,0,0,0,10,3,0,0,0,0,0,0,0,0,-1,0,0,0,0,0,0,0,0,1
99,3,6,9,0,0,0,0,0,0,0,1,17,3,0,0,0,0,0,0,0,0,0,0,0,0,0,0,0,0,0,1
95,1,5,11,0,0,0,0,0,0,0,0,7,3,0,0,1,0,0,0,0,0,0,0,0,0,0,0,0,0,0,1
83,1,3,9,0,0,0,0,0,0,0,0,15,3,0,0,1,0,0,0,0,0,0,0,0,0,0,0,0,0,0,1
72,4,3,4,0,0,0,0,0,0,0,2,22,3,0,0,1,0,0,0,0,0,-1,0,0,0,0,0,0,0,0,1
92,4,3,0,0,0,0,0,0,0,0,2,27,2,0,0,0,5,0,0,1,0,0,0,0,0,0,0,0,0,0,1
60,2,2,4,0,0,0,0,0,0,0,0,14,3,0,0,1,0,0,0,0,0,-1,0,0,0,0,0,0,0,0,1
95,3,3,1,0,0,0,0,0,0,0,1,17,2,0,0,0,5,0,0,1,0,0,0,0,0,0,0,0,0,0,1
57,6,5,1,0,0,1,0,0,0,0,4,26,3,0,0,0,0,0,0,1,0,0,0,0,0,0,0,0,0,0,1
39,1,2,2,0,0,0,0,0,0,0,0,14,3,0,0,0,0,0,0,0,0,-1,0,0,0,0,0,0,0,0,1
33,1,3,1,0,0,0,0,0,0,0,0,10,3,0,0,0,0,0,0,0,0,-1,0,0,0,0,0,0,0,0,1
31,1,1,2,0,0,0,0,0,0,0,0,8,3,0,0,0,0,0,0,0,0,-1,0,0,0,0,0,0,0,0,1
31,2,1,0,0,0,0,0,0,0,0,0,15,3,0,0,0,1,0,0,1,0,-1,0,0,0,0,0,0,0,0,1
53,3,1,0,0,0,0,0,0,0,0,1,26,3,0,0,0,1,0,0,1,0,-1,0,0,0,0,0,0,0,0,1
169,1,4,0,0,0,0,0,0,0,0,0,9,2,0,0,0,5,0,0,0,0,0,0,0,0,0,0,0,1,0,1
12,1,0,0,0,0,0,0,0,0,0,0,12,3,0,0,0,0,0,0,0,0,-1,0,0,0,0,0,0,0,0,1
289,2,3,1,0,0,0,0,0,0,0,0,11,3,0,0,0,5,0,0,1,0,1,0,0,0,0,0,0,1,1,1
63,2,2,0,0,0,0,0,0,0,0,0,11,3,0,0,0,0,0,0,0,0,-1,0,0,0,0,0,0,0,0,1
37,2,3,1,0,0,0,0,0,0,0,0,18,3,0,0,1,0,0,0,0,0,-1,0,0,0,0,0,0,0,0,1
56,2,1,4,0,0,0,0,0,0,0,0,15,3,0,0,0,0,0,0,0,0,-1,0,0,0,0,0,0,0,0,1
26,2,0,0,0,0,0,0,0,0,0,1,26,3,0,0,0,0,0,0,0,0,-1,0,0,0,0,0,0,0,0,1
45,2,4,0,0,0,0,0,0,0,0,0,19,3,0,0,0,0,0,0,0,0,0,0,0,0,0,0,0,0,0,1
69,2,1,7,0,0,0,0,0,0,0,1,22,3,0,0,0,0,0,0,0,0,-1,0,0,0,0,0,0,0,0,1
22,2,1,0,0,0,0,0,0,0,0,0,12,3,0,0,0,0,0,0,0,0,-1,0,0,0,0,0,0,0,0,1
114,1,5,8,1,0,0,0,0,0,0,0,9,3,0,1,1,3,0,0,1,0,0,0,0,0,0,0,0,0,0,1
22,1,0,0,0,0,0,0,0,0,0,0,22,3,0,0,0,0,0,0,0,0,-1,0,0,0,0,0,0,0,0,1
27,1,2,1,0,0,0,0,0,0,0,0,15,3,0,0,0,0,0,0,0,0,-1,0,0,0,0,0,0,0,0,1
82,3,4,1,0,0,0,0,0,0,0,1,23,2,0,0,0,5,0,0,1,0,0,0,0,0,0,0,0,0,0,1
55,3,1,1,0,0,0,0,0,0,0,1,29,3,0,0,0,1,0,0,1,0,-1,0,0,0,0,0,0,0,0,1
31,1,1,0,0,0,0,0,0,0,0,0,11,3,0,0,0,1,0,0,1,0,-1,0,0,0,0,0,0,0,0,1
32,1,1,0,0,0,0,0,0,0,0,0,16,3,0,0,0,0,0,0,0,0,-1,0,0,0,0,0,0,0,0,1
30,1,2,0,0,0,0,0,0,0,0,0,15,3,0,0,0,0,0,0,0,0,-1,0,0,0,0,0,0,0,0,1
71,3,2,4,0,0,0,0,0,0,0,1,14,3,0,0,1,0,0,0,0,0,-1,0,0,0,0,0,0,0,0,1
59,1,5,2,0,0,0,0,0,0,0,0,11,3,0,0,1,0,0,0,0,0,-1,0,0,0,0,0,0,0,0,1
71,1,3,0,0,0,0,0,0,0,0,0,9,4,0,0,1,5,0,0,0,0,0,0,0,0,0,0,0,1,0,1
24,1,2,0,0,0,0,0,0,0,0,0,8,3,0,0,1,0,0,0,0,0,-1,0,0,0,0,0,0,0,0,1
29,1,1,1,0,0,0,0,0,0,0,0,10,3,0,0,0,0,0,0,0,0,-1,0,0,0,0,0,0,0,0,1
97,3,3,0,0,0,0,0,0,0,0,1,18,2,0,0,0,5,0,0,1,0,0,0,0,0,0,0,0,0,0,1
12,1,0,0,0,0,0,0,0,0,0,0,12,2,0,0,0,0,0,0,0,0,-1,0,0,1,0,0,0,0,0,1
37,2,2,0,0,0,0,0,0,0,0,0,13,3,0,0,0,0,0,0,0,0,-1,0,0,0,0,0,0,0,0,1
80,2,3,0,0,0,0,0,0,0,0,0,15,3,0,0,0,5,0,0,1,0,0,0,0,0,0,0,0,0,0,1
59,2,3,0,0,0,0,0,0,0,0,0,22,3,0,0,0,1,0,0,1,0,-1,0,0,0,0,0,0,0,0,1
50,2,2,3,0,0,0,0,0,0,0,1,43,3,0,0,0,0,0,0,0,0,0,0,0,0,0,0,0,0,0,1
86,1,7,5,0,0,0,0,0,0,0,0,6,2,0,0,1,0,0,0,0,0,0,0,0,0,0,0,0,0,0,1
40,1,4,0,0,0,0,0,0,0,0,0,15,3,0,0,0,0,0,0,0,0,-1,0,0,0,0,0,0,0,0,1
40,1,4,0,0,0,0,0,0,0,0,0,8,3,0,0,0,0,0,0,0,0,-1,0,0,0,0,0,0,0,0,1
39,3,3,1,0,0,0,0,0,0,0,1,21,2,0,0,0,0,0,0,0,0,0,0,0,0,0,0,0,0,0,1
33,1,1,0,0,0,0,0,0,0,0,0,21,3,0,0,0,0,0,0,0,0,-1,0,0,0,0,0,0,0,0,1
103,1,7,7,0,0,0,0,0,0,0,0,10,3,0,0,1,0,0,0,0,0,0,0,0,0,0,0,0,0,0,1
19,1,0,1,0,0,0,0,0,0,0,0,19,3,0,0,0,0,0,0,0,0,-1,0,0,0,0,0,0,0,0,1
33,2,1,0,0,0,0,0,0,0,0,1,23,3,0,0,0,0,0,0,0,0,-1,0,0,0,0,0,0,0,0,1
105,1,6,11,0,0,0,0,0,0,0,0,14,3,0,0,1,0,0,0,0,0,0,0,0,0,0,0,0,0,0,1
115,1,4,10,0,0,0,0,0,0,0,0,15,3,0,0,1,0,0,0,0,0,-1,0,0,0,0,0,0,0,0,1
20,1,0,0,0,0,0,0,0,0,0,0,20,3,0,0,0,0,0,0,0,0,-1,0,0,0,0,0,0,0,0,1
85,1,6,5,0,0,0,0,0,0,0,0,14,3,0,0,1,0,0,0,0,0,0,0,0,0,0,0,0,0,0,1
54,2,2,3,0,0,0,0,0,0,0,0,16,3,0,0,1,0,0,0,0,0,-1,0,0,0,0,0,0,0,0,1
72,2,3,0,0,0,0,0,0,0,0,0,9,3,0,0,0,5,0,0,1,0,0,0,0,0,0,0,0,0,0,1
24,2,1,0,0,0,0,0,0,0,0,1,15,3,0,0,0,0,0,0,0,0,-1,0,0,0,0,0,0,0,0,1
67,2,1,0,0,0,0,0,0,0,0,0,27,3,0,0,1,3,0,0,1,0,-1,0,0,0,0,0,0,0,0,1
26,1,1,0,0,0,0,0,0,0,0,0,11,3,0,0,0,0,0,0,0,0,-1,0,0,0,0,0,0,0,0,1
99,6,7,3,0,0,0,0,0,0,0,1,25,3,0,0,0,1,0,0,1,0,0,0,0,0,0,0,0,0,0,1
101,4,17,0,0,0,0,0,0,0,0,0,8,3,0,0,0,0,0,0,0,0,0,0,0,0,0,1,0,0,0,1
134,3,3,1,0,0,1,0,0,0,0,1,20,2,0,0,0,5,0,0,1,0,0,0,0,0,0,0,0,0,0,1
44,2,2,3,0,0,0,0,0,0,0,0,8,3,0,0,1,0,0,0,0,0,-1,0,0,0,0,0,0,0,0,1
119,3,4,0,0,0,0,0,0,0,0,1,16,3,0,0,0,5,0,0,1,0,0,0,0,0,0,0,0,0,0,1
54,2,3,0,0,0,0,0,0,0,0,0,8,3,0,0,1,1,0,0,1,0,-1,0,0,0,0,0,0,0,0,1
49,2,2,0,0,0,0,0,0,0,0,1,21,3,0,0,0,0,0,0,0,0,-1,0,0,0,0,0,0,0,0,1
50,1,3,2,0,0,0,0,0,0,0,0,10,3,0,0,1,0,0,0,0,0,-1,0,0,0,0,0,0,0,0,1
62,2,5,1,0,0,0,0,0,0,0,1,22,3,0,0,0,0,0,0,0,0,-1,0,0,0,0,0,0,0,0,1
43,3,4,1,0,0,0,0,0,0,0,1,16,2,0,0,0,0,0,0,0,0,0,0,0,0,0,0,0,0,0,1
43,3,3,0,0,0,0,0,0,0,0,1,25,3,0,0,0,0,0,0,0,0,0,0,0,0,0,0,0,0,0,1
38,1,2,2,0,0,0,0,0,0,0,0,11,3,0,0,0,0,0,0,0,0,-1,0,0,0,0,0,0,0,0,1
146,2,2,1,0,0,0,0,0,0,0,0,20,3,0,0,1,5,0,0,1,0,-1,0,0,0,0,0,0,0,0,1
14,1,0,0,0,0,0,0,0,0,0,0,14,2,0,0,0,0,0,0,0,0,-1,0,0,0,0,0,0,0,0,1
90,1,10,0,0,0,0,0,0,0,0,0,6,2,0,0,0,0,0,0,0,0,0,0,0,0,0,1,0,0,0,1
49,2,2,0,0,0,0,0,0,0,0,0,9,3,0,0,0,0,0,0,0,0,-1,0,0,0,0,0,0,0,0,1
13,2,0,0,0,0,0,0,0,0,0,1,13,3,0,0,0,0,0,0,0,0,-1,0,0,0,0,0,0,0,0,1
87,3,7,4,0,0,0,0,0,0,0,1,29,3,0,0,1,0,0,0,0,0,-1,0,0,0,0,0,0,0,0,1
23,1,0,1,0,0,0,0,0,0,0,0,23,7,0,0,0,0,0,0,0,0,-1,0,0,0,0,0,0,0,0,1
81,2,3,0,0,0,0,0,0,0,0,0,11,3,0,0,1,0,0,0,0,0,-1,0,0,0,0,0,0,0,0,1
37,2,1,0,0,0,0,0,0,0,0,0,12,3,0,0,1,1,0,0,1,0,-1,0,0,0,0,0,0,0,0,1
72,2,2,0,0,0,0,0,0,0,0,1,16,3,0,0,1,1,0,0,0,0,-1,0,0,0,0,0,0,1,0,1
41,1,3,0,0,0,0,0,0,0,0,0,10,3,0,0,0,0,0,0,0,0,-1,0,0,0,0,0,0,0,0,1
44,3,3,0,0,0,0,0,0,0,0,2,18,3,0,0,1,1,0,0,1,0,-1,0,0,0,0,0,0,0,0,1
53,3,3,0,0,0,0,0,0,0,0,1,21,3,0,0,0,0,0,0,0,0,-1,0,0,0,0,0,0,0,0,1
15,1,0,0,0,0,0,0,0,0,0,0,15,3,0,0,0,0,0,0,0,0,-1,0,0,0,0,0,0,0,0,1
45,2,2,1,0,0,0,0,0,0,0,0,21,3,0,0,0,0,0,0,0,0,-1,0,0,0,0,0,0,0,0,1
16,2,0,0,0,0,0,0,0,0,0,1,16,3,0,0,0,0,0,0,0,0,-1,0,0,0,0,0,0,0,0,1
35,2,2,0,0,0,0,0,0,0,0,1,16,3,0,0,0,0,0,0,0,0,-1,0,0,0,0,0,0,0,0,1
125,3,4,9,0,0,0,0,0,0,0,1,30,3,0,0,0,0,0,0,0,0,0,0,0,0,0,0,0,0,0,1
19,1,0,0,0,0,0,0,0,0,0,0,19,3,0,0,0,0,0,0,0,0,-1,0,0,0,0,0,0,0,0,1
25,1,0,2,0,0,0,0,0,0,0,0,25,2,0,0,0,0,0,0,0,0,-1,0,0,1,0,0,0,0,0,1
20,1,3,0,0,0,0,0,0,0,0,0,10,3,0,0,0,0,0,0,1,0,-1,0,0,0,0,0,0,0,0,1
65,5,2,0,0,0,0,0,0,0,0,3,41,3,0,0,0,0,0,0,0,0,-1,0,0,0,0,0,0,0,0,1
71,5,2,0,0,0,0,0,0,0,0,3,41,3,0,0,0,0,0,0,0,0,-1,0,0,0,0,0,0,0,0,1
27,2,2,0,0,0,0,0,0,0,0,1,16,3,0,0,0,0,0,0,0,0,-1,0,0,0,0,0,0,0,0,1
47,3,3,2,0,0,0,0,0,0,0,1,20,2,0,0,0,0,0,0,0,0,0,0,0,0,0,0,0,0,0,1
64,2,2,3,0,0,0,0,0,0,0,0,10,3,0,0,0,0,0,0,0,0,-1,0,0,0,0,0,0,0,0,1
92,1,6,10,0,0,0,0,0,0,0,0,6,3,0,0,1,0,0,0,0,0,0,0,0,0,0,0,0,0,0,1
48,1,4,2,0,0,0,0,0,0,0,0,11,3,0,0,0,0,0,0,0,0,0,0,0,0,0,0,0,0,0,1
33,2,4,0,0,0,0,0,0,0,0,1,15,3,0,0,0,0,0,0,0,0,-1,0,0,0,0,0,0,0,0,1
36,2,1,0,0,0,0,0,0,0,0,1,20,3,0,0,0,0,0,0,0,0,-1,0,0,0,0,0,0,0,0,1
67,3,3,5,0,0,0,0,0,0,0,1,22,3,0,0,1,0,0,0,0,0,-1,0,0,0,0,0,0,0,0,1
41,2,1,3,0,0,0,0,0,0,0,0,14,3,0,0,1,0,0,0,0,0,-1,0,0,0,0,0,0,0,0,1
30,1,2,0,0,0,0,0,0,0,0,0,18,3,0,0,0,0,0,0,0,0,-1,0,0,0,0,0,0,0,0,1
31,1,3,0,0,0,0,0,0,0,0,0,9,2,0,0,0,1,0,0,1,0,-1,0,0,0,0,0,0,0,0,1
70,2,4,3,0,0,0,0,0,0,0,0,18,3,0,0,1,0,0,0,0,0,-1,0,0,0,0,0,0,0,0,1
42,3,0,0,0,0,0,0,0,0,0,2,42,2,0,0,0,0,0,0,0,0,-1,0,0,0,0,0,0,0,0,1
31,2,2,0,0,0,0,0,0,0,0,1,21,3,0,0,0,0,0,0,0,0,-1,0,0,0,0,0,0,0,0,1
42,1,5,1,0,0,0,0,0,0,0,0,12,3,0,0,0,0,0,0,0,0,-1,0,0,0,0,0,0,0,0,1
88,2,5,4,0,0,0,0,0,0,0,0,15,2,0,0,0,0,0,0,0,0,0,0,0,0,0,0,0,0,0,1
47,1,3,0,0,0,0,0,0,0,0,0,25,3,0,0,0,0,0,0,0,0,-1,0,0,0,0,0,0,0,0,1
29,1,3,0,0,0,0,0,0,0,0,0,8,3,0,0,1,0,0,0,0,0,-1,0,0,0,0,0,0,0,0,1
63,1,3,4,0,0,0,0,0,0,0,0,10,3,0,0,1,0,0,0,0,0,-1,0,0,0,0,0,0,0,0,1
55,4,1,0,0,0,0,0,0,0,0,2,32,3,0,0,0,1,0,0,1,0,-1,0,0,0,0,0,0,0,0,1
29,2,2,1,0,0,0,0,0,0,0,0,13,3,0,0,1,0,0,0,0,0,-1,0,0,0,0,0,0,0,0,1
31,1,2,1,0,0,0,0,0,0,0,0,12,3,0,0,0,0,0,0,0,0,-1,0,0,0,0,0,0,0,0,1
47,2,1,0,0,0,0,0,0,0,0,1,35,3,0,0,0,0,0,0,0,0,-1,0,0,0,0,0,0,0,0,1
16,1,0,0,0,0,0,0,0,0,0,0,16,3,0,0,0,0,0,0,0,0,-1,0,0,0,0,0,0,0,0,1
30,2,2,0,0,0,0,0,0,0,0,0,18,3,0,0,0,0,0,0,0,0,-1,0,0,0,0,0,0,0,0,1
16,1,0,0,0,0,0,0,0,0,0,0,16,3,0,0,0,0,0,0,0,0,-1,0,0,0,0,0,0,0,0,1
104,3,3,0,0,0,0,0,0,0,0,1,26,2,0,0,0,5,0,0,1,0,0,0,0,0,0,0,0,0,0,1
26,2,1,0,0,0,0,0,0,0,0,1,17,3,0,0,0,1,0,0,1,0,-1,0,0,0,0,0,0,0,0,1
25,1,0,0,0,0,0,0,0,0,0,0,25,3,0,0,0,0,0,0,0,0,-1,0,0,0,0,0,0,0,0,1
17,1,0,0,0,0,0,0,0,0,0,0,17,3,0,0,0,0,0,0,0,0,-1,0,0,0,0,0,0,0,0,1
91,1,4,12,0,0,0,0,0,0,0,0,8,3,0,0,0,0,0,0,0,0,0,0,0,0,0,0,0,0,0,1
70,1,3,5,0,0,0,0,0,0,0,0,15,3,0,0,0,0,0,0,0,0,-1,0,0,0,0,0,0,0,0,1
76,2,3,3,0,0,0,0,0,0,0,0,17,3,0,0,0,1,0,0,1,0,-1,0,0,0,0,0,0,0,0,1
25,3,0,0,0,0,0,0,0,0,0,2,25,2,0,0,0,0,0,0,0,0,-1,0,0,0,0,0,0,0,0,1
9,1,0,0,0,0,0,0,0,0,0,0,9,3,0,0,0,0,0,0,0,0,-1,0,0,0,0,0,0,0,0,1
37,1,5,1,0,0,0,0,0,0,0,0,12,3,0,0,0,0,0,0,0,0,-1,0,0,0,0,0,0,0,0,1
33,1,1,0,0,0,0,0,0,0,0,0,12,3,0,0,0,0,0,0,0,0,-1,0,0,0,0,0,0,0,0,1
33,2,2,1,0,0,0,0,0,0,0,1,9,2,0,0,0,0,0,0,0,0,-1,0,0,0,0,0,0,0,0,1
18,2,0,0,0,0,0,0,0,0,0,1,18,3,0,0,0,0,0,0,0,0,-1,0,0,0,0,0,0,0,0,1
44,1,2,1,0,0,0,0,0,0,0,0,16,3,0,0,1,0,0,0,0,0,-1,0,0,0,0,0,0,0,0,1
55,2,1,1,0,0,0,0,0,0,0,0,18,3,0,0,0,3,0,0,1,0,-1,0,0,0,0,0,0,1,0,1
33,1,3,0,0,0,0,0,0,0,0,0,12,3,0,0,0,0,0,0,0,0,-1,0,0,0,0,0,0,0,0,1
55,2,4,0,0,0,0,0,0,0,0,0,26,3,0,0,0,0,0,0,0,0,0,0,0,0,0,0,0,0,0,1
28,2,1,1,0,0,0,0,0,0,0,1,18,3,0,0,0,0,0,0,0,0,-1,0,0,0,0,0,0,0,0,1
37,3,3,1,0,0,0,0,0,0,0,1,17,2,0,0,0,0,0,0,0,0,0,0,0,0,0,0,0,0,0,1
16,1,0,0,0,0,0,0,0,0,0,0,16,3,0,0,0,0,0,0,0,0,-1,0,0,0,0,0,0,0,0,1
34,3,1,0,0,0,0,0,0,0,0,1,10,3,0,0,1,1,0,0,1,0,-1,0,0,0,0,0,0,0,0,1
33,2,2,0,0,0,0,0,0,0,0,1,17,3,0,0,0,0,0,0,0,0,-1,0,0,0,0,0,0,0,0,1
44,2,2,0,0,0,0,0,0,0,0,1,20,3,0,0,0,0,0,0,0,0,-1,0,0,0,0,0,0,0,0,1
36,2,2,0,0,0,0,0,0,0,0,1,16,3,0,0,0,0,0,0,0,0,-1,0,0,0,0,0,0,0,0,1
44,1,2,1,0,0,0,0,0,0,0,0,21,2,0,0,1,0,0,0,0,0,-1,0,0,0,0,0,0,0,0,1
26,3,1,0,0,0,0,0,0,0,0,1,15,3,0,0,0,0,0,0,0,0,-1,0,0,0,0,0,0,0,0,1
40,3,2,0,0,0,0,0,0,0,0,1,17,3,0,0,1,1,0,0,1,0,-1,0,0,0,0,0,0,0,0,1
46,3,4,0,0,0,0,0,0,0,0,1,21,3,0,0,1,0,0,0,0,0,-1,0,0,0,0,0,0,0,0,1
89,1,3,0,0,0,0,0,0,0,0,0,9,4,0,0,1,5,0,0,0,0,0,0,0,0,0,0,0,1,0,1
60,1,1,0,0,0,0,0,0,0,0,0,10,3,0,0,0,5,0,0,1,0,-1,0,0,0,0,0,0,1,0,1
100,3,5,5,0,0,0,0,0,0,0,2,36,2,0,0,1,0,0,0,0,0,0,0,0,0,0,0,0,0,0,1
58,2,2,0,0,0,0,0,0,0,0,1,15,3,0,0,0,0,0,0,0,0,-1,0,0,0,0,0,0,0,0,1
32,1,2,2,0,0,0,0,0,0,0,0,6,3,0,0,0,0,0,0,0,0,-1,0,0,0,0,0,0,0,0,1
51,1,2,2,0,0,0,0,0,0,0,0,14,3,0,0,0,0,0,0,0,0,-1,0,0,0,0,0,0,0,0,1
23,1,0,1,0,0,0,0,0,0,0,0,23,3,0,0,0,0,0,0,0,0,-1,0,0,0,0,0,0,0,0,1
48,2,3,0,0,0,0,0,0,0,0,0,22,3,0,0,0,0,0,0,0,0,0,0,0,0,0,0,0,0,0,1
56,3,1,0,0,0,0,0,0,0,0,1,32,3,0,0,1,0,0,0,0,0,-1,0,0,0,0,0,0,0,0,1
40,3,3,3,0,0,0,0,0,0,0,1,15,2,0,0,0,0,0,0,0,0,0,0,0,0,0,0,0,0,0,1
31,1,1,0,0,0,0,0,0,0,0,0,11,3,0,0,0,1,0,0,1,0,-1,0,0,0,0,0,0,0,0,1
20,2,1,0,0,0,0,0,0,0,0,0,8,3,0,0,0,0,0,0,0,0,-1,0,0,0,0,0,0,0,0,1
124,2,3,10,0,0,0,0,0,0,0,0,11,3,0,0,1,5,0,0,1,0,0,0,0,0,0,0,0,0,0,1
56,2,2,0,0,0,0,0,0,0,0,0,16,3,0,0,1,0,0,0,0,0,-1,0,0,0,0,0,0,0,0,1
157,6,3,0,0,0,0,0,0,0,0,2,33,2,0,0,0,5,0,0,1,0,0,0,0,0,0,0,0,0,0,1
37,2,0,0,0,0,0,0,0,0,0,1,37,3,0,0,0,0,0,0,0,0,-1,0,0,0,0,0,0,0,0,1
91,1,4,8,0,0,0,0,0,0,0,0,12,3,0,0,1,0,0,0,0,0,0,0,0,0,0,0,0,0,0,1
15,1,0,0,0,0,0,0,0,0,0,0,15,3,0,0,0,0,0,0,0,0,-1,0,0,0,0,0,0,0,0,1
21,1,1,0,0,0,0,0,0,0,0,0,6,3,0,0,0,0,0,0,0,0,-1,0,0,0,0,0,0,0,0,1
31,1,1,0,0,0,0,0,0,0,0,0,11,3,0,0,0,1,0,0,1,0,-1,0,0,0,0,0,0,0,0,1
99,3,8,2,0,0,0,0,0,0,0,1,21,2,0,0,0,0,0,0,0,0,0,0,0,0,0,1,0,0,0,1
85,2,6,1,0,0,0,0,0,0,0,0,6,2,0,0,0,5,0,0,0,0,0,0,1,0,0,0,0,1,0,1
106,2,3,0,0,0,0,0,0,0,0,0,24,3,0,0,1,5,0,0,1,0,0,0,0,0,0,0,0,0,0,1
42,1,3,1,0,0,0,0,0,0,0,0,12,3,0,0,1,0,0,0,0,0,-1,0,0,0,0,0,0,0,0,1
44,2,1,2,0,0,0,0,0,0,0,0,21,3,0,0,0,0,0,0,0,0,-1,0,0,0,0,0,0,0,0,1
80,3,3,0,0,0,0,0,0,0,0,1,15,3,0,0,1,1,0,0,0,0,0,0,0,0,0,0,0,0,0,1
27,2,1,0,0,0,0,0,0,0,0,0,16,3,0,0,0,0,0,0,0,0,-1,0,0,0,0,0,0,0,0,1
168,4,5,21,0,0,0,0,0,0,0,2,21,2,0,0,1,0,0,0,0,0,0,0,0,0,0,0,0,0,0,1
102,3,3,0,0,0,0,0,0,0,0,0,13,3,0,0,0,5,0,0,1,0,0,0,0,0,0,0,0,0,0,1
40,2,2,0,0,0,0,0,0,0,0,0,19,3,0,0,1,0,0,0,0,0,-1,0,0,0,0,0,0,0,0,1
47,2,1,0,0,0,0,0,0,0,0,0,20,3,0,0,0,5,0,0,1,0,-1,0,0,0,0,0,0,0,0,1
20,1,1,0,0,0,0,0,0,0,0,0,15,3,0,0,0,1,0,0,1,0,-1,0,0,0,0,0,0,0,0,1
28,2,0,0,0,0,0,0,0,0,0,1,28,3,0,0,0,0,0,0,0,0,-1,0,0,0,0,0,0,0,0,1
56,2,3,2,0,0,0,0,0,0,0,0,8,3,0,0,0,0,0,0,0,0,-1,0,0,0,0,0,0,0,0,1
50,1,7,0,0,0,0,0,0,0,0,0,15,3,0,0,0,0,0,0,0,0,0,0,0,0,0,0,0,0,0,1
105,2,4,0,0,0,0,0,0,0,0,0,13,3,0,0,1,5,0,0,1,0,0,0,0,0,0,0,0,1,0,1
57,1,2,0,0,0,0,0,0,0,0,0,21,3,0,0,0,0,0,0,0,0,-1,0,0,0,0,0,0,0,0,1
91,3,4,0,0,0,0,0,0,0,0,1,12,2,0,0,0,5,0,0,1,0,0,0,0,0,0,0,0,0,0,1
112,1,3,8,0,0,0,0,0,0,0,0,18,3,0,0,1,5,0,0,1,0,-1,0,0,0,0,0,0,0,0,1
271,13,4,5,0,0,1,0,0,0,0,5,131,3,0,0,1,5,0,0,2,0,0,0,0,0,0,0,1,0,0,1
117,4,3,0,0,0,0,0,0,0,0,1,18,2,0,0,1,5,0,0,1,0,0,0,0,0,0,0,0,0,0,1
68,2,4,3,0,0,0,0,0,0,0,1,24,3,0,0,0,0,0,0,0,0,0,0,0,0,0,0,0,0,0,1
49,2,6,0,0,0,0,0,0,0,0,0,11,3,0,0,1,0,0,0,0,0,-1,0,0,0,0,0,0,0,0,1
42,3,3,0,0,0,0,0,0,0,0,1,13,3,0,0,0,1,0,0,1,0,0,0,0,0,0,0,0,0,0,1
12,2,0,1,0,0,0,0,0,0,0,1,12,2,0,0,0,0,0,0,0,0,-1,0,0,0,0,0,0,0,0,1
37,2,2,0,0,0,0,0,0,0,0,0,12,3,0,0,0,0,0,0,0,0,-1,0,0,0,0,0,0,0,0,1
25,1,1,0,0,0,0,0,0,0,0,0,15,3,0,0,0,0,0,0,0,0,-1,0,0,0,0,0,0,0,0,1
103,1,6,14,0,0,0,0,0,0,0,0,9,3,0,0,1,0,0,0,0,0,-1,0,0,0,0,0,0,0,0,1
40,2,3,0,0,0,0,0,0,0,0,1,28,3,0,0,0,0,0,0,0,0,0,0,0,0,0,0,0,0,0,1
40,2,2,0,0,0,0,0,0,0,0,1,16,3,0,0,0,0,0,0,0,0,-1,0,0,0,0,0,0,0,0,1
31,1,1,0,0,0,0,0,0,0,0,0,11,3,0,0,0,1,0,0,1,0,-1,0,0,0,0,0,0,0,0,1
106,1,5,11,0,0,0,0,0,0,0,0,13,3,0,0,1,0,0,0,0,0,0,0,0,0,0,0,0,0,0,1
59,2,2,0,0,0,0,0,0,0,0,1,16,3,0,0,0,0,0,0,0,0,-1,0,0,0,0,0,0,0,0,1
17,1,0,0,0,0,0,0,0,0,0,0,17,3,0,0,0,0,0,0,0,0,-1,0,0,0,0,0,0,0,0,1
82,3,4,0,0,0,0,0,0,0,0,1,16,3,0,0,0,5,0,0,1,0,0,0,0,0,0,0,0,0,0,1
76,1,2,10,0,0,0,0,0,0,0,0,12,3,0,0,0,0,0,0,0,0,-1,0,0,0,0,0,0,0,0,1
56,2,1,4,0,0,0,0,0,0,0,0,15,3,0,0,0,0,0,0,0,0,-1,0,0,0,0,0,0,0,0,1
38,1,2,0,0,0,0,0,0,0,0,0,16,3,0,0,0,0,0,0,0,0,-1,0,0,0,0,0,0,0,0,1
38,2,2,0,0,0,0,0,0,0,0,0,16,3,0,0,0,0,0,0,0,0,-1,0,0,0,0,0,0,0,0,1
41,1,2,2,0,0,0,0,0,0,0,0,12,3,0,0,1,0,0,0,0,0,-1,0,0,0,0,0,0,0,0,1
271,2,3,1,0,0,0,0,0,0,0,0,11,3,0,0,0,5,0,0,1,0,1,0,0,0,0,0,0,1,1,1
44,3,3,0,0,0,0,0,0,0,0,1,18,2,0,0,0,1,0,0,1,0,0,0,0,0,0,0,0,0,0,1
22,1,1,0,0,0,0,0,0,0,0,0,10,3,0,0,0,0,0,0,0,0,-1,0,0,0,0,0,0,0,0,1
77,2,3,0,0,0,0,0,0,0,0,0,21,3,0,0,1,0,0,0,0,0,-1,0,0,0,0,0,0,0,0,1
54,1,3,0,0,0,0,0,0,0,0,0,7,3,0,0,0,0,0,0,0,0,-1,0,0,0,0,0,0,0,0,1
100,1,3,9,0,0,0,0,0,0,0,0,17,3,0,0,0,0,0,0,0,0,-1,0,0,0,0,0,0,0,0,1
29,1,3,0,0,0,0,0,0,0,0,0,14,3,0,0,0,0,0,0,0,0,-1,0,0,0,0,0,0,0,0,1
118,1,5,9,0,0,0,0,0,0,0,0,15,3,0,0,1,0,0,0,0,0,0,0,0,0,0,0,0,0,0,1
190,1,7,2,0,0,0,0,0,0,0,0,7,2,0,0,1,5,0,0,1,0,0,0,0,0,0,0,0,1,0,1
40,2,5,0,0,0,0,0,0,0,0,1,15,3,0,0,0,0,0,0,0,0,0,0,0,0,0,0,0,0,0,1
31,2,1,0,0,0,0,0,0,0,0,0,15,3,0,0,0,0,0,0,0,0,-1,0,0,0,0,0,0,0,0,1
40,2,1,1,0,0,0,0,0,0,0,0,14,3,0,0,0,1,0,0,1,0,-1,0,0,0,0,0,0,0,0,1
73,3,3,5,0,0,0,0,0,0,0,1,23,3,0,0,1,0,0,0,0,0,-1,0,0,0,0,0,0,0,0,1
26,1,1,0,0,0,0,0,0,0,0,0,17,3,0,0,1,1,0,0,1,0,-1,0,0,0,0,0,0,0,0,1
27,1,2,0,0,0,0,0,0,0,0,0,15,3,0,0,0,0,0,0,0,0,-1,0,0,0,0,0,0,0,0,1
19,2,0,0,0,0,0,0,0,0,0,1,19,2,0,0,0,0,0,0,0,0,-1,0,0,0,0,0,0,0,0,1
28,1,1,2,0,0,0,0,0,0,0,0,13,3,0,0,1,0,0,0,0,0,-1,0,0,0,0,0,0,0,0,1
49,1,2,2,0,0,0,0,0,0,0,0,20,3,0,0,0,0,0,0,0,0,-1,0,0,0,0,0,0,0,0,1
23,1,2,0,0,0,0,0,0,0,0,0,13,3,0,0,0,0,0,0,0,0,-1,0,0,0,0,0,0,0,0,1
36,2,0,1,0,0,0,0,0,0,0,1,36,3,0,0,0,0,0,0,0,0,-1,0,0,0,0,0,0,0,0,1
28,2,1,0,0,0,0,0,0,0,0,1,22,3,0,0,0,0,0,0,0,0,-1,0,0,0,0,0,0,0,0,1
24,1,0,2,0,0,0,0,0,0,0,0,24,3,0,0,0,0,0,0,0,0,-1,0,0,0,0,0,0,0,0,1
33,2,1,1,0,0,0,0,0,0,0,1,18,3,0,0,0,0,0,0,0,0,-1,0,0,0,0,0,0,0,0,1
257,2,3,1,1,0,0,0,0,0,0,0,11,3,0,1,0,5,0,0,1,0,1,0,0,0,0,0,0,1,1,1
65,2,6,0,0,0,0,0,0,0,0,0,14,3,0,0,1,0,0,0,0,0,-1,0,0,0,0,0,0,0,0,1
18,1,0,1,0,0,0,0,0,0,0,0,18,3,0,0,0,0,0,0,0,0,-1,0,0,0,0,0,0,0,0,1
25,2,2,0,0,0,0,0,0,0,0,1,11,3,0,0,0,0,0,0,0,0,-1,0,0,0,0,0,0,0,0,1
29,1,2,0,0,0,0,0,0,0,0,0,10,3,0,0,0,2,0,0,0,0,-1,0,0,0,0,0,0,1,0,1
35,2,2,0,0,0,0,0,0,0,0,1,15,3,0,0,0,0,0,0,0,0,-1,0,0,0,0,0,0,0,0,1
78,3,3,3,0,0,0,0,0,0,0,1,33,3,0,0,1,0,0,0,0,0,-1,0,0,0,0,0,0,0,0,1
101,4,3,0,0,0,0,0,0,0,0,1,21,2,0,0,0,5,0,0,1,0,0,0,0,0,0,0,0,0,0,1
80,2,2,0,0,0,0,0,0,0,0,1,16,3,0,0,1,0,0,0,0,0,-1,0,0,0,0,0,0,0,0,1
51,2,2,0,0,0,0,0,0,0,0,0,14,3,0,0,1,3,0,0,1,0,-1,0,0,0,0,0,0,0,0,1
46,1,3,2,0,0,0,0,0,0,0,0,10,3,0,0,1,0,0,0,0,0,-1,0,0,0,0,0,0,0,0,1
24,2,1,0,0,0,0,0,0,0,0,0,12,3,0,0,0,0,0,0,0,0,-1,0,0,0,0,0,0,0,0,1
42,2,5,1,0,0,0,0,0,0,0,1,15,3,0,0,0,0,0,0,0,0,-1,0,0,0,0,0,0,0,0,1
138,1,7,14,0,0,0,0,0,0,0,0,15,3,0,0,1,0,0,0,0,0,-1,0,0,0,0,0,0,0,0,1
92,1,6,4,0,0,0,0,0,0,0,0,24,3,0,0,1,0,0,0,0,0,-1,0,0,0,0,0,0,0,0,1
40,2,1,0,0,0,0,0,0,0,0,0,19,3,0,0,0,0,0,0,0,0,-1,0,0,0,0,0,0,0,0,1
38,2,1,0,0,0,0,0,0,0,0,0,19,3,0,0,1,0,0,0,0,0,-1,0,0,0,0,0,0,0,0,1
30,1,2,0,0,0,0,0,0,0,0,0,12,2,0,0,0,0,0,0,0,0,-1,0,0,0,0,0,0,0,0,1
81,2,1,0,0,0,0,0,0,0,0,0,12,3,0,0,0,5,0,0,1,1,-1,0,0,0,0,0,0,0,0,1
91,2,9,2,0,0,0,0,0,0,0,1,9,2,0,0,0,0,0,0,0,0,0,0,0,0,0,1,0,0,0,1
18,1,0,0,0,0,0,0,0,0,0,0,18,3,0,0,0,0,0,0,0,0,-1,0,0,0,0,0,0,0,0,1
64,1,3,2,0,0,0,0,0,0,0,0,20,3,0,0,1,0,0,0,0,0,-1,0,0,0,0,0,0,0,0,1
124,1,6,13,0,0,0,0,0,0,0,0,14,3,0,0,1,0,0,0,0,0,0,0,0,0,0,0,0,0,0,1
129,2,8,12,0,0,0,0,0,0,0,0,14,3,0,0,1,0,0,0,0,0,0,0,1,0,0,1,0,0,0,1
93,2,3,1,0,0,0,0,0,0,0,0,16,2,0,0,0,5,0,0,1,0,0,0,0,0,0,0,0,0,0,1
48,3,3,0,0,0,0,0,0,0,0,1,20,2,0,0,0,0,0,0,0,0,0,0,0,0,0,0,0,0,0,1
46,3,5,0,0,0,0,0,0,0,0,1,19,3,0,0,1,0,0,0,0,0,0,0,0,0,0,0,0,0,0,1
28,1,2,0,0,0,0,0,0,0,0,0,14,3,0,0,0,0,0,0,0,0,-1,0,0,0,0,0,0,0,0,1
50,1,3,2,0,0,0,0,0,0,0,0,20,3,0,0,1,0,0,0,0,0,-1,0,0,0,0,0,0,0,0,1
57,2,2,3,0,0,0,0,0,0,0,0,19,3,0,0,0,0,0,0,0,0,-1,0,0,0,0,0,0,0,0,1
57,5,2,0,0,0,0,0,0,0,0,3,22,2,0,0,0,1,0,0,1,0,-1,0,0,0,0,0,0,0,0,1
9,1,0,0,0,0,0,0,0,0,0,0,9,2,0,0,0,0,0,0,0,0,-1,0,0,0,0,0,0,0,0,1
95,3,3,0,0,0,0,0,0,0,0,1,17,2,0,0,0,5,0,0,1,0,0,0,0,0,0,0,0,0,0,1
87,1,3,13,0,0,0,0,0,0,0,0,10,3,0,0,1,0,0,0,0,0,-1,0,0,0,0,0,0,0,0,1
16,1,0,0,0,0,0,0,0,0,0,0,16,3,0,0,0,0,0,0,0,0,-1,0,0,0,0,0,0,0,0,1
57,2,2,0,0,0,0,0,0,0,0,0,10,3,0,0,0,3,0,0,0,0,-1,0,0,0,0,0,0,1,0,1
12,1,0,0,0,0,0,0,0,0,0,0,12,3,0,0,0,0,0,0,0,0,-1,0,0,0,0,0,0,0,0,1
85,1,7,5,0,0,0,0,0,0,0,0,11,3,0,0,1,0,0,0,0,0,0,0,0,0,0,0,0,0,0,1
56,2,4,0,0,0,0,0,0,0,0,0,11,3,0,0,1,1,0,0,1,0,-1,0,0,0,0,0,0,0,0,1
83,3,3,0,0,0,0,0,0,0,0,1,18,3,0,0,0,5,0,0,1,0,0,0,0,0,0,0,0,0,0,1
112,3,3,1,0,0,0,0,0,0,0,1,31,2,0,0,0,5,0,0,1,0,0,0,0,0,0,0,0,0,0,1
25,2,0,0,0,0,0,0,0,0,0,1,25,3,0,0,0,0,0,0,0,0,-1,0,0,0,0,0,0,0,0,1
23,1,1,1,0,0,0,0,0,0,0,0,10,3,0,0,1,0,0,0,0,0,-1,0,0,0,0,0,0,0,0,1
34,1,2,1,0,0,0,0,0,0,0,0,13,3,0,0,0,0,0,0,0,0,-1,0,0,0,0,0,0,0,0,1
206,2,3,0,0,0,0,0,0,0,0,0,14,3,0,0,0,5,0,0,1,0,0,0,0,0,0,0,0,0,0,1
13,1,0,0,0,0,0,0,0,0,0,0,13,4,0,0,0,0,0,0,0,0,-1,0,0,0,0,0,0,0,0,1
16,1,0,0,0,0,0,0,0,0,0,0,16,2,0,0,0,0,0,0,0,0,-1,0,0,0,0,0,0,0,0,1
49,1,5,1,0,0,0,0,0,0,0,0,10,3,0,0,1,0,0,0,0,0,-1,0,0,0,0,0,0,0,0,1
25,1,2,0,0,0,0,0,0,0,0,0,14,3,0,0,0,0,0,0,0,0,-1,0,0,0,0,0,0,0,0,1
22,1,0,0,0,0,0,0,0,0,0,0,22,3,0,0,0,0,0,0,0,0,-1,0,0,0,0,0,0,0,0,1
43,2,1,0,0,0,0,0,0,0,0,0,22,3,0,0,1,0,0,0,0,0,-1,0,0,0,0,0,0,0,0,1
85,3,3,6,0,0,0,0,0,0,0,1,33,3,0,0,1,0,0,0,0,0,-1,0,0,0,0,0,0,0,0,1
25,1,0,0,0,0,0,0,0,0,0,0,25,3,0,0,0,0,0,0,0,0,-1,0,0,0,0,0,0,0,0,1
90,2,5,0,0,0,0,0,0,0,0,1,18,3,0,0,1,0,0,0,0,0,-1,0,0,0,0,0,0,0,0,1
69,1,2,6,0,0,0,0,0,0,0,0,7,3,0,0,1,0,0,0,0,0,-1,0,0,0,0,0,0,0,0,1
70,2,8,1,0,0,0,0,0,0,0,1,18,3,0,0,0,0,0,0,0,0,0,0,0,0,0,1,0,0,0,1
69,3,7,1,0,0,0,0,0,0,0,1,19,2,0,0,0,0,0,0,0,0,0,0,0,0,0,0,0,0,0,1
29,1,1,0,0,0,0,0,0,0,0,0,10,3,0,0,0,0,0,0,0,0,-1,0,0,0,0,0,0,0,0,1
88,1,6,6,0,0,0,0,0,0,0,0,6,2,0,0,1,0,0,0,0,0,0,0,0,0,0,0,0,0,0,1
108,1,6,14,0,0,0,0,0,0,0,0,11,3,0,0,1,0,0,0,0,0,0,0,0,0,0,0,0,0,0,1
20,1,1,0,0,0,0,0,0,0,0,0,11,3,0,0,0,0,0,0,0,0,-1,0,0,0,0,0,0,0,0,1
35,2,1,0,0,0,0,0,0,0,0,0,18,3,0,0,0,1,0,0,1,0,-1,0,0,0,0,0,0,0,0,1
45,2,5,0,0,0,0,0,0,0,0,0,7,3,0,0,0,0,0,0,0,0,-1,0,0,0,0,0,0,0,0,1
55,2,2,0,0,0,0,0,0,0,0,0,17,3,0,0,0,1,0,0,1,0,-1,0,0,0,0,0,0,0,0,1
67,2,6,1,0,0,0,0,0,0,0,1,15,2,0,0,0,0,0,0,0,0,0,0,0,0,0,0,0,0,0,1
125,3,10,0,0,0,0,0,0,0,0,0,21,3,0,0,1,0,0,0,0,0,0,0,0,0,0,1,0,0,0,1
93,1,7,6,0,0,0,0,0,0,0,0,6,2,0,0,1,0,0,0,0,0,0,0,0,0,0,0,0,0,0,1
40,2,4,0,0,0,0,0,0,0,0,0,13,3,0,0,0,0,0,0,0,0,0,0,0,0,0,0,0,0,0,1
27,1,1,0,0,0,0,0,0,0,0,0,10,3,0,0,0,0,0,0,0,0,-1,0,0,0,0,0,0,0,0,1
29,1,1,0,0,0,0,0,0,0,0,0,11,3,0,0,0,0,0,0,0,0,-1,0,0,0,0,0,0,0,0,1
35,2,2,0,0,0,0,0,0,0,0,1,16,3,0,0,0,0,0,0,0,0,-1,0,0,0,0,0,0,0,0,1
42,1,3,1,0,0,0,0,0,0,0,0,12,3,0,0,1,0,0,0,0,0,-1,0,0,0,0,0,0,0,0,1
7,1,0,0,0,0,0,0,0,0,0,0,7,2,0,0,0,0,0,0,0,0,-1,0,0,0,0,0,0,0,0,1
39,1,3,0,0,0,0,0,0,0,0,0,10,3,0,0,0,0,0,0,0,0,-1,0,0,0,0,0,0,0,0,1
53,2,3,2,0,0,0,0,0,0,0,1,17,3,0,0,1,0,0,0,0,0,-1,0,0,0,0,0,0,0,0,1
42,1,3,1,0,0,0,0,0,0,0,0,13,3,0,0,0,0,0,0,0,0,-1,0,0,0,0,0,0,0,0,1
51,1,2,4,0,0,0,0,0,0,0,0,10,3,0,0,1,0,0,0,0,0,-1,0,0,0,0,0,0,0,0,1
90,4,3,0,0,0,0,0,0,0,0,2,22,2,0,0,0,5,0,0,1,0,0,0,0,0,0,0,0,0,0,1
33,3,0,0,0,0,0,0,0,0,0,2,33,3,0,0,0,0,0,0,0,0,-1,0,0,0,0,0,0,0,0,1
69,3,3,0,0,0,0,0,0,0,0,1,22,3,0,0,1,0,0,0,0,0,-1,0,0,0,0,0,0,0,0,1
62,2,3,0,0,0,0,0,0,0,0,0,16,3,0,0,0,2,0,0,0,0,-1,0,0,0,0,0,0,1,0,1
13,1,0,1,0,0,0,0,0,0,0,0,13,3,0,0,0,0,0,0,0,0,-1,0,0,0,0,0,0,0,0,1
31,1,4,0,0,0,0,0,0,0,0,0,9,3,0,0,0,0,0,0,0,0,-1,0,0,0,0,0,0,0,0,1
18,1,1,0,0,0,0,0,0,0,0,0,9,3,0,0,0,0,0,0,0,0,-1,0,0,0,0,0,0,0,0,1
59,1,2,0,0,0,0,0,0,0,0,0,21,3,0,0,0,0,0,0,0,0,-1,0,0,0,0,0,0,0,0,1
36,1,1,0,0,0,0,0,0,0,0,0,29,3,0,0,0,1,0,0,1,0,-1,0,0,0,0,0,0,0,0,1
143,3,3,2,0,0,0,0,0,0,0,2,17,2,0,0,1,1,0,0,0,0,0,0,0,0,0,0,0,0,0,1
56,3,3,0,0,0,0,0,0,0,0,1,11,2,0,0,0,3,0,0,1,0,0,0,0,0,0,0,0,0,0,1
85,2,3,0,0,0,0,0,0,0,0,0,14,3,0,0,0,5,0,0,1,0,0,0,0,0,0,0,0,0,0,1
102,3,3,1,0,0,0,0,0,0,0,1,16,2,0,0,0,5,0,0,1,0,0,0,0,0,0,0,0,0,0,1
80,3,3,6,0,0,0,0,0,0,0,1,27,3,0,0,1,0,0,0,0,0,-1,0,0,0,0,0,0,0,0,1
40,2,1,0,0,0,0,0,0,0,0,0,13,3,0,0,0,0,0,0,0,0,-1,0,0,0,0,0,0,0,0,1
119,1,7,9,0,0,0,0,0,0,0,0,11,3,0,0,0,0,0,0,0,0,0,0,0,0,0,0,0,0,0,1
16,1,0,0,0,0,0,0,0,0,0,0,16,3,0,0,0,0,0,0,0,0,-1,0,0,0,0,0,0,0,0,1
89,4,3,1,0,0,0,0,0,0,0,2,24,2,0,0,0,5,0,0,1,0,0,0,0,0,0,0,0,0,0,1
94,1,5,9,0,0,0,0,0,0,0,0,13,3,0,0,1,0,0,0,0,0,0,0,0,0,0,0,0,0,0,1
51,2,2,0,0,0,0,0,0,0,0,0,12,3,0,0,1,0,0,0,0,0,-1,0,0,0,0,0,0,0,0,1
35,1,3,0,0,0,0,0,0,0,0,0,16,3,0,0,0,0,0,0,0,0,-1,0,0,0,0,0,0,0,0,1
43,3,4,0,0,0,0,0,0,0,0,1,19,2,0,0,0,0,0,0,0,0,0,0,0,0,0,0,0,0,0,1
72,1,5,2,0,0,0,0,0,0,0,0,13,3,0,0,0,0,0,0,0,0,-1,0,0,0,0,0,0,0,0,1
55,2,3,0,0,0,0,0,0,0,0,0,15,3,0,0,0,0,0,0,0,0,-1,0,0,0,0,0,0,0,0,1
74,3,3,5,0,0,0,0,0,0,0,1,28,3,0,0,1,0,0,0,0,0,-1,0,0,0,0,0,0,0,0,1
50,2,3,0,0,0,0,0,0,0,0,0,18,3,0,0,0,0,0,0,0,0,-1,0,0,0,0,0,0,0,0,1
26,2,1,0,0,0,0,0,0,0,0,0,12,3,0,0,0,0,0,0,0,0,-1,0,0,0,0,0,0,0,0,1
67,2,3,7,0,0,0,0,0,0,0,0,9,3,0,0,1,0,0,0,0,0,-1,0,0,0,0,0,0,0,0,1
18,1,0,0,0,0,0,0,0,0,0,0,18,3,0,0,0,0,0,0,0,0,-1,0,0,0,0,0,0,0,0,1
34,1,2,0,0,0,0,0,0,0,0,0,12,3,0,0,0,0,0,0,0,0,-1,0,0,0,0,0,0,0,0,1
29,1,2,0,0,0,0,0,0,0,0,0,16,3,0,0,0,0,0,0,0,0,-1,0,0,0,0,0,0,0,0,1
34,1,2,3,0,0,0,0,0,0,0,0,8,3,0,0,0,0,0,0,0,0,-1,0,0,0,0,0,0,0,0,1
27,4,1,0,0,0,0,0,0,0,0,0,12,3,0,0,0,0,0,0,0,0,-1,0,0,0,0,0,0,0,0,1
48,2,2,1,0,0,0,0,0,0,0,0,14,3,0,0,1,3,0,0,1,0,-1,0,0,0,0,0,0,0,0,1
52,2,2,0,0,0,0,0,0,0,0,0,24,3,0,0,0,0,0,0,0,0,-1,0,0,0,0,0,0,0,0,1
12,1,0,1,0,0,0,0,0,0,0,0,12,3,0,0,0,0,0,0,0,0,-1,0,0,0,0,0,0,0,0,1
77,1,2,0,0,0,0,0,0,0,0,0,16,3,0,0,0,5,0,0,1,0,-1,0,0,0,0,0,0,1,0,1
151,11,4,0,0,0,0,0,0,0,0,0,12,3,0,0,1,1,0,0,1,0,0,0,0,0,0,0,0,0,0,1
26,1,0,0,0,0,0,0,0,0,0,0,26,3,0,0,0,0,0,0,0,0,-1,0,0,0,0,0,0,0,0,1
51,3,3,2,0,0,0,0,0,0,0,1,22,2,0,0,0,0,0,0,0,0,0,0,0,0,0,0,0,0,0,1
49,2,2,1,0,0,0,0,0,0,0,0,19,3,0,0,0,0,0,0,0,0,-1,0,0,0,0,0,0,0,0,1
27,1,2,0,0,0,0,0,0,0,0,0,13,3,0,0,0,0,0,0,0,0,-1,0,0,0,0,0,0,0,0,1
34,1,1,0,0,0,0,0,0,0,0,0,9,3,0,0,0,1,0,0,1,0,-1,0,0,0,0,0,0,0,0,1
29,1,3,0,0,0,0,0,0,0,0,0,9,3,0,0,1,0,0,0,0,0,-1,0,0,0,0,0,0,0,0,1
44,2,1,1,0,0,0,0,0,0,0,0,26,3,0,0,0,0,0,0,0,0,-1,0,0,0,0,0,0,0,0,1
30,2,2,0,0,0,0,0,0,0,0,0,15,2,0,0,0,0,0,0,0,0,-1,0,0,0,0,0,0,0,0,1
29,2,0,0,0,0,0,0,0,0,0,1,29,3,0,0,0,0,0,0,0,0,-1,0,0,0,0,0,0,0,0,1
120,1,7,14,0,0,0,0,0,0,0,0,14,3,0,0,1,0,0,0,0,0,0,0,0,0,0,0,0,0,0,1
45,2,4,0,0,0,0,0,0,0,0,0,12,3,0,0,1,3,0,0,1,0,0,0,0,0,0,0,0,0,0,1
32,1,1,0,0,0,0,0,0,0,0,0,10,3,0,0,0,0,0,0,0,0,-1,0,0,0,0,0,0,0,0,1
33,1,2,0,0,0,0,0,0,0,0,0,16,3,0,0,0,0,0,0,0,0,-1,0,0,0,0,0,0,0,0,1
51,2,0,4,0,0,0,0,0,0,1,1,51,3,0,0,1,0,0,0,0,0,-1,0,0,0,0,0,1,0,0,1
145,13,4,0,0,0,0,0,0,0,0,0,12,3,0,0,1,1,0,0,1,0,0,0,0,0,0,0,0,0,0,1
27,1,0,0,0,0,0,0,0,0,0,0,27,3,0,0,0,0,0,0,0,0,-1,0,0,0,0,0,0,0,0,1
96,2,3,3,0,0,0,0,0,0,0,0,14,2,0,0,1,5,0,0,1,0,0,0,0,0,0,0,0,0,0,1
79,3,4,2,0,0,0,0,0,0,0,1,24,2,0,0,0,0,0,0,0,0,0,0,0,0,0,0,0,0,0,1
114,1,2,14,0,0,0,0,0,0,0,0,14,3,0,0,0,0,0,0,0,0,-1,0,0,0,0,0,0,0,0,1
100,2,4,0,0,0,0,0,0,0,0,0,10,2,0,0,0,5,0,0,1,0,0,0,0,0,0,0,0,0,0,1
214,1,3,4,0,0,0,0,0,0,0,0,13,3,0,0,0,5,0,0,0,0,0,0,0,0,0,0,0,1,0,1
26,2,0,0,0,0,0,0,0,0,0,1,26,3,0,0,0,0,0,0,0,0,-1,0,0,0,0,0,0,0,0,1
57,2,3,4,0,0,0,0,0,0,0,1,20,3,0,0,1,0,0,0,0,0,-1,0,0,0,0,0,0,0,0,1
31,1,1,0,0,0,0,0,0,0,0,0,23,3,0,0,1,1,0,0,1,0,-1,0,0,0,0,0,0,0,0,1
53,2,3,1,0,0,0,0,0,0,0,1,15,3,0,0,0,0,0,0,0,0,-1,0,0,0,0,0,0,0,0,1
66,1,1,8,0,0,0,0,0,0,0,0,10,3,0,0,0,0,0,0,0,0,-1,0,0,0,0,0,0,0,0,1
63,3,6,0,0,0,0,0,0,0,0,1,27,2,0,0,0,0,0,0,0,0,0,0,0,0,0,0,0,0,0,1
37,1,1,0,0,0,0,0,0,0,0,0,11,3,0,0,1,1,0,0,1,0,-1,0,0,0,0,0,0,0,0,1
104,1,4,8,0,0,0,0,0,0,0,0,19,3,0,0,1,0,0,0,0,0,-1,0,0,0,0,0,0,0,0,1
41,1,1,0,0,0,0,0,0,0,0,0,17,3,0,0,0,0,0,0,0,0,-1,0,0,0,0,0,0,0,0,1
74,1,5,8,0,0,0,0,0,0,0,0,12,3,0,0,1,0,0,0,0,0,-1,0,0,0,0,0,0,0,0,1
31,2,1,0,0,0,0,0,0,0,0,0,12,3,0,0,0,0,0,0,0,0,-1,0,0,0,0,0,0,0,0,1
48,3,1,1,0,0,0,0,0,0,0,1,24,3,0,0,1,1,0,0,1,0,-1,0,0,0,0,0,0,0,0,1
20,1,1,0,0,0,0,0,0,0,0,0,15,3,0,0,1,0,0,0,0,0,-1,0,0,0,0,0,0,0,0,1
84,2,3,1,0,0,0,0,0,0,0,0,17,3,0,0,0,5,0,0,1,0,0,0,0,0,0,0,0,0,0,1
78,1,5,5,0,0,0,0,0,0,0,0,13,2,0,0,1,0,0,0,0,0,0,0,0,0,0,0,0,0,0,1
81,1,3,7,0,0,0,0,0,0,0,0,11,3,0,0,1,0,0,0,0,0,-1,0,0,0,0,0,0,0,0,1
43,3,4,1,0,0,0,0,0,0,0,1,15,3,0,0,0,0,0,0,0,0,0,0,0,0,0,0,0,0,0,1
37,2,2,0,0,0,0,0,0,0,0,0,16,3,0,0,0,0,0,0,0,0,-1,0,0,0,0,0,0,0,0,1
41,1,3,2,0,0,0,0,0,0,0,0,16,3,0,0,1,0,0,0,0,0,-1,0,0,0,0,0,0,0,0,1
44,1,1,0,0,0,0,0,0,0,0,0,24,3,0,0,0,0,0,0,0,0,-1,0,0,0,0,0,0,0,0,1
79,2,1,2,0,0,0,0,0,0,0,0,31,3,0,0,0,4,0,0,1,0,-1,0,0,0,0,0,0,1,0,1
37,1,1,2,0,0,0,0,0,0,0,0,12,3,0,0,0,0,0,0,0,0,-1,0,0,0,0,0,0,0,0,1
40,2,2,0,0,0,0,0,0,0,0,0,20,3,0,0,0,1,0,0,1,0,-1,0,0,0,0,0,0,0,0,1
31,1,1,1,0,0,0,0,0,0,0,0,11,3,0,0,0,1,0,0,1,0,-1,0,0,0,0,0,0,0,0,1
88,1,3,0,0,0,0,0,0,0,0,0,14,3,0,0,1,5,0,0,1,0,-1,0,0,0,0,0,0,1,0,1
43,3,4,0,0,0,0,0,0,0,0,1,15,3,0,0,0,0,0,0,0,0,0,0,0,0,0,0,0,0,0,1
9,1,0,0,0,0,0,0,0,0,0,0,9,3,0,0,0,0,0,0,0,0,-1,0,0,0,0,0,0,0,0,1
98,5,12,1,0,0,1,0,0,0,0,0,11,3,0,1,0,3,0,0,2,0,1,0,0,0,0,1,0,0,1,1
50,3,3,0,0,0,0,0,0,0,0,1,18,2,0,0,0,1,0,0,1,0,0,0,0,0,0,0,0,0,0,1
95,2,5,8,0,0,0,0,0,0,0,0,8,3,0,0,1,0,0,0,0,0,-1,0,0,0,0,0,0,0,0,1
25,1,1,0,0,0,0,0,0,0,0,0,16,3,0,0,1,1,0,0,1,0,-1,0,0,0,0,0,0,0,0,1
89,1,3,0,0,0,0,0,0,0,0,0,9,4,0,0,1,5,0,0,0,0,0,0,0,0,0,0,0,1,0,1
40,2,2,0,0,0,0,0,0,0,0,0,8,3,0,0,0,1,0,0,1,0,-1,0,0,0,0,0,0,0,0,1
47,4,3,0,0,0,0,0,0,0,0,2,26,2,0,0,0,0,0,0,0,0,0,0,0,0,0,0,0,0,0,1
12,1,0,0,0,0,0,0,0,0,0,0,12,3,0,0,0,0,0,0,0,0,-1,0,0,0,0,0,0,0,0,1
47,2,2,0,0,0,0,0,0,0,0,0,16,3,0,0,0,0,0,0,0,0,-1,0,0,0,0,0,0,0,0,1
61,2,1,0,0,0,0,0,0,0,0,0,10,3,0,0,1,4,0,0,1,0,-1,0,0,0,0,0,0,1,0,1
67,1,4,0,0,0,0,0,0,0,0,0,19,3,0,0,0,0,0,0,0,0,-1,0,0,0,0,0,0,0,0,1
28,2,0,0,0,0,0,0,0,0,0,1,28,3,0,0,0,0,0,0,0,0,-1,0,0,0,0,0,0,0,0,1
60,1,3,4,0,0,0,0,0,0,0,0,16,3,0,0,1,0,0,0,0,0,-1,0,0,0,0,0,0,0,0,1
95,3,3,1,0,0,0,0,0,0,0,1,30,2,0,0,0,5,0,0,1,0,0,0,0,0,0,0,0,0,0,1
36,3,3,0,0,0,0,0,0,0,0,1,18,3,0,0,0,0,0,0,0,0,0,0,0,0,0,0,0,0,0,1
38,2,2,0,0,0,0,0,0,0,0,0,16,3,0,0,0,0,0,0,0,0,-1,0,0,0,0,0,0,0,0,1
115,2,3,13,0,0,0,0,0,0,0,0,27,3,0,0,1,0,0,0,0,0,-1,0,0,0,0,0,0,0,0,1
74,2,2,6,0,0,0,0,0,0,0,0,17,3,0,0,1,0,0,0,0,0,-1,0,0,0,0,0,0,0,0,1
38,4,3,0,0,0,0,0,0,0,0,2,20,2,0,0,0,0,0,0,0,0,0,0,0,0,0,0,0,0,0,1
39,1,2,1,0,0,0,0,0,0,0,0,18,3,0,0,0,0,0,0,0,0,-1,0,0,0,0,0,0,0,0,1
139,2,8,16,0,0,0,0,1,0,0,0,14,3,0,0,1,0,0,0,0,0,0,0,0,0,0,1,0,0,0,1
38,1,3,2,0,0,0,0,0,0,0,0,9,3,0,0,0,0,0,0,0,0,-1,0,0,0,0,0,0,0,0,1
67,3,7,1,0,0,0,0,0,0,0,1,18,3,0,0,0,0,0,0,0,0,0,0,1,0,0,0,0,0,0,1
16,1,0,0,0,0,0,0,0,0,0,0,16,3,0,0,0,0,0,0,0,0,-1,0,0,0,0,0,0,0,0,1
23,1,0,0,0,0,0,0,0,0,0,0,23,3,0,0,0,0,0,0,0,0,-1,0,0,0,0,0,0,0,0,1
46,2,2,0,0,0,0,0,0,0,0,1,16,3,0,0,0,0,0,0,0,0,-1,0,0,0,0,0,0,0,0,1
93,3,3,1,0,0,0,0,0,0,0,1,12,2,0,0,0,5,0,0,1,0,0,0,0,0,0,0,0,0,0,1
20,1,1,1,0,0,0,0,0,0,0,0,10,3,0,0,1,0,0,0,0,0,-1,0,0,0,0,0,0,0,0,1
70,1,3,7,0,0,0,0,0,0,0,0,12,3,0,0,1,0,0,0,0,0,-1,0,0,0,0,0,0,0,0,1
58,2,2,0,0,0,0,0,0,0,0,1,17,3,0,0,1,1,0,0,1,0,-1,0,0,0,0,0,0,0,0,1
28,1,1,0,0,0,0,0,0,0,0,0,23,3,0,0,0,0,0,0,0,0,-1,0,0,0,0,0,0,0,0,1
68,1,2,9,0,0,0,0,0,0,0,0,9,3,0,0,1,0,0,0,0,0,-1,0,0,0,0,0,0,0,0,1
79,2,4,6,0,0,0,0,0,0,0,1,11,2,0,0,1,0,0,0,0,0,-1,0,0,0,0,0,0,0,0,1
48,1,3,4,0,0,0,0,0,0,0,0,9,3,0,0,0,0,0,0,0,0,-1,0,0,0,0,0,0,0,0,1
60,3,3,0,0,0,0,0,0,0,0,1,15,2,0,0,0,3,0,0,1,0,0,0,0,0,0,0,0,0,0,1
59,1,1,0,0,0,0,0,0,0,0,0,8,3,0,0,0,0,0,0,0,0,-1,0,0,0,0,0,0,0,0,1
33,2,1,0,0,0,0,0,0,0,0,0,18,3,0,0,0,0,0,0,0,0,-1,0,0,0,0,0,0,0,0,1
185,3,4,6,0,0,0,0,0,0,0,1,21,2,0,0,1,5,0,0,1,0,0,0,0,0,0,0,0,0,0,1
60,1,3,4,0,0,0,0,0,0,0,0,20,3,0,0,0,0,0,0,0,0,-1,0,0,0,0,0,0,0,0,1
23,1,2,0,0,0,0,0,0,0,0,0,8,3,0,0,1,0,0,0,0,0,-1,0,0,0,0,0,0,0,0,1
86,2,3,0,0,0,0,0,0,0,0,0,15,3,0,0,1,0,0,0,0,0,-1,0,0,0,0,0,0,0,0,1
40,2,3,0,0,0,0,0,0,0,0,0,20,3,0,0,0,0,0,0,0,0,-1,0,0,0,0,0,0,0,0,1
161,2,4,5,0,0,0,0,0,0,0,0,14,3,0,0,0,5,0,0,0,0,0,0,0,0,0,0,0,1,0,1
105,1,3,11,0,0,0,0,0,0,0,0,14,3,0,0,1,0,0,0,0,0,-1,0,0,0,0,0,0,0,0,1
44,1,2,0,0,0,0,0,0,0,0,0,21,3,0,0,0,0,0,0,0,0,-1,0,0,0,0,0,0,0,0,1
17,1,0,1,0,0,0,0,0,0,0,0,17,3,0,0,0,0,0,0,0,0,-1,0,0,0,0,0,0,0,0,1
62,3,7,0,0,0,0,0,0,0,0,2,21,2,0,0,0,0,0,0,0,0,0,0,0,0,0,0,0,0,0,1
25,1,2,0,0,0,0,0,0,0,0,0,12,3,0,0,0,0,0,0,0,0,-1,0,0,0,0,0,0,0,0,1
96,3,4,1,0,0,0,0,0,0,0,1,23,3,0,0,0,5,0,0,1,0,0,0,0,0,0,0,0,0,0,1
23,2,0,0,0,0,0,0,0,0,0,1,23,3,0,0,0,0,0,0,0,0,-1,0,0,0,0,0,0,0,0,1
154,2,6,0,0,0,0,0,0,0,0,0,7,3,0,0,0,5,0,0,1,0,0,0,0,0,0,0,0,0,0,1
24,2,1,0,0,0,0,0,0,0,0,1,18,2,0,0,0,0,0,0,0,0,-1,0,0,0,0,0,0,0,0,1
65,1,3,0,0,0,0,0,0,0,0,0,9,4,0,0,1,5,0,0,0,0,0,0,0,0,0,0,0,1,0,1
63,2,7,1,0,0,0,0,0,0,0,0,6,3,0,0,1,0,0,0,0,0,-1,0,0,0,0,0,0,0,0,1
62,1,1,5,0,0,0,0,0,0,0,0,22,3,0,0,0,0,0,0,0,0,-1,0,0,0,0,0,0,0,0,1
53,1,3,4,0,0,0,0,0,0,0,0,10,3,0,0,1,0,0,0,0,0,-1,0,0,0,0,0,0,0,0,1
23,1,2,0,0,0,0,0,0,0,0,0,8,3,0,0,1,0,0,0,0,0,-1,0,0,0,0,0,0,0,0,1
56,2,2,0,0,0,0,0,0,0,0,0,21,3,0,0,1,1,0,0,1,0,-1,0,0,0,0,0,0,0,0,1
26,1,2,0,0,0,0,0,0,0,0,0,13,3,0,0,0,0,0,0,0,0,-1,0,0,0,0,0,0,0,0,1
66,3,5,0,0,0,0,0,0,0,0,1,15,3,0,0,1,0,0,0,0,0,0,0,0,0,0,0,0,0,0,1
31,1,2,0,0,0,0,0,0,0,0,0,12,3,0,0,0,0,0,0,0,0,-1,0,0,0,0,0,0,0,0,1
45,1,2,3,0,0,0,0,0,0,0,0,11,3,0,0,0,0,0,0,0,0,-1,0,0,0,0,0,0,0,0,1
131,2,5,10,0,0,0,0,0,0,0,1,16,3,0,0,0,0,0,0,0,0,-1,0,0,0,0,0,0,0,0,1
29,1,2,1,0,0,0,0,0,0,0,0,10,3,0,0,0,0,0,0,0,0,-1,0,0,0,0,0,0,0,0,1
50,2,3,0,0,0,0,0,0,0,0,0,11,3,0,0,0,1,0,0,1,0,-1,0,0,0,0,0,0,0,0,1
48,2,2,0,0,0,0,0,0,0,0,0,13,3,0,0,1,1,0,0,1,0,-1,0,0,0,0,0,0,0,0,1
48,2,1,0,0,0,0,0,0,0,0,1,23,3,0,0,0,2,0,0,1,0,-1,0,0,0,0,0,0,1,0,1
45,1,3,1,0,0,0,0,0,0,0,0,12,3,0,0,1,0,0,0,0,0,-1,0,0,0,0,0,0,0,0,1
46,2,2,1,0,0,0,0,0,0,0,1,21,2,0,0,0,0,0,0,0,0,-1,0,0,0,0,0,0,0,0,1
81,2,3,9,0,0,0,0,0,0,0,0,13,3,0,0,1,0,0,0,0,0,-1,0,0,0,0,0,0,0,0,1
35,2,2,0,0,0,0,0,0,0,0,0,10,3,0,0,1,1,0,0,1,0,-1,0,0,0,0,0,0,0,0,1
73,2,4,4,0,0,0,0,0,0,0,1,19,2,0,0,0,0,0,0,0,0,0,0,0,0,0,0,0,0,0,1
68,3,3,1,0,0,0,0,0,0,0,1,23,2,0,0,0,3,0,0,1,0,0,0,0,0,0,0,0,0,0,1
26,1,0,0,0,0,0,0,0,0,0,0,26,3,0,0,0,0,0,0,0,0,-1,0,0,0,0,0,0,0,0,1
44,3,4,1,0,0,0,0,0,0,0,1,19,2,0,0,0,0,0,0,0,0,0,0,0,0,0,0,0,0,0,1
26,2,0,0,0,0,0,0,0,0,0,1,26,3,0,0,0,0,0,0,0,0,-1,0,0,0,0,0,0,0,0,1
41,1,2,1,0,0,0,0,0,0,0,0,16,3,0,0,1,0,0,0,0,0,-1,0,0,0,0,0,0,0,0,1
36,1,3,1,0,0,0,0,0,0,0,0,6,3,0,0,0,0,0,0,0,0,-1,0,0,0,0,0,0,0,0,1
72,3,3,0,0,0,0,0,0,0,0,1,23,3,0,0,0,3,0,0,1,0,0,0,0,0,0,0,0,0,0,1
20,1,0,0,0,0,0,0,0,0,0,0,20,2,0,0,0,0,0,0,0,0,-1,0,0,0,0,0,0,0,0,1
48,2,2,2,0,0,0,0,0,0,0,0,15,3,0,0,0,0,0,0,0,0,-1,0,0,0,0,0,0,0,0,1
13,1,0,0,0,0,0,0,0,0,0,0,13,4,0,0,1,0,0,0,0,0,-1,0,0,0,0,0,0,0,0,1
43,3,2,0,0,0,0,0,0,0,0,1,23,3,0,0,0,0,0,0,0,0,-1,0,0,0,0,0,0,0,0,1
14,2,0,0,0,0,0,0,0,0,0,1,14,2,0,0,0,0,0,0,0,0,-1,0,0,0,0,0,0,0,0,1
31,2,1,0,0,0,0,0,0,0,0,1,16,3,0,0,0,0,0,0,0,0,-1,0,0,0,0,0,0,0,0,1
24,1,2,0,0,0,0,0,0,0,0,0,11,3,0,0,0,0,0,0,0,0,-1,0,0,0,0,0,0,0,0,1
60,5,5,2,0,0,0,0,0,0,0,1,11,3,0,0,0,0,0,0,0,0,-1,0,0,0,0,0,0,0,0,1
42,2,3,0,0,0,0,0,0,0,0,0,24,2,0,0,0,0,0,0,0,0,0,0,0,0,0,0,0,0,0,1
70,3,3,0,0,0,0,0,0,0,0,1,11,2,0,0,0,5,0,0,1,0,0,0,0,0,0,0,0,0,0,1
87,3,5,10,0,0,0,0,0,0,0,1,29,3,0,0,0,0,0,0,0,0,0,0,0,0,0,0,0,0,0,1
45,4,3,2,0,0,0,0,0,0,0,2,27,2,0,0,0,0,0,0,0,0,0,0,0,0,0,0,0,0,0,1
23,1,2,0,0,0,0,0,0,0,0,0,8,3,0,0,1,0,0,0,0,0,-1,0,0,0,0,0,0,0,0,1
48,1,4,3,0,0,0,0,0,0,0,0,11,2,0,0,1,0,0,0,0,0,-1,0,0,0,0,0,0,0,0,1
12,1,0,0,0,0,0,0,0,0,0,0,12,3,0,0,0,0,0,0,0,0,-1,0,0,0,0,0,0,0,0,1
31,2,0,0,0,0,0,0,0,0,0,1,31,3,0,0,1,0,0,0,0,0,-1,0,0,0,0,0,0,0,0,1
40,2,2,0,0,0,0,0,0,0,0,0,10,3,0,0,1,0,0,0,0,0,-1,0,0,0,0,0,0,0,0,1
96,1,6,11,0,0,0,0,0,0,0,0,13,3,0,0,1,0,0,0,0,0,0,0,0,0,0,0,0,0,0,1
20,2,0,0,0,0,0,0,0,0,0,1,20,2,0,0,0,0,0,0,0,0,-1,0,0,0,0,0,0,0,0,1
24,1,1,0,0,0,0,0,0,0,0,0,16,3,0,0,0,0,0,0,0,0,-1,0,0,0,0,0,0,0,0,1
59,3,4,3,0,0,0,0,0,0,0,1,15,2,0,0,0,0,0,0,0,0,0,0,0,0,0,0,0,0,0,1
107,3,1,5,0,0,0,0,0,0,0,1,17,2,0,0,1,0,0,0,0,0,-1,0,0,0,0,0,0,0,0,1
20,1,0,0,0,0,0,0,0,0,0,0,20,3,0,0,0,0,0,0,0,0,-1,0,0,0,0,0,0,0,0,1
45,1,4,0,0,0,0,0,0,0,0,0,7,2,0,0,0,0,0,0,0,0,-1,0,0,0,0,0,0,0,0,1
58,2,2,3,0,0,0,0,0,0,0,0,21,3,0,0,0,0,0,0,0,0,-1,0,0,0,0,0,0,0,0,1
57,3,4,1,0,0,0,0,0,0,0,1,25,2,0,0,0,0,0,0,0,0,0,0,0,0,0,0,0,0,0,1
65,2,3,5,0,0,0,0,0,0,0,0,12,3,0,0,1,0,0,0,0,0,-1,0,0,0,0,0,0,0,0,1
65,1,3,4,0,0,0,0,0,0,0,0,17,3,0,0,0,0,0,0,0,0,-1,0,0,0,0,0,0,0,0,1
124,2,6,8,0,0,0,0,0,0,0,0,27,3,0,0,1,0,0,0,0,0,-1,0,0,0,0,0,0,0,0,1
51,2,1,0,0,0,0,0,0,0,0,0,22,3,0,0,0,2,0,0,1,0,-1,0,0,0,0,0,0,1,0,1
43,1,2,0,0,0,0,0,0,0,0,0,18,3,0,0,0,0,0,0,0,0,-1,0,0,0,0,0,0,0,0,1
114,2,4,6,0,0,0,0,0,0,0,1,35,3,0,0,0,0,0,0,0,0,-1,0,0,0,0,0,0,0,0,1
120,1,2,12,0,0,0,0,0,0,0,0,10,3,0,0,1,0,0,0,0,0,-1,0,0,0,0,0,0,0,0,1
30,2,0,0,0,0,0,0,0,0,0,1,30,3,0,0,0,0,0,0,0,0,-1,0,0,0,0,0,0,0,0,1
31,2,0,0,0,0,0,0,0,0,0,1,31,3,0,0,0,0,0,0,0,0,-1,0,0,0,0,0,0,0,0,1
48,1,2,5,0,0,0,0,0,0,0,0,20,3,0,0,0,0,0,0,0,0,-1,0,0,0,0,0,0,0,0,1
53,2,2,0,0,0,0,0,0,0,0,1,16,3,0,0,0,0,0,0,0,0,-1,0,0,0,0,0,0,0,0,1
71,1,4,3,0,0,0,0,0,0,0,0,14,3,0,0,1,0,0,0,0,0,-1,0,0,0,0,0,0,0,0,1
40,1,2,0,0,0,0,0,0,0,0,0,21,3,0,0,0,0,0,0,0,0,-1,0,0,0,0,0,0,0,0,1
59,2,3,0,0,0,0,0,0,0,0,0,12,3,0,0,0,3,0,0,1,0,0,0,0,0,0,0,0,0,0,1
98,3,4,7,0,0,0,0,0,0,0,1,15,3,0,0,1,0,0,0,0,0,-1,0,0,0,0,0,0,0,0,1
33,2,1,1,0,0,0,0,0,0,0,0,12,3,0,0,0,0,0,0,0,0,-1,0,0,0,0,0,0,0,0,1
58,2,2,3,0,0,0,0,0,0,0,0,18,3,0,0,0,0,0,0,0,0,-1,0,0,0,0,0,0,0,0,1
78,2,6,0,0,0,0,0,0,0,0,0,13,3,0,0,1,0,0,0,0,0,-1,0,0,0,0,0,0,0,0,1
40,1,3,0,0,0,0,0,0,0,0,0,17,3,0,0,0,1,0,0,1,0,0,0,0,0,0,0,0,0,0,1
164,3,3,7,0,0,0,0,0,0,0,0,11,2,0,0,1,5,0,1,1,0,1,0,0,0,0,0,0,1,1,1
102,3,3,0,0,0,0,0,0,0,0,0,9,3,0,0,1,5,0,0,1,0,0,0,0,0,0,0,0,0,0,1
67,2,1,0,0,0,0,0,0,0,0,0,16,3,0,0,0,1,0,0,1,0,-1,0,0,0,0,0,0,0,0,1
32,2,0,0,0,0,0,0,0,0,0,1,32,2,0,0,0,0,0,0,0,0,-1,0,0,0,0,0,0,0,0,1
68,3,5,0,0,0,0,0,0,0,0,1,15,3,0,0,1,3,0,0,1,0,0,0,0,0,0,0,0,0,0,1
39,2,4,0,0,0,0,0,0,0,0,0,14,3,0,0,0,0,0,0,0,0,0,0,0,0,0,0,0,0,0,1
68,2,4,0,0,0,0,0,0,0,0,1,14,3,0,0,1,5,0,0,1,0,0,0,0,0,0,0,0,0,0,1
66,2,2,7,0,0,0,0,0,0,0,0,14,3,0,0,0,0,0,0,0,0,-1,0,0,0,0,0,0,0,0,1
58,7,3,0,0,0,1,0,0,0,1,5,45,3,0,0,1,0,0,0,0,0,0,0,0,0,0,0,0,0,0,1
19,1,1,0,0,0,0,0,0,0,0,0,11,3,0,0,0,0,0,0,0,0,-1,0,0,0,0,0,0,0,0,1
27,2,0,0,0,0,0,0,0,0,0,1,27,3,0,0,0,0,0,0,0,0,-1,0,0,0,0,0,0,0,0,1
67,2,2,0,0,0,0,0,0,0,0,0,28,3,0,0,1,3,0,0,1,0,-1,0,0,0,0,0,0,0,0,1
49,2,2,0,0,0,0,0,0,0,0,0,18,3,0,0,1,1,0,0,1,0,-1,0,0,0,0,0,0,0,0,1
31,2,2,0,0,0,0,0,0,0,0,1,16,3,0,0,0,0,0,0,0,0,-1,0,0,0,0,0,0,0,0,1
112,2,8,9,0,0,0,0,0,0,0,1,11,3,0,0,1,0,0,0,0,0,0,0,0,0,0,1,0,0,0,1
50,1,4,2,0,0,0,0,0,0,0,0,9,3,0,0,0,0,0,0,0,0,-1,0,0,0,0,0,0,0,0,1
66,2,2,3,0,0,0,0,0,0,0,0,18,3,0,0,1,0,0,0,1,0,-1,0,0,0,0,0,0,0,0,1
19,1,0,0,0,0,0,0,0,0,0,0,19,3,0,0,0,0,0,0,0,0,-1,0,0,0,0,0,0,0,0,1
78,2,3,1,0,0,0,0,0,0,0,0,14,3,0,0,0,5,0,0,1,0,0,0,0,0,0,0,0,0,0,1
14,2,0,0,0,0,0,0,0,0,0,1,14,2,0,0,0,0,0,0,0,0,-1,0,0,0,0,0,0,0,0,1
54,2,2,2,0,0,0,0,0,0,0,1,24,3,0,0,0,0,0,0,0,0,-1,0,0,0,0,0,0,0,0,1
31,2,2,1,0,0,0,0,0,0,0,1,14,2,0,0,0,0,0,0,0,0,-1,0,0,0,0,0,0,0,0,1
118,3,3,4,0,0,0,0,0,0,0,1,20,3,0,0,0,5,0,0,1,0,0,0,0,0,0,0,0,0,0,1
70,3,3,2,0,0,0,0,0,0,0,1,23,3,0,0,1,0,0,0,0,0,-1,0,0,0,0,0,0,0,0,1
23,1,2,0,0,0,0,0,0,0,0,0,13,3,0,0,0,0,0,0,0,0,-1,0,0,0,0,0,0,0,0,1
52,2,4,2,0,0,0,0,0,0,0,0,10,3,0,0,0,0,0,0,1,0,-1,0,0,0,0,0,0,0,0,1
17,1,0,0,0,0,0,0,0,0,0,0,17,3,0,0,0,0,0,0,0,0,-1,0,0,0,0,0,0,0,0,1
47,1,2,0,0,0,0,0,0,0,0,0,21,3,0,0,0,0,0,0,0,0,-1,0,0,0,0,0,0,0,0,1
47,1,4,0,0,0,0,0,0,0,0,0,16,3,0,0,1,0,0,0,0,0,-1,0,0,0,0,0,0,0,0,1
78,2,3,0,0,0,0,0,0,0,0,0,15,2,0,0,0,5,0,0,1,0,0,0,0,0,0,0,0,0,0,1
10,2,0,0,0,0,0,0,0,0,0,1,10,2,0,0,0,0,0,0,0,0,-1,0,0,0,0,0,0,0,0,1
55,3,1,0,0,0,0,0,0,0,0,1,18,2,0,0,1,3,0,0,0,0,-1,0,0,0,0,0,0,1,0,1
23,1,0,0,0,0,0,0,0,0,0,0,23,3,0,0,0,0,0,0,0,0,-1,0,0,0,0,0,0,0,0,1
66,1,1,0,0,0,0,0,0,0,0,0,6,3,0,0,0,0,0,0,0,0,-1,0,0,0,0,0,0,0,0,1
247,3,4,0,0,0,0,0,0,0,0,1,21,2,0,0,0,5,0,0,1,0,0,0,0,0,0,0,0,0,0,1
38,1,5,1,0,0,0,0,0,0,0,0,12,3,0,0,0,0,0,0,0,0,-1,0,0,0,0,0,0,0,0,1
15,1,0,0,0,0,0,0,0,0,0,0,15,4,0,0,0,0,0,0,0,0,-1,0,0,0,0,0,0,0,0,1
132,2,4,12,0,0,0,0,0,0,0,0,11,3,0,0,0,5,0,0,1,0,0,0,0,0,0,0,0,0,0,1
9,1,0,0,0,0,0,0,0,0,0,0,9,3,0,0,0,0,0,0,0,0,-1,0,0,0,0,0,0,0,0,1
69,4,5,2,0,0,0,0,0,0,0,1,25,2,0,0,0,0,0,0,0,0,0,0,0,0,0,0,0,0,0,1
37,5,3,0,0,0,0,0,0,0,0,3,17,2,0,0,0,0,0,0,0,0,-1,0,0,0,0,0,0,0,0,1
166,2,3,10,0,0,0,0,0,0,0,0,16,3,0,0,1,5,0,0,1,0,0,0,0,0,0,0,0,0,0,1
67,2,1,0,0,0,0,0,0,0,0,0,27,3,0,0,1,3,0,0,1,0,-1,0,0,0,0,0,0,0,0,1
15,1,0,0,0,0,0,0,0,0,0,0,15,3,0,0,0,0,0,0,0,0,-1,0,0,0,0,0,0,0,0,1
80,2,6,4,0,0,0,0,0,0,0,1,33,2,0,0,0,0,0,0,0,0,0,0,0,0,0,0,0,0,0,1
57,2,3,0,0,0,0,0,0,0,0,0,16,3,0,0,0,0,0,0,0,0,-1,0,0,0,0,0,0,0,0,1
101,3,5,8,0,0,0,0,0,0,0,1,13,2,0,0,1,0,0,0,0,0,0,0,0,0,0,0,0,0,0,1
37,2,1,0,0,0,0,0,0,0,0,1,30,3,0,0,0,0,0,0,0,0,-1,0,0,0,0,0,0,0,0,1
35,2,1,0,0,0,0,0,0,0,0,0,11,3,0,0,1,1,0,0,1,0,-1,0,0,0,0,0,0,0,0,1
16,1,0,0,0,0,0,0,0,0,0,0,16,3,0,0,0,0,0,0,0,0,-1,0,0,0,0,0,0,0,0,1
76,3,4,3,0,0,0,0,0,0,0,1,21,3,0,0,0,0,0,0,0,0,0,0,0,0,0,0,0,0,0,1
52,1,2,4,0,0,0,0,0,0,0,0,7,2,0,0,0,0,0,0,0,0,-1,0,0,0,0,0,0,0,0,1
56,1,4,4,0,0,0,0,0,0,0,0,16,3,0,0,1,0,0,0,0,0,-1,0,0,0,0,0,0,0,0,1
35,3,2,0,0,0,0,0,0,0,0,1,12,3,0,0,0,0,0,0,0,0,-1,0,0,0,0,0,0,0,0,1
61,1,3,4,0,0,0,0,0,0,0,0,10,3,0,0,1,0,0,0,0,0,-1,0,0,0,0,0,0,0,0,1
31,1,2,2,0,0,0,0,0,0,0,0,14,3,0,0,0,0,0,0,0,0,-1,0,0,0,0,0,0,0,0,1
68,2,4,2,0,0,0,0,0,0,0,0,17,3,0,0,1,0,0,0,0,0,-1,0,0,0,0,0,0,0,0,1
23,2,0,0,0,0,0,0,0,0,0,1,23,3,0,0,0,0,0,0,0,0,-1,0,0,0,0,0,0,0,0,1
25,1,2,0,0,0,0,0,0,0,0,0,12,3,0,0,0,0,0,0,0,0,-1,0,0,0,0,0,0,0,0,1
50,2,4,0,0,0,0,0,0,0,0,0,8,3,0,0,0,0,0,0,0,0,-1,0,0,0,0,0,0,0,0,1
26,1,2,0,0,0,0,0,0,0,0,0,13,3,0,0,0,0,0,0,0,0,-1,0,0,0,0,0,0,0,0,1
53,2,2,1,0,0,0,0,0,0,0,1,24,3,0,0,0,0,0,0,0,0,-1,0,0,0,0,0,0,0,0,1
89,3,5,0,0,0,0,0,0,0,0,0,18,3,0,0,0,3,0,0,1,0,0,0,0,0,0,0,0,0,0,1
46,3,1,0,0,0,0,0,0,0,0,1,19,3,0,0,1,1,0,0,1,0,-1,0,0,0,0,0,0,0,0,1
87,1,3,12,0,0,0,0,0,0,0,0,12,3,0,0,1,0,0,0,0,0,-1,0,0,0,0,0,0,0,0,1
57,2,3,0,0,0,0,0,0,0,0,0,28,3,0,0,0,0,0,0,0,0,-1,0,0,0,0,0,0,0,0,1
100,4,3,0,0,0,0,0,0,0,0,2,18,2,0,0,1,5,0,0,1,0,0,0,0,0,0,0,0,0,0,1
43,2,3,0,0,0,0,0,0,0,0,0,12,3,0,0,1,0,0,0,0,0,-1,0,0,0,0,0,0,0,0,1
62,2,4,2,0,0,0,0,0,0,0,0,21,3,0,0,0,0,0,0,0,0,0,0,0,0,0,0,0,0,0,1
57,2,4,2,0,0,0,0,0,0,0,1,16,3,0,0,0,0,0,0,0,0,-1,0,0,0,0,0,0,0,0,1
107,1,6,8,0,0,0,0,0,0,0,0,13,3,0,0,1,0,0,0,0,0,0,0,0,0,0,0,0,0,0,1
23,1,2,0,0,0,0,0,0,0,0,0,8,3,0,0,1,0,0,0,0,0,-1,0,0,0,0,0,0,0,0,1
55,2,4,1,0,0,0,0,0,0,0,0,24,2,0,0,0,0,0,0,0,0,0,0,0,0,0,0,0,0,0,1
88,2,3,0,0,0,0,0,0,0,0,0,10,3,0,0,1,5,0,0,1,0,0,0,0,0,0,0,0,0,0,1
13,1,0,0,0,0,0,0,0,0,0,0,13,3,0,0,0,0,0,0,0,0,-1,0,0,0,0,0,0,0,0,1
23,1,0,0,0,0,0,0,0,0,0,0,23,3,0,0,0,0,0,0,0,0,-1,0,0,0,0,0,0,0,0,1
31,1,1,0,0,0,0,0,0,0,0,0,11,3,0,0,0,1,0,0,1,0,-1,0,0,0,0,0,0,0,0,1
46,2,2,1,0,0,0,0,0,0,0,0,19,3,0,0,0,0,0,0,0,0,-1,0,0,0,0,0,0,0,0,1
67,2,3,0,0,0,0,0,0,0,0,0,17,3,0,0,1,0,0,0,0,0,-1,0,0,0,0,0,0,0,0,1
45,1,1,0,0,0,0,0,0,0,0,0,11,3,0,0,0,1,0,0,1,0,-1,0,0,0,0,0,0,0,0,1
45,3,2,0,0,0,0,0,0,0,0,1,16,3,0,0,0,0,0,0,0,0,-1,0,0,0,0,0,0,0,0,1
28,2,3,0,0,0,0,0,0,0,0,1,14,2,0,0,0,0,0,0,0,0,0,0,0,0,0,0,0,0,0,1
54,3,3,0,0,0,0,0,0,0,0,1,31,3,0,0,0,0,0,0,0,0,-1,0,0,0,0,0,0,0,0,1
55,3,5,0,0,0,0,0,0,0,0,1,21,2,0,0,0,0,0,0,0,0,0,0,0,0,0,0,0,0,0,1
31,1,1,0,0,0,0,0,0,0,0,0,11,3,0,0,0,1,0,0,1,0,-1,0,0,0,0,0,0,0,0,1
106,3,3,1,0,0,0,0,0,0,0,1,16,3,0,0,0,5,0,0,1,0,0,0,0,0,0,0,0,0,0,1
69,3,3,2,0,0,0,0,0,0,0,1,25,3,0,0,0,3,0,0,1,0,0,0,0,0,0,0,0,0,0,1
15,1,0,1,0,0,0,0,0,0,0,0,15,3,0,0,0,0,0,0,0,0,-1,0,0,1,0,0,0,0,0,1
136,9,4,0,0,0,0,0,0,0,0,0,12,3,0,0,1,1,0,0,1,0,0,0,0,0,0,0,0,0,0,1
34,2,1,0,0,0,0,0,0,0,0,0,12,3,0,0,0,0,0,0,0,0,-1,0,0,0,0,0,0,0,0,1
79,1,2,6,0,0,0,0,0,0,0,0,18,3,0,0,1,0,0,0,0,0,-1,0,0,0,0,0,0,0,0,1
23,1,2,0,0,0,0,0,0,0,0,0,8,3,0,0,1,0,0,0,0,0,-1,0,0,0,0,0,0,0,0,1
25,2,2,0,0,0,0,0,0,0,0,0,9,3,0,0,1,0,0,0,0,0,-1,0,0,0,0,0,0,0,0,1
87,3,5,8,0,0,0,0,0,0,0,1,17,3,0,0,1,0,0,0,0,0,0,0,0,0,0,0,0,0,0,1
51,1,4,3,0,0,0,0,0,0,0,0,19,3,0,0,0,0,0,0,0,0,0,0,0,0,0,0,0,0,0,1
34,1,4,0,0,0,0,0,0,0,0,0,8,3,0,0,0,0,0,0,0,0,-1,0,0,0,0,0,0,0,0,1
16,1,0,0,0,0,0,0,0,0,0,0,16,3,0,0,0,0,0,0,0,0,-1,0,0,0,0,0,0,0,0,1
102,1,4,8,0,0,0,0,0,0,0,0,13,3,0,0,1,0,0,0,0,0,0,0,0,0,0,0,0,0,0,1
27,1,0,0,0,0,0,0,0,0,0,0,27,3,0,0,0,0,0,0,0,0,-1,0,0,0,0,0,0,0,0,1
88,3,3,0,0,0,0,0,0,0,0,1,22,3,0,0,0,5,0,0,1,0,0,0,0,0,0,0,0,0,0,1
44,3,2,1,0,0,0,0,0,0,0,1,18,3,0,0,0,0,0,0,0,0,-1,0,0,0,0,0,0,0,0,1
122,4,3,0,0,0,0,0,0,0,0,2,28,2,0,0,0,5,0,0,1,0,0,0,0,0,0,0,0,0,0,1
14,1,0,0,0,0,0,0,0,0,0,0,14,3,0,0,0,0,0,0,0,0,-1,0,0,0,0,0,0,0,0,1
98,1,3,0,0,0,0,0,0,0,0,0,9,4,0,0,1,5,0,0,0,0,0,0,0,0,0,0,0,1,0,1
38,4,0,0,0,0,0,0,0,0,0,3,38,2,0,0,1,0,0,0,0,0,-1,0,0,0,0,0,0,0,0,1
210,2,3,2,0,0,0,0,0,0,0,0,26,3,0,0,0,5,0,0,1,0,0,0,0,0,0,0,0,0,0,1
27,1,1,0,0,0,0,0,0,0,0,0,17,3,0,0,0,0,0,0,0,0,-1,0,0,0,0,0,0,0,0,1
24,1,1,0,0,0,0,0,0,0,0,0,9,3,0,0,0,0,0,0,0,0,-1,0,0,0,0,0,0,0,0,1
18,1,0,0,0,0,0,0,0,0,0,0,18,3,0,0,0,0,0,0,0,0,-1,0,0,0,0,0,0,0,0,1
24,2,0,0,0,0,0,0,0,0,0,1,24,3,0,0,0,0,0,0,0,0,-1,0,0,0,0,0,0,0,0,1
38,1,2,1,0,0,0,0,0,0,0,0,16,3,0,0,1,0,0,0,0,0,-1,0,0,0,0,0,0,0,0,1
85,1,4,9,0,0,0,0,0,0,0,0,15,3,0,0,1,0,0,0,0,0,-1,0,0,0,0,0,0,0,0,1
31,1,1,0,0,0,0,0,0,0,0,0,11,3,0,0,0,1,0,0,1,0,-1,0,0,0,0,0,0,0,0,1
63,2,5,1,0,0,0,0,0,0,0,1,22,3,0,0,0,0,0,0,0,0,0,0,0,0,0,0,0,0,0,1
163,2,5,1,0,0,0,0,0,0,0,0,15,3,0,0,0,4,0,0,1,0,0,0,0,0,0,0,0,0,0,1
46,1,2,4,0,0,0,0,0,0,0,0,10,2,0,0,0,0,0,0,0,0,-1,0,0,0,0,0,0,0,0,1
14,1,0,0,0,0,0,0,0,0,0,0,14,2,0,0,0,0,0,0,0,0,-1,0,0,0,0,0,0,0,0,1
46,2,3,1,0,0,0,0,0,0,0,0,17,3,0,0,0,0,0,0,0,0,-1,0,0,0,0,0,0,0,0,1
14,1,0,1,0,0,0,0,0,0,0,0,14,3,0,0,0,0,0,0,0,0,-1,0,0,0,0,0,0,0,0,1
22,2,0,0,0,0,0,0,0,0,0,1,22,3,0,0,0,0,0,0,0,0,-1,0,0,0,0,0,0,0,0,1
46,2,1,5,0,0,0,0,0,0,0,0,12,3,0,0,0,0,0,0,0,0,-1,0,0,0,0,0,0,0,0,1
32,2,3,0,0,0,0,0,0,0,0,0,11,3,0,0,0,0,0,0,0,0,0,0,0,0,0,0,0,0,0,1
25,1,0,0,0,0,0,0,0,0,0,0,25,3,0,0,0,0,0,0,0,0,-1,0,0,0,0,0,0,0,0,1
101,1,5,0,0,0,0,0,0,0,0,0,12,2,0,0,0,5,0,0,0,0,0,0,0,0,0,0,0,1,0,1
21,1,0,0,0,0,0,0,0,0,0,0,21,3,0,0,0,0,0,0,0,0,-1,0,0,0,0,0,0,0,0,1
34,1,1,0,0,0,0,0,0,0,0,0,6,3,0,0,0,0,0,0,0,0,-1,0,0,0,0,0,0,0,0,1
133,3,4,7,0,0,0,0,0,0,0,1,35,2,0,0,0,0,0,0,0,0,0,0,0,0,0,0,0,0,0,1
74,4,8,0,0,0,0,0,0,0,0,1,14,3,0,0,1,1,0,0,1,0,0,0,0,0,0,1,0,0,0,1
64,1,2,0,0,0,0,0,0,0,0,0,21,3,0,0,1,0,0,0,0,0,-1,0,0,0,0,0,0,0,0,1
39,2,1,0,0,0,0,0,0,0,0,1,21,3,0,0,0,0,0,0,0,0,-1,0,0,0,0,0,0,0,0,1
76,2,1,5,0,0,0,0,0,0,0,0,17,3,0,0,0,0,0,0,0,0,-1,0,0,0,0,0,0,0,0,1
69,1,4,6,0,0,0,0,0,0,0,0,15,3,0,0,1,0,0,0,0,0,-1,0,0,0,0,0,0,0,0,1
61,2,1,4,0,0,0,0,0,0,0,0,23,3,0,0,0,0,0,0,0,0,-1,0,0,0,0,0,0,0,0,1
66,3,3,3,0,0,0,0,0,0,0,1,14,3,0,0,0,1,0,0,1,0,0,0,0,0,0,0,0,0,0,1
71,1,2,0,0,0,0,0,0,0,0,0,21,3,0,0,0,0,0,0,0,0,-1,0,0,0,0,0,0,0,0,1
99,2,4,1,0,0,0,0,0,0,0,0,8,3,0,0,1,2,0,0,0,0,-1,0,0,0,0,0,0,1,0,1
25,1,1,0,0,0,0,0,0,0,0,0,10,3,0,0,0,0,0,0,0,0,-1,0,0,0,0,0,0,0,0,1
73,1,3,5,0,0,0,0,0,0,0,0,10,3,0,0,0,0,0,0,0,0,-1,0,0,0,0,0,0,0,0,1
139,8,4,0,0,0,0,0,0,0,0,0,12,3,0,0,1,1,0,0,1,0,0,0,0,0,0,0,0,0,0,1
29,2,1,0,0,0,0,0,0,0,0,1,23,3,0,0,0,0,0,0,0,0,-1,0,0,0,0,0,0,0,0,1
64,3,3,0,0,0,0,0,0,0,0,1,15,3,0,0,0,5,0,0,1,0,0,0,0,0,0,0,0,0,0,1
26,1,0,0,0,0,0,0,0,0,0,0,26,3,0,0,0,0,0,0,0,0,-1,0,0,0,0,0,0,0,0,1
55,2,1,0,0,0,0,0,0,0,0,0,19,3,0,0,0,0,0,0,0,0,-1,0,0,0,0,0,0,0,0,1
114,4,5,0,0,0,0,0,0,0,0,2,18,2,0,0,1,3,0,0,1,0,0,0,0,0,0,0,0,0,0,1
65,1,5,2,0,0,0,0,0,0,0,0,13,3,0,0,0,0,0,0,0,0,-1,0,0,0,0,0,0,0,0,1
76,4,3,4,0,0,0,0,0,0,0,2,27,2,0,0,0,0,0,0,0,0,-1,0,0,0,0,0,0,0,0,1
76,3,2,0,0,0,0,0,0,0,0,1,14,3,0,0,0,0,0,0,0,0,-1,0,0,0,0,0,0,0,0,1
34,2,2,0,0,0,0,0,0,0,0,0,17,3,0,0,0,0,0,0,0,0,-1,0,0,0,0,0,0,0,0,1
19,1,0,0,0,0,0,0,0,0,0,0,19,3,0,0,0,0,0,0,0,0,-1,0,0,0,0,0,0,0,0,1
137,1,3,6,0,0,0,0,0,0,0,0,11,2,0,0,1,5,0,0,0,0,-1,0,0,0,0,0,0,1,0,1
46,2,2,1,0,0,0,0,0,0,0,1,16,3,0,0,1,0,0,0,0,0,-1,0,0,0,0,0,0,0,0,1
23,2,1,0,0,0,0,0,0,0,0,0,14,3,0,0,0,0,0,0,0,0,-1,0,0,0,0,0,0,0,0,1
46,2,2,0,0,0,0,0,0,0,0,1,16,3,0,0,0,2,0,0,0,0,-1,0,0,0,0,0,0,1,0,1
27,2,1,0,0,0,0,0,0,0,0,0,16,3,0,0,0,0,0,0,0,0,-1,0,0,0,0,0,0,0,0,1
56,3,4,0,0,0,0,0,0,0,0,1,22,3,0,0,0,0,0,0,0,0,-1,0,0,0,0,0,0,0,0,1
26,1,1,0,0,0,0,0,0,0,0,0,20,3,0,0,0,0,0,0,0,0,-1,0,0,0,0,0,0,0,0,1
102,1,4,9,0,0,0,0,0,0,0,0,14,3,0,0,1,0,0,0,0,0,-1,0,0,0,0,0,0,0,0,1
48,2,3,0,0,0,0,0,0,0,0,0,8,3,0,0,0,0,0,0,0,0,-1,0,0,0,0,0,0,0,0,1
93,3,8,2,0,0,1,0,1,0,0,1,20,3,0,0,0,2,0,0,1,0,0,0,0,0,0,1,0,0,0,1
56,2,3,1,0,0,0,0,0,0,0,1,27,3,0,0,0,1,0,0,1,0,0,0,0,0,0,0,0,0,0,1
49,3,3,0,0,0,0,0,0,0,0,1,25,3,0,0,1,0,0,0,0,0,-1,0,0,0,0,0,0,0,0,1
48,4,4,0,0,0,0,0,0,0,0,2,15,2,0,0,0,0,0,0,0,0,-1,0,0,0,0,0,0,0,0,1
17,1,0,0,0,0,0,0,0,0,0,0,17,3,0,0,0,0,0,0,0,0,-1,0,0,0,0,0,0,0,0,1
44,2,1,4,0,0,0,0,0,0,0,0,21,3,0,0,0,0,0,0,0,0,-1,0,0,0,0,0,0,0,0,1
18,1,2,0,0,0,0,0,0,0,0,0,7,2,0,0,0,0,0,0,0,0,-1,0,0,0,0,0,0,0,0,1
36,2,1,0,0,0,0,0,0,0,0,0,10,3,0,0,1,1,0,0,1,0,-1,0,0,0,0,0,0,0,0,1
63,2,5,3,0,0,0,0,0,0,0,0,12,2,0,0,0,0,0,0,0,0,0,0,0,0,0,0,0,0,0,1
96,2,5,12,0,0,0,0,0,0,0,0,13,2,0,0,1,0,0,0,0,0,0,0,0,0,0,0,0,0,0,1
103,2,2,0,0,0,0,0,0,0,0,0,14,3,0,0,1,5,0,0,1,0,-1,0,1,0,0,0,0,0,0,1
53,5,0,0,0,0,0,0,0,0,0,4,53,6,0,0,0,0,0,0,0,0,-1,0,0,0,0,0,1,0,0,1
43,2,1,2,0,0,0,0,0,0,0,0,25,3,0,0,0,0,0,0,0,0,-1,0,0,0,0,0,0,0,0,1
80,1,3,8,0,0,0,0,0,0,0,0,13,3,0,0,1,0,0,0,0,0,-1,0,0,0,0,0,0,0,0,1
90,1,5,6,1,0,0,0,0,0,0,0,9,3,0,1,1,3,0,0,1,0,0,0,0,0,0,0,0,0,0,1
48,2,2,0,0,0,0,0,0,0,0,0,10,3,0,0,1,0,0,0,0,0,-1,0,0,0,0,0,0,0,0,1
17,2,0,0,0,0,0,0,0,0,0,1,17,3,0,0,0,0,0,0,0,0,-1,0,0,0,0,0,0,0,0,1
20,1,0,0,0,0,0,0,0,0,0,0,20,3,0,0,0,0,0,0,0,0,-1,0,0,0,0,0,0,0,0,1
16,1,0,0,0,0,0,0,0,0,0,0,16,3,0,0,0,0,0,0,0,0,-1,0,0,0,0,0,0,0,0,1
55,2,2,0,0,0,0,0,0,0,0,1,16,3,0,0,0,0,0,0,0,0,-1,0,0,0,0,0,0,0,0,1
59,4,4,0,0,0,0,0,0,0,0,2,23,3,0,0,0,1,0,0,1,0,-1,0,1,0,0,0,0,0,0,1
94,3,10,0,0,0,0,0,0,0,0,0,18,3,0,1,0,2,0,0,0,0,1,0,0,0,0,1,0,1,1,1
28,1,1,0,0,0,0,0,0,0,0,0,11,3,0,0,0,1,0,0,1,0,-1,0,0,0,0,0,0,0,0,1
54,1,3,2,0,0,0,0,0,0,0,0,20,3,0,0,0,0,0,0,0,0,-1,0,0,0,0,0,0,0,0,1
68,3,5,3,0,0,0,0,0,0,0,1,16,3,0,0,0,0,0,0,0,0,-1,0,0,0,0,0,0,0,0,1
109,1,4,15,0,0,0,0,0,0,0,0,9,3,0,0,0,0,0,0,0,0,0,0,0,0,0,0,0,0,0,1
47,2,1,0,0,0,0,0,0,0,0,0,10,4,0,0,1,1,0,0,1,0,-1,0,0,0,0,0,0,0,0,1
42,3,0,0,0,0,0,0,0,0,0,2,42,2,0,0,0,0,0,0,0,0,-1,0,0,0,0,0,0,0,0,1
23,1,2,0,0,0,0,0,0,0,0,0,8,3,0,0,1,0,0,0,0,0,-1,0,0,0,0,0,0,0,0,1
81,3,3,0,0,0,0,0,0,0,0,1,12,3,0,0,0,5,0,0,1,0,0,0,0,0,0,0,0,0,0,1
86,1,8,4,0,0,0,0,0,0,0,0,10,3,0,0,1,0,0,0,0,0,0,0,0,0,0,1,0,0,0,1
31,1,1,0,0,0,0,0,0,0,0,0,11,3,0,0,0,1,0,0,1,0,-1,0,0,0,0,0,0,0,0,1
26,2,0,0,0,0,0,0,0,0,0,1,26,3,0,0,0,0,0,0,0,0,-1,0,0,0,0,0,0,0,0,1
15,1,0,0,0,0,0,0,0,0,0,0,15,3,0,0,0,0,0,0,0,0,-1,0,0,0,0,0,0,0,0,1
149,1,5,2,0,0,0,0,0,0,0,0,9,3,0,0,0,5,0,0,0,0,0,0,0,0,0,0,0,1,0,1
52,3,3,1,0,0,0,0,0,0,0,1,34,2,0,0,0,0,0,0,0,0,0,0,0,0,0,0,0,0,0,1
71,2,1,2,0,0,0,0,0,0,0,0,22,3,0,0,0,3,0,0,1,0,-1,0,0,0,0,0,0,1,0,1
64,1,3,4,0,0,0,0,0,0,0,0,10,3,0,0,1,0,0,0,0,0,-1,0,0,0,0,0,0,0,0,1
147,5,3,0,0,0,0,0,0,0,0,1,18,2,0,0,1,5,0,0,1,0,0,0,0,0,0,0,0,0,0,1
38,5,4,0,0,0,0,0,0,0,0,2,14,2,0,0,0,0,0,0,0,0,0,0,0,0,0,0,0,0,0,1
51,1,5,1,0,0,0,0,0,0,0,0,11,3,0,0,1,0,0,0,0,0,-1,0,0,0,0,0,0,0,0,1
181,3,3,9,0,0,0,0,0,0,0,1,26,2,0,0,0,5,0,0,1,0,0,0,0,0,0,0,0,0,0,1
44,2,5,1,0,0,0,0,0,0,0,1,15,2,0,0,0,0,0,0,0,0,0,0,0,0,0,0,0,0,0,1
178,3,3,0,0,0,0,0,0,0,0,1,38,3,0,0,0,5,0,0,1,0,0,0,0,0,0,0,0,0,0,1
45,1,3,2,0,0,0,0,0,0,0,0,10,3,0,0,1,0,0,0,0,0,-1,0,0,0,0,0,0,0,0,1
23,1,2,0,0,0,0,0,0,0,0,0,8,3,0,0,1,0,0,0,0,0,-1,0,0,0,0,0,0,0,0,1
75,2,7,0,0,0,0,0,0,0,0,1,16,3,0,0,1,0,0,0,0,0,0,0,0,0,0,0,0,0,0,1
48,2,5,0,0,0,0,0,0,0,0,0,8,3,0,0,0,0,0,0,0,0,-1,0,0,0,0,0,0,0,0,1
42,1,2,0,0,0,0,0,0,0,0,0,18,3,0,0,0,0,0,0,0,0,-1,0,0,0,0,0,0,0,0,1
50,2,2,3,0,0,0,0,0,0,0,0,18,3,0,0,0,0,0,0,0,0,-1,0,0,0,0,0,0,0,0,1
38,1,3,2,0,0,0,0,0,0,0,0,9,3,0,0,0,0,0,0,0,0,-1,0,0,0,0,0,0,0,0,1
26,1,0,0,0,0,0,0,0,0,0,0,26,3,0,0,0,0,0,0,0,0,-1,0,0,0,0,0,0,0,0,1
162,2,4,18,0,0,0,0,0,0,0,1,38,3,0,0,1,0,0,0,0,0,-1,0,0,0,0,0,0,0,0,1
18,2,0,1,0,0,0,0,0,0,0,1,18,3,0,0,0,0,0,0,0,0,-1,0,0,0,0,0,0,0,0,1
26,1,2,1,0,0,0,0,0,0,0,0,16,2,0,0,0,0,0,0,0,0,-1,0,0,0,0,0,0,0,0,1
25,1,2,0,0,0,0,0,0,0,0,0,12,3,0,0,0,0,0,0,0,0,-1,0,0,0,0,0,0,0,0,1
66,2,5,0,0,0,0,0,0,0,0,0,11,3,0,0,0,5,0,0,1,0,0,0,0,0,0,0,0,0,0,1
67,1,3,0,0,0,0,0,0,0,0,0,15,3,0,0,1,2,0,0,0,0,-1,0,0,0,0,0,0,1,0,1
95,3,3,0,0,0,0,0,0,0,0,1,25,3,0,0,1,0,0,0,0,0,-1,0,0,0,0,0,0,0,0,1
112,2,3,2,0,0,0,0,0,0,0,0,27,3,0,0,0,5,0,0,1,0,0,0,0,0,0,0,0,0,0,1
84,2,4,3,0,0,0,0,0,0,0,1,14,3,0,0,1,1,0,0,1,0,-1,0,0,0,0,0,0,0,0,1
70,3,4,0,0,0,0,0,0,0,0,1,22,3,0,0,1,0,0,0,0,0,-1,0,0,0,0,0,0,0,0,1
25,2,2,0,0,0,0,0,0,0,0,0,14,3,0,0,1,0,0,0,0,0,-1,0,0,0,0,0,0,0,0,1
90,2,6,7,0,0,0,0,0,0,0,0,10,2,0,0,0,1,0,0,1,0,0,0,0,0,0,0,0,0,0,1
34,1,1,0,0,0,0,0,0,0,0,0,6,3,0,0,1,0,0,0,0,0,-1,0,0,0,0,0,0,0,0,1
50,2,3,1,0,0,0,0,0,0,0,0,13,3,0,0,0,1,0,0,1,0,0,0,0,0,0,0,0,0,0,1
100,4,3,0,0,0,0,0,0,0,0,1,20,3,0,0,0,5,0,0,1,0,0,0,0,0,0,0,0,0,0,1
53,2,2,0,0,0,0,0,0,0,0,1,19,3,0,0,1,0,0,0,0,0,-1,0,0,0,0,0,0,0,0,1
52,2,6,0,0,0,0,0,0,0,0,0,16,2,0,0,0,0,0,0,0,0,0,0,0,0,0,0,0,0,0,1
40,1,3,0,0,0,0,0,0,0,0,0,10,3,0,0,1,0,0,0,0,0,-1,0,0,0,0,0,0,0,0,1
42,2,2,0,0,0,0,0,0,0,0,0,10,3,0,0,0,1,0,0,1,0,-1,0,0,0,0,0,0,0,0,1
51,2,2,3,0,0,0,0,0,0,0,0,13,3,0,0,1,0,0,0,0,0,-1,0,0,0,0,0,0,0,0,1
80,3,3,0,0,0,0,0,0,0,0,1,16,2,0,0,0,5,0,0,1,0,0,0,0,0,0,0,0,0,0,1
87,4,5,0,0,0,0,0,0,0,0,1,15,2,0,0,0,3,0,0,1,0,0,0,0,0,0,0,0,0,0,1
36,2,2,0,0,0,0,0,0,0,0,1,16,3,0,0,0,0,0,0,0,0,-1,0,0,0,0,0,0,0,0,1
41,1,2,1,0,0,0,0,0,0,0,0,16,3,0,0,1,0,0,0,0,0,-1,0,0,0,0,0,0,0,0,1
55,2,4,0,0,0,0,0,0,0,0,0,13,3,0,0,0,0,0,0,0,0,-1,0,0,0,0,0,0,0,0,1
22,1,0,1,0,0,0,0,0,0,0,0,22,3,0,0,0,0,0,0,0,0,-1,0,0,0,0,0,0,0,0,1
104,1,5,8,1,0,0,0,0,0,0,0,9,3,0,1,1,3,0,0,1,0,0,0,0,0,0,0,0,0,0,1
47,1,2,2,0,0,0,0,0,0,0,0,12,3,0,0,0,0,0,0,0,0,-1,0,0,0,0,0,0,0,0,1
45,3,4,0,0,0,0,0,0,0,0,1,13,3,0,0,1,0,0,0,0,0,-1,0,0,0,0,0,0,0,0,1
32,3,1,1,0,0,0,0,0,0,0,1,18,3,0,0,0,0,0,0,0,0,-1,0,0,0,0,0,0,0,0,1
32,2,2,0,0,0,0,0,0,0,0,1,16,3,0,0,0,0,0,0,0,0,-1,0,0,0,0,0,0,0,0,1
49,2,3,0,0,0,0,0,0,0,0,0,11,3,0,0,0,1,0,0,1,0,-1,0,0,0,0,0,0,0,0,1
80,2,3,0,0,0,0,0,0,0,0,0,16,3,0,0,0,5,0,0,1,0,0,0,0,0,0,0,0,0,0,1
49,1,1,0,0,0,0,0,0,0,0,0,14,3,0,0,0,0,0,0,0,0,-1,0,0,0,0,0,0,0,0,1
98,1,3,0,0,0,0,0,0,0,0,0,9,4,0,0,1,5,0,0,0,0,0,0,0,0,0,0,0,1,0,1
11,1,0,0,0,0,0,0,0,0,0,0,11,3,0,0,0,0,0,0,0,0,-1,0,0,0,0,0,0,0,0,1
170,3,3,5,0,0,0,0,0,0,0,1,24,2,0,0,0,5,0,0,1,0,0,0,0,0,0,0,0,0,0,1
57,2,1,0,0,0,0,0,0,0,0,0,19,3,0,0,0,3,0,0,1,0,-1,0,0,0,0,0,0,1,0,1
14,1,0,0,0,0,0,0,0,0,0,0,14,3,0,0,0,0,0,0,0,0,-1,0,0,0,0,0,0,0,0,1
85,2,3,10,0,0,0,0,0,0,0,0,12,2,0,0,1,0,0,0,0,0,0,0,0,0,0,0,0,0,0,1
149,10,4,0,0,0,0,0,0,0,0,0,12,3,0,0,1,3,0,0,1,0,0,0,0,0,0,0,0,1,0,1
85,3,8,3,0,0,0,0,0,0,0,1,29,3,0,0,0,0,0,0,0,0,0,0,0,0,0,1,0,0,0,1
97,1,4,0,0,0,0,0,0,0,0,0,11,2,0,0,0,5,0,0,1,0,0,0,0,0,0,0,0,1,0,1
104,2,5,7,0,0,0,0,0,0,0,1,21,2,0,0,0,0,0,0,0,0,0,0,0,0,0,0,0,0,0,1
49,2,3,0,0,0,0,0,0,0,0,0,21,3,0,0,0,0,0,0,0,0,-1,0,0,0,0,0,0,0,0,1
22,1,0,0,0,0,0,0,0,0,0,0,22,3,0,0,0,0,0,0,0,0,-1,0,0,0,0,0,0,0,0,1
69,3,3,1,0,0,0,0,0,0,0,0,25,3,0,0,0,1,0,0,1,0,0,0,0,0,0,0,0,1,0,1
81,2,1,11,0,0,0,0,0,0,0,0,9,3,0,0,1,0,0,0,0,0,-1,0,0,0,0,0,0,0,0,1
42,2,4,0,0,0,0,0,0,0,0,0,12,3,0,0,0,0,0,0,0,0,-1,0,0,0,0,0,0,0,0,1
52,2,7,1,0,0,0,0,0,0,0,1,11,3,0,0,1,0,0,0,0,0,-1,0,0,0,0,0,0,0,0,1
126,2,3,3,0,0,0,0,0,0,0,0,14,3,0,0,0,5,0,0,1,0,0,0,0,0,0,0,0,1,0,1
95,3,3,6,0,0,0,0,0,0,0,1,42,3,0,0,1,0,0,0,0,0,-1,0,0,0,0,0,0,0,0,1
47,1,2,1,0,0,0,0,0,0,0,0,21,3,0,0,0,0,0,0,0,0,-1,0,0,0,0,0,0,0,0,1
17,3,0,0,0,0,0,0,0,0,0,2,17,2,0,0,0,0,0,0,0,0,-1,0,0,0,0,0,0,0,0,1
16,2,0,0,0,0,0,0,0,0,0,1,16,2,0,0,0,0,0,0,0,0,-1,0,0,0,0,0,0,0,0,1
30,2,2,0,0,0,0,0,0,0,0,1,15,2,0,0,0,0,0,0,0,0,-1,0,0,0,0,0,0,0,0,1
48,2,1,2,0,0,0,0,0,0,0,0,21,3,0,0,0,0,0,0,0,0,-1,0,0,0,0,0,0,0,0,1
153,3,4,15,0,0,0,0,0,0,0,1,30,3,0,0,1,0,0,0,0,0,0,0,0,0,0,0,0,0,0,1
67,2,1,0,0,0,0,0,0,0,0,0,27,3,0,0,1,3,0,0,1,0,-1,0,0,0,0,0,0,0,0,1
88,1,3,7,0,0,0,0,0,0,0,0,11,3,0,0,1,0,0,0,0,0,-1,0,0,0,0,0,0,0,0,1
50,1,2,3,0,0,0,0,0,0,0,0,16,3,0,0,0,0,0,0,0,0,-1,0,0,0,0,0,0,0,0,1
36,1,2,1,0,0,0,0,0,0,0,0,20,3,0,0,0,0,0,0,0,0,-1,0,0,0,0,0,0,0,0,1
84,3,1,0,0,0,0,0,0,0,0,1,17,2,0,0,1,5,0,0,1,0,-1,0,0,0,0,0,0,0,0,1
45,2,2,0,0,0,0,0,0,0,0,1,16,3,0,0,0,0,0,0,0,0,-1,0,0,0,0,0,0,0,0,1
14,1,0,0,0,0,0,0,0,0,0,0,14,3,0,0,0,0,0,0,0,0,-1,0,0,0,0,0,0,0,0,1
23,1,1,0,0,0,0,0,0,0,0,0,11,3,0,0,0,0,0,0,0,0,-1,0,0,0,0,0,0,0,0,1
35,2,2,0,0,0,0,0,0,0,0,1,16,3,0,0,0,0,0,0,0,0,-1,0,0,0,0,0,0,0,0,1
38,3,3,1,0,0,0,0,0,0,0,1,17,2,0,0,0,0,0,0,0,0,0,0,0,0,0,0,0,0,0,1
64,2,5,4,0,0,0,0,0,0,0,1,26,3,0,0,1,0,0,0,0,0,-1,0,0,0,0,0,0,0,0,1
98,1,3,0,0,0,0,0,0,0,0,0,9,4,0,0,1,5,0,0,0,0,0,0,0,0,0,0,0,1,0,1
63,2,2,1,0,0,0,0,0,0,0,0,22,3,0,0,0,1,0,0,1,0,-1,0,0,0,0,0,0,0,0,1
81,3,7,3,0,0,0,0,0,0,0,1,29,3,0,0,1,0,0,0,0,0,-1,0,0,0,0,0,0,0,0,1
83,3,3,0,0,0,0,0,0,0,0,1,16,2,0,0,0,5,0,0,1,0,0,0,0,0,0,0,0,0,0,1
29,1,2,0,0,0,0,0,0,0,0,0,10,3,0,0,0,0,0,0,0,0,-1,0,0,0,0,0,0,0,0,1
25,2,0,0,0,0,0,0,0,0,0,1,25,2,0,0,0,0,0,0,0,0,-1,0,0,0,0,0,0,0,0,1
34,1,4,0,0,0,0,0,0,0,0,0,8,3,0,0,0,0,0,0,0,0,-1,0,0,0,0,0,0,0,0,1
31,1,1,0,0,0,0,0,0,0,0,0,11,3,0,0,0,1,0,0,1,0,-1,0,0,0,0,0,0,0,0,1
32,2,2,0,0,0,0,0,0,0,0,0,16,3,0,0,0,0,0,0,0,0,-1,0,0,0,0,0,0,0,0,1
83,1,3,6,0,0,0,0,0,0,0,0,17,3,0,0,1,0,0,0,0,0,-1,0,0,0,0,0,0,0,0,1
57,2,4,2,0,0,0,0,0,0,0,1,34,2,0,0,0,0,0,0,0,0,0,0,0,0,0,0,0,0,0,1
36,1,2,0,0,0,0,0,0,0,0,0,16,3,0,0,0,0,0,0,0,0,-1,0,0,0,0,0,0,0,0,1
23,1,2,0,0,0,0,0,0,0,0,0,8,3,0,0,1,0,0,0,0,0,-1,0,0,0,0,0,0,0,0,1
24,1,1,0,0,0,0,0,0,0,0,0,19,3,0,0,0,0,0,0,0,0,-1,0,0,0,0,0,0,0,0,1
16,1,0,0,0,0,0,0,0,0,0,0,16,3,0,0,0,0,0,0,0,0,-1,0,0,0,0,0,0,0,0,1
87,3,5,1,0,0,0,0,0,0,0,1,15,3,0,0,1,5,0,0,1,0,0,0,0,0,0,0,0,0,0,1
36,2,0,0,0,0,0,0,0,0,0,1,36,3,0,0,0,0,0,0,0,0,-1,0,0,0,0,0,0,0,0,1
23,2,0,0,0,0,0,0,0,0,0,1,23,2,0,0,0,0,0,0,0,0,-1,0,0,0,0,0,0,0,0,1
69,2,4,3,0,0,0,0,0,0,0,0,18,3,0,0,1,0,0,0,0,0,-1,0,0,0,0,0,0,0,0,1
19,2,1,0,0,0,0,0,0,0,0,0,11,3,0,0,0,0,0,0,0,0,-1,0,0,0,0,0,0,0,0,1
83,4,3,0,0,0,0,0,0,0,0,2,23,2,0,0,0,5,0,0,1,0,0,0,0,0,0,0,0,0,0,1
84,3,8,4,0,0,0,0,0,0,0,1,14,2,0,0,0,0,0,0,0,0,0,0,0,0,0,1,0,0,0,1
60,2,2,0,0,0,0,0,0,0,0,1,16,3,0,0,0,2,0,0,0,0,-1,0,0,0,0,0,0,1,0,1
39,2,1,0,0,0,0,0,0,0,0,0,23,3,0,0,0,0,0,0,0,0,-1,0,0,0,0,0,0,0,0,1
200,2,4,0,1,0,0,0,0,0,0,1,23,3,0,1,0,5,0,0,1,0,0,0,0,0,0,0,0,0,0,1
49,1,3,0,0,0,0,0,0,0,0,0,16,3,0,0,0,0,0,0,0,0,-1,0,0,0,0,0,0,0,0,1
57,2,1,0,0,0,0,0,0,0,0,0,7,2,0,0,0,5,0,0,1,0,-1,0,0,0,0,0,0,0,0,1
22,1,1,0,0,0,0,0,0,0,0,0,14,3,0,0,0,0,0,0,0,0,-1,0,0,0,0,0,0,0,0,1
101,1,4,13,0,0,0,0,0,0,0,0,6,3,0,0,1,0,0,0,0,0,0,0,0,0,0,0,0,0,0,1
20,1,1,0,0,0,0,0,0,0,0,0,6,3,0,0,0,0,0,0,0,0,-1,0,0,0,0,0,0,0,0,1
31,1,1,1,0,0,0,0,0,0,0,0,11,3,0,0,0,1,0,0,1,0,-1,0,0,0,0,0,0,0,0,1
37,2,2,0,0,0,0,0,0,0,0,1,16,3,0,0,0,0,0,0,0,0,-1,0,0,0,0,0,0,0,0,1
70,2,4,0,0,0,0,0,0,0,0,0,14,3,0,0,1,1,0,0,1,0,-1,0,0,0,0,0,0,0,0,1
87,2,7,5,0,0,0,0,0,0,0,0,6,2,0,0,0,0,0,0,0,0,0,0,1,0,0,0,0,0,0,1
90,3,3,0,0,0,0,0,0,0,0,1,13,2,0,0,0,5,0,0,1,0,0,0,0,0,0,0,0,0,0,1
36,1,2,0,0,0,0,0,0,0,0,0,19,3,0,0,0,0,0,0,0,0,-1,0,0,0,0,0,0,0,0,1
54,2,5,1,0,0,0,0,0,0,0,0,9,3,0,0,0,1,0,0,1,0,0,0,0,0,0,0,0,0,0,1
77,1,6,3,0,0,0,0,0,0,0,0,22,3,0,0,0,0,0,0,0,0,0,0,0,0,0,0,0,0,0,1
27,1,0,2,0,0,0,0,0,0,0,0,27,3,0,0,0,0,0,0,0,0,-1,0,0,0,0,0,0,0,0,1
45,2,3,0,0,0,0,0,0,0,0,1,16,3,0,0,1,0,0,0,0,0,-1,0,0,0,0,0,0,0,0,1
43,2,5,0,0,0,0,0,0,0,0,0,11,3,0,0,1,0,0,0,0,0,-1,0,0,0,0,0,0,0,0,1
126,1,4,11,0,0,0,0,0,0,0,0,18,3,0,0,1,0,0,0,0,0,-1,0,0,0,0,0,0,0,0,1
44,1,3,1,0,0,0,0,0,0,0,0,12,3,0,0,1,0,0,0,0,0,-1,0,0,0,0,0,0,0,0,1
42,3,3,0,0,0,0,0,0,0,0,1,24,3,0,0,0,0,0,0,0,0,0,0,0,0,0,0,0,0,0,1
51,4,3,1,0,0,0,0,0,0,0,2,21,2,0,0,0,0,0,0,0,0,0,0,0,0,0,0,0,0,0,1
42,3,2,0,0,0,0,0,0,0,0,0,16,3,0,0,0,0,0,0,0,0,-1,0,0,0,0,0,0,0,0,1
42,1,3,0,0,0,0,0,0,0,0,0,12,3,0,0,1,0,0,0,0,0,-1,0,0,0,0,0,0,0,0,1
14,1,0,0,0,0,0,0,0,0,0,0,14,3,0,0,0,0,0,0,0,0,-1,0,0,0,0,0,0,0,0,1
49,3,3,0,0,0,0,0,0,0,0,1,31,2,0,0,0,0,0,0,0,0,0,0,0,0,0,0,0,0,0,1
88,2,3,9,0,0,0,0,0,0,0,0,13,3,0,0,1,0,0,0,0,0,-1,0,0,0,0,0,0,0,0,1
121,2,6,15,0,0,0,0,0,0,0,1,11,2,0,0,1,0,0,0,0,0,0,0,0,0,0,0,0,0,0,1
29,1,1,2,0,0,0,0,0,0,0,0,13,3,0,0,1,0,0,0,0,0,-1,0,0,0,0,0,0,0,0,1
91,4,6,5,0,0,0,0,0,0,0,1,24,2,0,0,0,0,0,0,0,0,0,0,0,0,0,0,0,0,0,1
58,4,2,0,0,0,0,0,0,0,0,2,25,3,0,0,1,3,0,0,1,0,-1,0,1,0,0,0,0,0,0,1
161,2,5,0,0,0,0,0,0,0,0,0,20,3,0,0,0,5,0,0,1,0,0,0,0,0,0,0,0,0,0,1
56,1,4,4,0,0,0,0,0,0,0,0,9,3,0,0,0,0,0,0,0,0,-1,0,0,0,0,0,0,0,0,1
40,2,2,1,0,0,0,0,0,0,0,0,15,3,0,0,0,0,0,0,0,0,-1,0,0,0,0,0,0,0,0,1
31,1,1,0,0,0,0,0,0,0,0,0,11,3,0,0,0,1,0,0,1,0,-1,0,0,0,0,0,0,0,0,1
37,1,3,1,0,0,0,0,0,0,0,0,16,3,0,0,1,0,0,0,0,0,-1,0,0,0,0,0,0,0,0,1
33,2,0,0,0,0,0,0,0,0,0,1,33,3,0,0,0,0,0,0,0,0,-1,0,0,0,0,0,0,0,0,1
31,2,1,0,0,0,0,0,0,0,0,0,14,3,0,0,0,0,0,0,0,0,-1,0,0,0,0,0,0,0,0,1
60,3,1,0,0,0,0,0,0,0,0,1,28,3,0,0,1,3,0,0,1,0,-1,0,0,0,0,0,0,0,0,1
38,1,3,1,0,0,0,0,0,0,0,0,12,3,0,0,1,0,0,0,0,0,-1,0,0,0,0,0,0,0,0,1
84,3,7,0,0,0,0,0,0,0,0,1,10,2,0,0,0,0,0,0,0,0,0,0,0,0,0,0,0,0,0,1
26,1,1,1,0,0,0,0,0,0,0,0,6,3,0,0,0,0,0,0,0,0,-1,0,0,0,0,0,0,0,0,1
113,1,4,17,0,0,0,0,0,0,0,0,11,3,0,0,0,0,0,0,0,0,0,0,0,0,0,0,0,0,0,1
40,1,4,1,0,0,0,0,0,0,0,0,12,3,0,0,1,0,0,0,0,0,-1,0,0,0,0,0,0,0,0,1
118,3,3,1,0,0,0,0,0,0,0,1,21,2,0,0,0,5,0,0,1,0,0,0,0,0,0,0,0,0,0,1
100,1,5,0,0,0,0,0,0,0,0,0,9,2,0,0,0,5,0,0,0,0,0,0,0,0,0,0,0,1,0,1
46,3,2,0,0,0,0,0,0,0,0,1,21,3,0,0,0,0,0,0,0,0,-1,0,0,0,0,0,0,0,0,1
38,2,4,0,0,0,0,0,0,0,0,1,18,2,0,0,0,0,0,0,0,0,0,0,0,0,0,0,0,0,0,1
12,1,0,0,0,0,0,0,0,0,0,0,12,3,0,0,0,0,0,0,0,0,-1,0,0,0,0,0,0,0,0,1
89,3,3,1,0,0,0,0,0,0,0,1,27,2,0,0,0,5,0,0,1,0,0,0,0,0,0,0,0,0,0,1
76,4,7,0,0,0,0,0,0,0,0,1,21,2,0,0,0,0,0,0,0,0,0,0,1,0,0,0,0,0,0,1
26,2,1,0,0,0,0,0,0,0,0,0,12,3,0,0,0,0,0,0,0,0,-1,0,0,0,0,0,0,0,0,1
42,2,3,1,0,0,0,0,0,0,0,0,8,3,0,0,0,0,0,0,0,0,-1,0,0,0,0,0,0,0,0,1
74,2,6,3,0,0,0,0,0,0,0,0,20,3,0,0,0,0,0,0,0,0,0,0,0,0,0,0,0,0,0,1
49,2,1,0,0,0,0,0,0,0,0,1,16,3,0,0,0,0,0,0,0,0,-1,0,0,0,0,0,0,0,0,1
56,1,3,0,0,0,0,0,0,0,0,0,14,3,0,0,0,0,0,0,0,0,-1,0,0,0,0,0,0,0,0,1
83,3,3,1,0,0,0,0,0,0,0,1,18,3,0,0,0,5,0,0,1,0,0,0,0,0,0,0,0,0,0,1
80,3,3,5,0,0,0,0,0,0,0,1,34,3,0,0,1,0,0,0,0,0,-1,0,0,0,0,0,0,0,0,1
38,2,3,2,0,0,0,0,0,0,0,1,13,3,0,0,1,0,0,0,0,0,-1,0,0,0,0,0,0,0,0,1
14,1,0,0,0,0,0,0,0,0,0,0,14,3,0,0,0,0,0,0,0,0,-1,0,0,0,0,0,0,0,0,1
35,1,3,2,0,0,0,0,0,0,0,0,9,3,0,0,0,0,0,0,0,0,-1,0,0,0,0,0,0,0,0,1
34,2,0,0,0,0,0,0,0,0,0,1,34,3,0,0,0,0,0,0,0,0,-1,0,0,0,0,0,0,0,0,1
66,2,4,0,0,0,0,0,0,0,0,0,10,3,0,0,1,0,0,0,0,0,-1,0,0,0,0,0,0,0,0,1
9,1,0,0,0,0,0,0,0,0,0,0,9,3,0,0,0,0,0,0,0,0,-1,0,0,0,0,0,0,0,0,1
22,2,0,0,0,0,0,0,0,0,0,1,22,3,0,0,0,0,0,0,0,0,-1,0,0,0,0,0,0,0,0,1
55,2,1,5,0,0,0,0,0,0,0,1,15,3,0,0,1,0,0,0,0,0,-1,0,0,0,0,0,0,0,0,1
52,4,2,0,0,0,0,0,0,0,0,1,16,3,0,0,0,0,0,0,0,0,-1,0,0,0,0,0,0,0,0,1
35,1,3,1,0,0,0,0,0,0,0,0,9,3,0,0,1,0,0,0,0,0,-1,0,0,0,0,0,0,0,0,1
40,2,4,0,0,0,0,0,0,0,0,0,15,3,0,0,0,0,0,0,0,0,-1,0,0,0,0,0,0,0,0,1
134,3,9,6,0,0,0,0,0,0,0,1,22,2,0,0,0,0,0,0,0,0,0,0,0,0,0,1,0,0,0,1
64,3,4,1,0,0,0,0,0,0,0,1,28,3,0,0,0,0,0,0,0,0,0,0,0,0,0,0,0,0,0,1
115,1,3,9,0,0,0,0,0,0,0,0,12,3,0,0,1,0,0,0,0,0,-1,0,0,0,0,0,0,0,0,1
53,3,3,1,0,0,0,0,0,0,0,1,20,2,0,0,0,0,0,0,0,0,0,0,0,0,0,0,0,0,0,1
68,2,2,6,0,0,0,0,0,0,0,0,13,3,0,0,1,0,0,0,0,0,-1,0,0,0,0,0,0,0,0,1
65,4,2,3,0,0,0,0,0,0,0,0,18,3,0,0,1,0,0,0,0,0,-1,0,0,0,0,0,0,0,0,1
25,1,2,0,0,0,0,0,0,0,0,0,7,2,0,0,0,0,0,0,0,0,-1,0,0,0,0,0,0,0,0,1
57,2,1,4,0,0,0,0,0,0,0,1,15,3,0,0,1,0,0,0,0,0,-1,0,0,0,0,0,0,0,0,1
102,1,2,10,0,0,0,0,0,0,0,0,16,3,0,0,1,0,0,0,0,0,-1,0,0,0,0,0,0,0,0,1
86,3,3,0,0,0,0,0,0,0,0,1,14,3,0,0,0,5,0,0,1,0,0,0,0,0,0,0,0,0,0,1
58,3,5,0,0,0,0,0,0,0,0,1,15,3,0,0,0,0,0,0,0,0,0,0,0,0,0,0,0,0,0,1
64,1,3,5,0,0,0,0,0,0,0,0,8,3,0,0,1,0,0,0,0,0,-1,0,0,0,0,0,0,0,0,1
52,3,4,0,0,0,0,0,0,0,0,1,18,3,0,0,0,0,0,0,0,0,-1,0,0,0,0,0,0,0,0,1
42,2,3,0,0,0,0,0,0,0,0,0,9,3,0,0,1,0,0,0,0,0,-1,0,0,0,0,0,0,0,0,1
144,4,3,1,0,0,0,0,0,0,0,2,42,2,0,0,0,5,0,0,1,0,0,0,0,0,0,0,0,0,0,1
52,2,2,0,0,0,0,0,0,0,0,0,18,3,0,0,0,0,0,0,0,0,-1,0,0,0,0,0,0,0,0,1
39,2,2,0,0,0,0,0,0,0,0,0,18,3,0,0,1,0,0,0,0,0,-1,0,0,0,0,0,0,0,0,1
31,2,1,0,0,0,0,0,0,0,0,0,16,3,0,0,0,0,0,0,0,0,-1,0,0,0,0,0,0,0,0,1
94,1,2,12,0,0,0,0,0,0,0,0,13,3,0,0,1,0,0,0,0,0,-1,0,0,0,0,0,0,0,0,1
59,1,2,0,0,0,0,0,0,0,0,0,14,3,0,0,0,0,0,0,0,0,-1,0,0,0,0,0,0,0,0,1
140,3,3,0,0,0,0,0,0,0,0,1,18,2,0,0,0,5,0,0,1,0,0,0,0,0,0,0,0,0,0,1
73,1,2,9,0,0,0,0,0,0,0,0,10,3,0,0,1,0,0,0,0,0,-1,0,0,0,0,0,0,0,0,1
17,1,0,0,0,0,0,0,0,0,0,0,17,3,0,0,0,0,0,0,0,0,-1,0,0,0,0,0,0,0,0,1
70,3,3,1,0,0,0,0,0,0,0,1,24,2,0,0,0,3,0,0,1,0,0,0,0,0,0,0,0,0,0,1
67,2,1,0,0,0,0,0,0,0,0,0,27,3,0,0,1,3,0,0,1,0,-1,0,0,0,0,0,0,0,0,1
27,1,3,0,0,0,0,0,0,0,0,0,8,3,0,0,1,0,0,0,0,0,-1,0,0,0,0,0,0,0,0,1
44,2,2,1,0,0,0,0,0,0,0,1,24,3,0,0,0,0,0,0,0,0,-1,0,0,0,0,0,0,0,0,1
243,3,3,0,0,0,0,0,0,0,0,1,21,3,0,0,0,5,0,0,1,0,0,0,0,0,0,0,0,1,0,1
24,2,0,0,0,0,0,0,0,0,0,1,24,2,0,0,0,0,0,0,0,0,-1,0,0,0,0,0,0,0,0,1
81,2,2,5,0,0,0,0,0,0,0,0,14,3,0,0,1,1,0,0,1,0,-1,0,1,0,0,0,0,0,0,1
60,3,1,0,0,0,0,0,0,0,0,2,18,3,0,0,0,5,0,0,1,0,-1,0,0,0,0,0,0,1,0,1
98,2,4,2,0,0,0,0,0,0,0,1,17,3,0,0,1,5,0,0,1,0,-1,0,0,0,0,0,0,1,0,1
46,2,3,0,0,0,0,0,0,0,0,1,20,3,0,0,0,0,0,0,0,0,-1,0,0,0,0,0,0,0,0,1
64,3,5,0,0,0,0,0,0,0,0,1,23,3,0,0,0,0,0,0,0,0,0,0,0,0,0,0,0,0,0,1
30,2,0,0,0,0,0,0,0,0,0,1,30,3,0,0,0,0,0,0,0,0,-1,0,0,0,0,0,0,0,0,1
38,3,1,1,0,0,0,0,0,0,0,1,19,3,0,0,0,0,0,0,0,0,-1,0,0,0,0,0,0,0,0,1
44,1,3,1,0,0,0,0,0,0,0,0,12,3,0,0,1,0,0,0,0,0,-1,0,0,0,0,0,0,0,0,1
39,2,2,0,0,0,0,0,0,0,0,1,16,3,0,0,0,0,0,0,0,0,-1,0,0,0,0,0,0,0,0,1
115,5,5,3,0,0,0,0,0,0,0,3,24,2,0,0,1,5,0,0,1,0,0,0,0,0,0,0,0,0,0,1
46,2,1,0,0,0,0,0,0,0,0,0,12,3,0,0,0,1,0,0,1,0,-1,0,0,0,0,0,0,0,0,1
75,2,3,8,0,0,0,0,0,0,0,0,15,3,0,0,0,0,0,0,0,0,-1,0,0,0,0,0,0,0,0,1
50,4,1,0,0,0,0,0,0,0,0,2,34,2,0,0,0,0,0,0,0,0,-1,0,0,0,0,0,0,0,0,1
92,2,5,4,0,0,0,0,0,0,0,0,18,3,0,0,1,1,0,0,1,0,-1,0,0,0,0,0,0,0,0,1
17,1,0,0,0,0,0,0,0,0,0,0,17,2,0,0,0,0,0,0,0,0,-1,0,0,1,0,0,0,0,0,1
15,1,0,0,0,0,0,0,0,0,0,0,15,3,0,0,0,0,0,0,0,0,-1,0,0,0,0,0,0,0,0,1
30,1,2,0,0,0,0,0,0,0,0,0,10,3,0,0,0,0,0,0,0,0,-1,0,0,0,0,0,0,0,0,1
38,2,1,1,0,0,0,0,0,0,0,1,26,3,0,0,1,0,0,0,0,0,-1,0,0,0,0,0,0,0,0,1
84,3,2,8,0,0,0,0,0,0,0,1,12,3,0,0,1,0,0,0,0,0,-1,0,0,0,0,0,0,0,0,1
43,1,3,0,0,0,0,0,0,0,0,0,11,3,0,0,1,0,0,0,0,0,-1,0,0,0,0,0,0,0,0,1
28,2,2,0,0,0,0,0,0,0,0,1,18,3,0,0,1,0,0,0,0,0,-1,0,0,0,0,0,0,0,0,1
48,3,4,0,0,0,0,0,0,0,0,1,15,3,0,0,1,0,0,0,0,0,0,0,0,0,0,0,0,0,0,1
46,2,1,2,0,0,0,0,0,0,0,0,9,3,0,0,1,0,0,0,0,0,-1,0,0,0,0,0,0,0,0,1
42,4,3,1,0,0,0,0,0,0,0,2,19,2,0,0,0,0,0,0,0,0,0,0,0,0,0,0,0,0,0,1
39,1,4,0,0,0,0,0,0,0,0,0,8,3,0,0,0,0,0,0,0,0,-1,0,0,0,0,0,0,0,0,1
32,2,1,1,0,0,0,0,0,0,0,0,12,3,0,0,0,0,0,0,0,0,-1,0,0,0,0,0,0,0,0,1
38,2,2,0,0,0,0,0,0,0,0,0,10,3,0,0,0,0,0,0,0,0,-1,0,0,0,0,0,0,0,0,1
68,2,2,0,0,0,0,0,0,0,0,1,16,3,0,0,1,0,0,0,0,0,-1,0,0,0,0,0,0,0,0,1
46,1,1,3,0,0,0,0,0,0,0,0,18,3,0,0,0,0,0,0,0,0,-1,0,0,0,0,0,0,0,0,1
49,2,2,0,0,0,0,0,0,0,0,0,16,3,0,0,0,0,0,0,0,0,-1,0,0,0,0,0,0,0,0,1
30,2,0,1,0,0,0,0,0,0,0,1,30,3,0,0,0,0,0,0,0,0,-1,0,0,0,0,0,0,0,0,1
98,1,3,0,0,0,0,0,0,0,0,0,9,4,0,0,1,5,0,0,0,0,0,0,0,0,0,0,0,1,0,1
47,3,1,0,0,0,0,0,0,0,0,1,32,3,0,0,1,0,0,0,0,0,-1,0,0,0,0,0,0,0,0,1
31,1,1,0,0,0,0,0,0,0,0,0,11,3,0,0,0,1,0,0,1,0,-1,0,0,0,0,0,0,0,0,1
64,3,4,4,0,0,0,0,0,0,0,1,18,3,0,0,0,0,0,0,0,0,0,0,0,0,0,0,0,0,0,1
23,1,1,0,0,0,0,0,0,0,0,0,10,3,0,0,0,0,0,0,0,0,-1,0,0,0,0,0,0,0,0,1
51,2,3,2,0,0,0,0,0,0,0,1,17,3,0,0,1,0,0,0,0,0,-1,0,0,0,0,0,0,0,0,1
33,1,2,0,0,0,0,0,0,0,0,0,11,3,0,0,0,0,0,0,0,0,-1,0,0,0,0,0,0,0,0,1
76,2,3,0,0,0,0,0,0,0,0,0,12,2,0,0,0,5,0,0,1,0,0,0,0,0,0,0,0,0,0,1
25,2,1,0,0,0,0,0,0,0,0,0,9,3,0,0,0,0,0,0,0,0,-1,0,0,0,0,0,0,0,0,1
62,1,3,2,0,0,0,0,0,0,0,0,20,3,0,0,1,0,0,0,0,0,-1,0,0,0,0,0,0,0,0,1
83,2,2,8,0,0,0,0,0,0,0,1,25,3,0,0,1,0,0,0,0,0,-1,0,0,0,0,0,0,0,0,1
108,3,5,5,0,0,0,0,0,0,0,2,57,3,0,0,1,0,0,0,0,0,0,0,0,0,0,0,1,0,0,1
15,1,0,0,0,0,0,0,0,0,0,0,15,3,0,0,0,0,0,0,0,0,-1,0,0,0,0,0,0,0,0,1
38,2,2,0,0,0,0,0,0,0,0,1,16,3,0,0,0,0,0,0,0,0,-1,0,0,0,0,0,0,0,0,1
19,1,0,2,0,0,0,0,0,0,0,0,19,3,0,0,0,0,0,0,0,0,-1,0,0,0,0,0,0,0,0,1
21,1,0,0,0,0,0,0,0,0,0,0,21,3,0,0,0,0,0,0,0,0,-1,0,0,0,0,0,0,0,0,1
25,1,1,1,0,0,0,0,0,0,0,0,10,3,0,0,0,0,0,0,0,0,-1,0,0,0,0,0,0,0,0,1
26,2,1,1,0,0,0,0,0,0,0,0,10,3,0,0,0,0,0,0,0,0,-1,0,0,0,0,0,0,0,0,1
27,1,2,1,0,0,0,0,0,0,0,0,11,3,0,0,0,0,0,0,0,0,-1,0,0,0,0,0,0,0,0,1
89,1,3,0,0,0,0,0,0,0,0,0,9,4,0,0,1,5,0,0,0,0,0,0,0,0,0,0,0,1,0,1
105,1,7,10,0,0,0,0,0,0,0,0,12,3,0,0,1,0,0,0,0,0,0,0,0,0,0,0,0,0,0,1
73,2,6,1,0,0,0,0,0,0,0,1,20,3,0,0,1,0,0,0,0,0,-1,0,0,0,0,0,0,0,0,1
46,2,2,0,0,0,0,0,0,0,0,0,16,3,0,0,0,0,0,0,0,0,-1,0,0,0,0,0,0,0,0,1
46,1,2,1,0,0,0,0,0,0,0,0,9,3,0,0,0,0,0,0,0,0,-1,0,0,0,0,0,0,0,0,1
83,1,2,11,0,0,0,0,0,0,0,0,8,3,0,0,1,0,0,0,0,0,-1,0,0,0,0,0,0,0,0,1
50,2,2,0,0,0,0,0,0,0,0,1,10,3,0,0,0,0,0,0,0,0,-1,0,0,0,0,0,0,0,0,1
25,2,0,0,0,0,0,0,0,0,0,1,25,3,0,0,0,0,0,0,0,0,-1,0,0,0,0,0,0,0,0,1
127,2,5,16,0,0,0,0,0,0,0,0,12,3,0,0,1,0,0,0,0,0,-1,0,0,0,0,0,0,0,0,1
70,1,5,4,0,0,0,0,0,0,0,0,18,3,0,0,1,0,0,0,0,0,-1,0,0,0,0,0,0,0,0,1
135,10,4,0,0,0,0,0,0,0,0,0,12,3,0,0,1,1,0,0,1,0,0,0,0,0,0,0,0,0,0,1
60,2,2,6,0,0,0,0,0,0,0,0,16,3,0,0,0,0,0,0,0,0,-1,0,0,0,0,0,0,0,0,1
48,3,1,0,0,0,0,0,0,0,0,1,24,3,0,0,1,0,0,0,0,0,-1,0,0,0,0,0,0,0,0,1
85,3,3,1,0,0,0,0,0,0,0,1,20,2,0,0,0,5,0,0,1,0,0,0,0,0,0,0,0,0,0,1
135,5,4,0,0,0,0,0,0,0,0,0,13,3,0,0,1,5,0,0,1,0,0,0,0,0,0,0,0,0,0,1
84,2,4,7,0,0,0,0,0,0,0,0,7,3,0,0,1,0,0,0,0,0,-1,0,0,0,0,0,0,0,0,1
50,1,3,3,0,0,0,0,0,0,0,0,12,3,0,0,0,0,0,0,0,0,-1,0,0,0,0,0,0,0,0,1
53,3,3,0,0,0,0,0,0,0,0,1,16,3,0,0,0,0,0,0,0,0,-1,0,0,0,0,0,0,0,0,1
88,1,7,0,0,0,0,0,0,0,0,0,15,3,0,0,0,3,0,0,1,0,0,0,0,0,0,0,0,0,0,1
13,1,0,0,0,0,0,0,0,0,0,0,13,3,0,0,0,0,0,0,0,0,-1,0,0,0,0,0,0,0,0,1
36,1,2,0,0,0,0,0,0,0,0,0,9,3,0,0,0,0,0,0,0,0,-1,0,0,0,0,0,0,0,0,1
36,1,2,2,0,0,0,0,0,0,0,0,11,3,0,0,0,0,0,0,0,0,-1,0,0,0,0,0,0,0,0,1
29,1,2,0,0,0,0,0,0,0,0,0,13,3,0,0,0,0,0,0,0,0,-1,0,0,0,0,0,0,0,0,1
69,2,2,0,0,0,0,0,0,0,0,1,16,3,0,0,0,0,0,0,0,0,-1,0,0,0,0,0,0,0,0,1
11,1,0,1,0,0,0,0,0,0,0,0,11,2,0,0,0,0,0,0,0,0,-1,0,0,0,0,0,0,0,0,1
40,3,3,1,0,0,0,0,0,0,0,1,22,2,0,0,0,0,0,0,0,0,0,0,0,0,0,0,0,0,0,1
45,1,1,4,0,0,0,0,0,0,0,0,12,3,0,0,0,0,0,0,0,0,-1,0,0,0,0,0,0,0,0,1
22,1,1,1,0,0,0,0,0,0,0,0,10,3,0,0,1,0,0,0,0,0,-1,0,0,0,0,0,0,0,0,1
50,3,1,0,0,0,0,0,0,0,0,0,15,3,0,0,0,1,0,0,1,0,-1,0,0,0,0,0,0,0,0,1
123,1,7,4,0,0,0,0,0,0,0,0,7,3,0,0,1,0,0,0,0,0,-1,0,0,0,0,0,0,0,0,1
88,3,7,2,0,0,1,0,1,0,0,1,20,3,0,0,0,1,0,0,1,0,0,0,0,0,0,0,0,0,0,1
71,1,4,4,0,0,0,0,0,0,0,0,15,3,0,0,1,0,0,0,0,0,-1,0,0,0,0,0,0,0,0,1
24,2,2,0,0,0,0,0,0,0,0,1,10,3,0,0,0,0,0,0,0,0,-1,0,0,0,0,0,0,0,0,1
76,3,3,5,0,0,0,0,0,0,0,1,25,3,0,0,1,0,0,0,0,0,-1,0,0,0,0,0,0,0,0,1
61,2,3,0,0,0,0,0,0,0,0,0,25,3,0,0,1,0,0,0,0,0,-1,0,0,0,0,0,0,0,0,1
72,3,3,0,0,0,0,0,0,0,0,1,21,3,0,0,0,3,0,0,1,0,0,0,0,0,0,0,0,0,0,1
8,1,0,0,0,0,0,0,0,0,0,0,8,3,0,0,0,0,0,0,0,0,-1,0,0,0,0,0,0,0,0,1
64,1,5,5,0,0,0,0,0,0,0,0,10,3,0,0,1,0,0,0,0,0,-1,0,0,0,0,0,0,0,0,1
87,1,12,0,0,0,0,0,0,0,0,0,15,3,0,0,1,0,0,0,0,0,0,0,0,0,0,1,0,0,0,1
77,2,3,0,0,0,0,0,0,0,0,0,9,2,0,0,1,5,0,0,1,0,0,0,0,0,0,0,0,0,0,1
34,1,4,0,0,0,0,0,0,0,0,0,7,3,0,0,0,0,0,0,0,0,-1,0,0,0,0,0,0,0,0,1
31,1,1,0,0,0,0,0,0,0,0,0,11,3,0,0,0,1,0,0,1,0,-1,0,0,0,0,0,0,0,0,1
98,2,2,0,0,0,0,0,0,0,0,0,23,3,0,0,0,2,0,0,1,0,-1,0,0,0,0,0,0,1,0,1
105,4,1,1,0,0,0,0,0,0,0,0,18,3,0,0,1,1,0,0,0,0,-1,0,0,0,0,0,0,1,0,1
28,2,2,0,0,0,0,0,0,0,0,0,11,2,0,0,0,0,0,0,0,0,-1,0,0,0,0,0,0,0,0,1
34,2,1,2,0,0,0,0,0,0,0,1,16,2,0,0,0,0,0,0,0,0,-1,0,0,0,0,0,0,0,0,1
44,2,2,2,0,0,0,0,0,0,0,1,16,3,0,0,0,0,0,0,0,0,-1,0,0,0,0,0,0,0,0,1
45,1,3,0,0,0,0,0,0,0,0,0,10,3,0,0,0,0,0,0,0,0,-1,0,0,0,0,0,0,0,0,1
53,1,4,4,0,0,0,0,0,0,0,0,9,3,0,0,0,0,0,0,0,0,-1,0,0,0,0,0,0,0,0,1
61,3,7,0,0,0,0,0,0,0,0,1,10,2,0,0,0,0,0,0,2,0,0,0,0,0,0,0,0,0,0,1
109,1,4,8,0,0,0,0,0,0,0,0,19,3,0,0,1,0,0,0,0,0,-1,0,0,0,0,0,0,0,0,1
88,4,3,0,0,0,0,0,0,0,0,2,24,2,0,0,0,5,0,0,1,0,0,0,0,0,0,0,0,0,0,1
55,1,2,0,0,0,0,0,0,0,0,0,21,3,0,0,0,0,0,0,0,0,-1,0,0,0,0,0,0,0,0,1
81,2,3,0,0,0,0,0,0,0,0,0,11,3,0,0,0,0,0,0,0,0,-1,0,0,0,0,0,0,0,0,1
80,3,5,4,0,0,0,0,0,0,0,1,16,4,0,0,0,0,0,0,0,0,0,0,0,0,0,0,0,0,0,1
90,2,3,4,0,0,0,0,0,0,0,0,10,3,0,0,1,3,0,0,1,0,-1,0,0,0,0,0,0,0,0,1
28,2,1,0,0,0,0,0,0,0,0,0,19,3,0,0,0,0,0,0,0,0,-1,0,0,0,0,0,0,0,0,1
33,2,1,0,0,0,0,0,0,0,0,0,20,3,0,0,0,0,0,0,0,0,-1,0,0,0,0,0,0,0,0,1
41,2,2,2,0,0,0,0,0,0,0,0,17,3,0,0,0,0,0,0,0,0,-1,0,0,0,0,0,0,0,0,1
36,2,3,0,0,0,0,0,0,0,0,0,23,3,0,0,0,0,0,0,0,0,0,0,0,0,0,0,0,0,0,1
27,1,1,0,0,0,0,0,0,0,0,0,18,3,0,0,0,0,0,0,0,0,-1,0,0,0,0,0,0,0,0,1
34,2,2,0,0,0,0,0,0,0,0,1,16,3,0,0,0,0,0,0,0,0,-1,0,0,0,0,0,0,0,0,1
105,3,3,1,0,0,0,0,0,0,0,1,14,2,0,0,0,5,0,0,1,0,0,0,0,0,0,0,0,0,0,1
36,1,2,1,0,0,0,0,0,0,0,0,14,4,0,0,0,0,0,0,0,0,-1,0,0,0,0,0,0,0,0,1
73,2,3,0,0,0,0,0,0,0,0,0,11,3,0,0,1,0,0,0,0,0,-1,0,0,0,0,0,0,0,0,1
36,1,2,1,0,0,0,0,0,0,0,0,12,3,0,0,0,0,0,0,0,0,-1,0,0,0,0,0,0,0,0,1
41,4,3,1,0,0,0,0,0,0,0,2,21,2,0,0,0,0,0,0,0,0,0,0,0,0,0,0,0,0,0,1
56,1,2,0,0,0,0,0,0,0,0,0,17,3,0,0,1,5,0,0,1,0,-1,0,0,0,0,0,0,1,0,1
30,2,2,0,0,0,0,0,0,0,0,0,8,3,0,0,0,0,0,0,0,0,-1,0,0,0,0,0,0,0,0,1
60,3,3,0,0,0,0,0,0,0,0,1,16,2,0,0,0,3,0,0,1,0,0,0,0,0,0,0,0,0,0,1
32,2,3,1,0,0,0,0,0,0,0,0,14,2,0,0,0,0,0,0,0,0,0,0,0,0,0,0,0,0,0,1
84,3,4,6,0,0,0,0,1,0,0,2,28,2,0,0,0,0,0,0,0,0,0,0,0,0,0,0,0,0,0,1
78,3,3,0,0,0,0,0,0,0,0,1,15,2,0,0,0,5,0,0,1,0,0,0,0,0,0,0,0,0,0,1
102,2,4,15,0,0,0,0,0,0,0,0,13,2,0,0,1,0,0,0,0,0,0,0,0,0,0,0,0,0,0,1
84,1,7,4,0,0,0,0,0,0,0,0,10,3,0,0,1,0,0,0,0,0,0,0,0,0,0,0,0,0,0,1
87,1,6,2,0,0,0,0,0,0,0,0,13,3,0,0,1,0,0,0,0,0,-1,0,0,0,0,0,0,0,0,1
38,1,3,2,0,0,0,0,0,0,0,0,9,3,0,0,0,0,0,0,0,0,-1,0,0,0,0,0,0,0,0,1
137,1,2,6,0,0,0,0,0,0,0,0,30,3,0,0,1,5,0,0,1,0,-1,0,0,0,0,0,0,1,0,1
114,2,5,0,0,0,0,0,0,0,0,0,18,3,0,0,1,3,0,0,1,0,0,0,0,0,0,0,0,0,0,1
98,1,5,11,0,0,0,0,0,0,0,0,17,3,0,0,1,0,0,0,0,0,0,0,0,0,0,0,0,0,0,1
50,4,2,0,0,0,0,0,0,0,0,0,12,3,0,0,1,1,0,0,1,0,-1,0,0,0,0,0,0,0,0,1
27,1,0,0,0,0,0,0,0,0,0,0,27,3,0,0,0,0,0,0,0,0,-1,0,0,0,0,0,0,0,0,1
114,2,5,6,0,0,0,0,0,0,0,0,14,3,0,0,1,0,0,0,0,0,-1,0,0,0,0,0,0,0,0,1
21,1,1,3,0,0,0,0,0,0,0,0,8,3,0,0,0,0,0,0,0,0,-1,0,0,0,0,0,0,0,0,1
22,1,0,0,0,0,0,0,0,0,0,0,22,3,0,0,0,0,0,0,0,0,-1,0,0,0,0,0,0,0,0,1
19,1,0,0,0,0,0,0,0,0,0,0,19,3,0,0,0,0,0,0,0,0,-1,0,0,0,0,0,0,0,0,1
61,1,3,4,0,0,0,0,0,0,0,0,10,3,0,0,1,0,0,0,0,0,-1,0,0,0,0,0,0,0,0,1
85,1,4,10,0,0,0,0,0,0,0,0,10,3,0,0,1,0,0,0,0,0,0,0,0,0,0,0,0,0,0,1
79,2,4,5,0,0,0,0,0,0,0,0,21,3,0,0,0,0,0,0,0,0,0,0,0,0,0,0,0,0,0,1
52,2,2,3,0,0,0,0,0,0,0,0,15,3,0,0,1,0,0,0,0,0,-1,0,0,0,0,0,0,0,0,1
30,2,2,0,0,0,0,0,0,0,0,0,8,3,0,0,0,0,0,0,0,0,-1,0,0,0,0,0,0,0,0,1
85,2,3,12,0,0,0,0,0,0,0,0,17,3,0,0,0,0,0,0,0,0,0,0,0,0,0,0,0,0,0,1
43,4,4,0,0,0,0,0,0,0,0,1,17,2,0,0,0,0,0,0,0,0,0,0,0,0,0,0,0,0,0,1
17,1,0,0,0,0,0,0,0,0,0,0,17,3,0,0,0,0,0,0,0,0,-1,0,0,0,0,0,0,0,0,1
22,1,1,0,0,0,0,0,0,0,0,0,12,3,0,0,0,0,0,0,0,0,-1,0,0,0,0,0,0,0,0,1
28,1,2,0,0,0,0,0,0,0,0,0,12,3,0,0,0,0,0,0,0,0,-1,0,0,0,0,0,0,0,0,1
27,1,1,1,0,0,0,0,0,0,0,0,14,3,0,0,0,0,0,0,0,0,-1,0,0,0,0,0,0,0,0,1
23,1,1,0,0,0,0,0,0,0,0,0,10,3,0,0,0,0,0,0,0,0,-1,0,0,0,0,0,0,0,0,1
227,4,3,0,0,0,0,0,0,0,0,1,17,2,0,0,0,5,0,0,1,0,0,0,0,0,0,0,0,1,0,1
58,2,2,0,0,0,0,0,0,0,0,1,17,3,0,0,1,1,0,0,1,0,-1,0,0,0,0,0,0,0,0,1
39,2,1,0,0,0,0,0,0,0,0,0,13,3,0,0,0,0,0,0,0,0,-1,0,0,0,0,0,0,0,0,1
54,1,3,0,0,0,0,0,0,0,0,0,16,3,0,0,0,0,0,0,0,0,-1,0,0,0,0,0,0,0,0,1
29,2,1,0,0,0,0,0,0,0,0,1,20,3,0,0,0,0,0,0,0,0,-1,0,0,0,0,0,0,0,0,1
100,4,3,0,0,0,0,0,0,0,0,1,20,3,0,0,0,5,0,0,1,0,0,0,0,0,0,0,0,0,0,1
60,1,3,3,0,0,0,0,0,0,0,0,12,3,0,0,1,0,0,0,0,0,-1,0,0,0,0,0,0,0,0,1
101,2,6,9,0,0,0,0,0,0,0,0,10,3,0,0,1,0,0,0,0,0,0,0,0,0,0,0,0,0,0,1
72,1,2,1,0,0,0,0,0,0,0,0,8,3,0,0,1,3,0,0,1,0,-1,0,0,0,0,0,0,1,0,1
75,2,4,0,0,0,0,0,0,0,0,0,23,3,0,0,1,0,0,0,0,0,-1,0,0,0,0,0,0,0,0,1
131,2,1,17,0,0,0,0,0,0,0,0,21,3,0,0,1,0,0,0,0,0,-1,0,0,0,0,0,0,0,0,1
28,2,0,0,0,0,0,0,0,0,0,1,28,3,0,0,0,0,0,0,0,0,-1,0,0,0,0,0,0,0,0,1
33,2,2,0,0,0,0,0,0,0,0,0,15,3,0,0,0,0,0,0,0,0,-1,0,0,0,0,0,0,0,0,1
16,1,0,0,0,0,0,0,0,0,0,0,16,3,0,0,0,0,0,0,0,0,-1,0,0,0,0,0,0,0,0,1
75,3,5,4,0,0,0,0,0,0,0,1,14,2,0,0,0,0,0,0,0,0,0,0,0,0,0,0,0,0,0,1
197,10,3,3,0,0,0,1,0,0,0,5,71,3,0,0,0,1,0,0,0,0,0,0,0,0,0,0,1,0,0,1
116,4,3,2,0,0,0,0,0,0,0,2,23,2,0,0,0,5,0,0,1,0,0,0,0,0,0,0,0,0,0,1
55,1,3,5,0,0,0,0,0,0,0,0,10,3,0,0,1,0,0,0,0,0,-1,0,0,0,0,0,0,0,0,1
100,1,1,14,0,0,0,0,0,0,0,0,17,3,0,0,1,2,0,0,1,0,-1,0,0,0,0,0,0,0,0,1
59,4,5,0,0,0,0,0,0,0,0,2,19,2,0,0,0,0,0,0,0,0,0,0,0,0,0,0,0,0,0,1
44,2,1,0,0,0,0,0,0,0,0,0,16,3,0,0,1,1,0,0,1,0,-1,0,0,0,0,0,0,0,0,1
56,1,1,6,0,0,0,0,0,0,0,0,15,2,0,0,0,0,0,0,0,0,-1,0,0,0,0,0,0,0,0,1
32,1,2,0,0,0,0,0,0,0,0,0,16,3,0,0,0,0,0,0,0,0,-1,0,0,0,0,0,0,0,0,1
26,1,2,0,0,0,0,0,0,0,0,0,12,3,0,0,0,0,0,0,0,0,-1,0,0,0,0,0,0,0,0,1
53,2,3,0,0,0,0,0,0,0,0,0,17,3,0,0,1,0,0,0,0,0,-1,0,0,0,0,0,0,0,0,1
37,2,2,0,0,0,0,0,0,0,0,0,18,3,0,0,0,0,0,0,0,0,-1,0,0,0,0,0,0,0,0,1
34,2,2,0,0,0,0,0,0,0,0,0,8,3,0,0,1,0,0,0,0,0,-1,0,0,0,0,0,0,0,0,1
44,2,2,2,0,0,0,0,0,0,0,0,17,3,0,0,0,0,0,0,0,0,-1,0,0,0,0,0,0,0,0,1
40,2,4,0,0,0,0,0,0,0,0,0,13,3,0,0,0,0,0,0,0,0,0,0,0,0,0,0,0,0,0,1
40,1,2,1,0,0,0,0,0,0,0,0,16,3,0,0,1,0,0,0,0,0,-1,0,0,0,0,0,0,0,0,1
52,4,4,2,0,0,1,0,0,0,0,1,14,2,0,0,0,0,0,0,0,0,0,0,0,0,0,0,0,0,0,1
98,3,4,2,0,0,0,0,0,0,0,1,18,2,0,0,0,5,0,0,1,0,0,0,0,0,0,0,0,0,0,1
11,1,0,0,0,0,0,0,0,0,0,0,11,2,0,0,0,0,0,0,0,0,-1,0,0,1,0,0,0,0,0,1
94,1,7,5,0,0,0,0,0,0,0,0,20,3,0,0,0,0,0,0,0,0,0,0,0,0,0,0,0,0,0,1
80,2,4,3,0,0,0,0,0,0,0,0,17,3,0,0,0,0,0,0,0,0,0,0,0,0,0,0,0,0,0,1
114,3,3,0,0,0,0,0,0,0,0,1,20,3,0,0,0,5,0,0,1,0,0,0,0,0,0,0,0,0,0,1
23,1,1,1,0,0,0,0,0,0,0,0,10,3,0,0,1,0,0,0,0,0,-1,0,0,0,0,0,0,0,0,1
33,2,3,0,0,0,0,0,0,0,0,0,15,2,0,0,0,0,0,0,0,0,0,0,0,0,0,0,0,0,0,1
37,2,2,0,0,0,0,0,0,0,0,1,16,3,0,0,0,0,0,0,0,0,-1,0,0,0,0,0,0,0,0,1
34,1,2,0,0,0,0,0,0,0,0,0,17,3,0,0,0,0,0,0,0,0,-1,0,0,0,0,0,0,0,0,1
48,3,4,0,0,0,0,0,0,0,0,1,17,3,0,0,0,0,0,0,0,0,0,0,0,0,0,0,0,0,0,1
47,1,1,4,0,0,0,0,0,0,0,0,23,3,0,0,0,0,0,0,0,0,-1,0,0,0,0,0,0,0,0,1
36,2,2,0,0,0,0,0,0,0,0,1,16,3,0,0,0,0,0,0,0,0,-1,0,0,0,0,0,0,0,0,1
43,1,1,0,0,0,0,0,0,0,0,0,12,2,0,0,1,4,0,0,1,0,-1,0,0,0,0,0,0,1,0,1
34,1,4,0,0,0,0,0,0,0,0,0,7,3,0,0,0,0,0,0,0,0,-1,0,0,0,0,0,0,0,0,1
136,1,3,17,0,0,0,0,0,0,0,0,12,3,0,0,0,0,0,0,0,0,0,0,0,0,0,0,0,0,0,1
41,2,2,0,0,0,0,0,0,0,0,1,16,3,0,0,0,2,0,0,0,0,-1,0,0,0,0,0,0,1,0,1
119,1,7,12,0,0,0,0,0,0,0,0,7,3,0,0,1,0,0,0,0,0,0,0,0,0,0,0,0,0,0,1
43,1,2,2,0,0,0,0,0,0,0,0,14,3,0,0,0,0,0,0,0,0,-1,0,0,0,0,0,0,0,0,1
90,2,5,0,0,0,0,0,0,0,0,0,15,2,0,0,1,0,0,0,0,0,0,0,0,0,0,0,0,0,0,1
31,1,1,0,0,0,0,0,0,0,0,0,11,3,0,0,0,1,0,0,1,0,-1,0,0,0,0,0,0,0,0,1
24,1,0,1,0,0,0,1,0,0,0,0,24,3,0,0,0,0,0,0,0,0,-1,0,0,0,0,0,0,0,0,1
19,1,1,0,0,0,0,0,0,0,0,0,6,3,0,0,0,0,0,0,0,0,-1,0,0,0,0,0,0,0,0,1
136,2,4,15,0,0,0,0,0,0,0,0,10,3,0,0,0,0,0,0,0,0,-1,0,0,0,0,0,0,0,0,1
31,1,1,0,0,0,0,0,0,0,0,0,11,3,0,0,0,1,0,0,1,0,-1,0,0,0,0,0,0,0,0,1
83,1,1,0,0,0,0,0,0,0,0,0,10,3,0,0,0,5,0,0,1,0,-1,0,0,0,0,0,0,1,0,1
87,5,6,0,0,0,0,0,0,0,0,1,27,3,0,0,1,0,0,0,0,0,0,0,0,0,0,0,0,0,0,1
60,2,2,0,0,0,0,0,0,0,0,0,16,3,0,0,0,3,0,0,1,0,-1,0,0,0,0,0,0,0,0,1
195,1,3,24,0,0,0,0,0,0,0,0,15,3,0,0,1,1,0,0,1,0,-1,0,0,0,0,0,0,0,0,1
33,2,3,1,0,0,0,0,0,0,0,0,14,3,0,0,0,0,0,0,0,0,0,0,0,0,0,0,0,0,0,1
62,1,2,6,0,0,0,0,0,0,0,0,20,3,0,0,0,0,0,0,0,0,-1,0,0,0,0,0,0,0,0,1
45,1,1,2,0,0,0,0,0,0,0,0,22,3,0,0,0,0,0,0,0,0,-1,0,0,0,0,0,0,0,0,1
127,8,4,0,0,0,0,0,0,0,0,0,12,3,0,0,0,1,0,0,1,0,0,0,0,0,0,0,0,0,0,1
89,1,6,7,1,0,0,0,0,0,0,0,17,3,0,1,1,0,0,0,0,0,0,0,0,0,0,0,0,0,0,1
28,1,1,0,0,0,0,0,0,0,0,0,22,3,0,0,0,0,0,0,0,0,-1,0,0,0,0,0,0,0,0,1
23,1,1,1,0,0,0,0,0,0,0,0,10,3,0,0,1,0,0,0,0,0,-1,0,0,0,0,0,0,0,0,1
43,1,2,0,0,0,0,0,0,0,0,0,21,3,0,0,0,0,0,0,0,0,-1,0,0,0,0,0,0,0,0,1
153,3,3,2,0,0,0,0,0,0,0,1,20,2,0,0,0,5,0,0,1,0,0,0,0,0,0,0,0,0,0,1
32,2,0,0,0,0,0,0,0,0,0,1,32,2,0,0,0,0,0,0,0,0,-1,0,0,0,0,0,0,0,0,1
89,2,3,2,0,0,0,0,0,0,0,0,26,3,0,0,0,5,0,0,1,0,0,0,0,0,0,0,0,0,0,1
25,2,0,0,0,0,0,0,0,0,0,1,25,3,0,0,0,0,0,0,0,0,-1,0,0,0,0,0,0,0,0,1
63,3,4,2,0,0,0,0,0,0,0,2,23,3,0,0,1,0,0,0,0,0,-1,0,0,0,0,0,0,0,0,1
50,2,2,0,0,0,0,0,0,0,0,0,16,3,0,0,0,0,0,0,0,0,-1,0,0,0,0,0,0,0,0,1
125,6,1,1,0,0,0,0,0,0,0,0,18,3,0,0,1,5,0,0,1,0,-1,0,0,0,0,0,0,0,0,1
109,4,3,0,0,0,0,0,0,0,0,1,16,2,0,0,0,5,0,0,1,0,0,0,0,0,0,0,0,0,0,1
38,3,3,0,0,0,0,0,0,0,0,1,20,2,0,0,0,0,0,0,0,0,0,0,0,0,0,0,0,0,0,1
29,2,0,0,0,0,0,0,0,0,0,1,29,3,0,0,0,0,0,0,0,0,-1,0,0,0,0,0,0,0,0,1
55,3,1,3,0,0,0,0,0,0,0,1,18,3,0,0,1,0,0,0,0,0,-1,0,0,0,0,0,0,0,0,1
54,2,3,1,0,0,0,0,0,0,0,0,11,3,0,0,0,0,0,0,0,0,-1,0,0,0,0,0,0,0,0,1
38,1,3,0,0,0,0,0,0,0,0,0,21,3,0,0,0,0,0,0,0,0,0,0,0,0,0,0,0,0,0,1
84,1,5,1,0,0,0,0,0,0,0,0,13,3,0,0,0,5,0,0,0,0,0,0,0,0,0,0,0,1,0,1
55,2,2,0,0,0,0,0,0,0,0,1,17,3,0,0,0,0,0,0,0,0,-1,0,0,0,0,0,0,0,0,1
43,1,3,0,0,0,0,0,0,0,0,0,14,3,0,0,0,0,0,0,0,0,-1,0,0,0,0,0,0,0,0,1
32,1,1,1,0,0,0,0,0,0,0,0,16,3,0,0,1,0,0,0,0,0,-1,0,0,0,0,0,0,0,0,1
50,2,1,0,0,0,0,0,0,0,0,0,22,3,0,0,1,1,0,0,1,0,-1,0,0,0,0,0,0,0,0,1
50,1,4,4,0,0,0,0,0,0,0,0,17,2,0,0,1,0,0,0,0,0,-1,0,0,0,0,0,0,0,0,1
89,4,3,0,0,0,0,0,0,0,0,2,22,2,0,0,0,5,0,0,1,0,0,0,0,0,0,0,0,0,0,1
21,2,1,0,0,0,0,0,0,0,0,1,15,3,0,0,0,0,0,0,0,0,-1,0,0,0,0,0,0,0,0,1
47,2,3,0,0,0,0,0,0,0,0,1,13,3,0,0,0,0,0,0,0,0,-1,0,0,0,0,0,0,0,0,1
111,2,3,3,0,0,0,0,0,0,0,0,7,2,0,0,0,5,0,0,1,0,0,0,0,0,0,0,0,0,0,1
43,1,5,1,0,0,0,0,0,0,0,0,12,3,0,0,0,0,0,0,0,0,-1,0,0,0,0,0,0,0,0,1
17,1,0,0,0,0,0,0,0,0,0,0,17,3,0,0,0,0,0,1,0,0,-1,0,0,0,0,0,0,0,0,1
63,4,4,0,0,0,0,0,0,0,0,2,23,2,0,0,0,3,0,0,1,0,0,0,0,0,0,0,0,0,0,1
48,2,3,2,0,0,0,0,0,0,0,0,13,3,0,0,0,0,0,0,0,0,-1,0,0,0,0,0,0,0,0,1
55,2,4,5,0,0,0,0,0,0,0,1,18,3,0,0,1,0,0,0,0,0,-1,0,0,0,0,0,0,0,0,1
43,1,2,4,0,0,0,0,0,0,0,0,10,3,0,0,0,0,0,0,0,0,-1,0,0,0,0,0,0,0,0,1
32,2,1,1,0,0,0,0,0,0,0,0,13,3,0,0,0,0,0,0,0,0,-1,0,0,0,0,0,0,0,0,1
24,1,0,0,0,0,0,0,0,0,1,0,24,3,0,0,0,0,0,0,0,0,-1,0,0,0,0,0,0,0,0,1
88,1,5,10,0,0,0,0,0,0,0,0,10,3,0,0,1,0,0,0,0,0,0,0,0,0,0,0,0,0,0,1
107,1,2,14,0,0,0,0,0,0,0,0,18,3,0,0,1,0,0,0,0,0,-1,0,0,0,0,0,0,0,0,1
124,1,6,13,0,0,0,0,0,0,0,0,17,3,0,0,0,0,0,0,0,0,0,0,0,0,0,0,0,0,0,1
80,3,4,4,0,0,0,0,0,0,0,1,24,3,0,0,1,0,0,0,0,0,-1,0,0,0,0,0,0,0,0,1
100,6,12,1,0,0,1,0,0,0,0,1,12,2,0,1,0,3,0,0,2,0,1,0,0,0,0,1,0,0,1,1
30,2,0,0,0,0,0,0,0,0,0,1,30,3,0,0,0,0,0,0,0,0,-1,0,0,0,0,0,0,0,0,1
139,10,4,0,0,0,0,0,0,0,0,0,12,3,0,0,1,1,0,0,1,0,0,0,0,0,0,0,0,0,0,1
67,2,5,0,0,0,0,0,0,0,0,1,15,3,0,0,0,0,0,0,0,0,-1,0,0,0,0,0,0,0,0,1
35,4,3,0,0,0,0,0,0,0,0,2,17,2,0,0,0,0,0,0,0,0,0,0,0,0,0,0,0,0,0,1
43,3,4,0,0,0,0,0,0,0,0,1,10,2,0,0,1,1,0,0,1,0,0,0,0,0,0,0,0,0,0,1
145,11,4,0,0,0,0,0,0,0,0,0,12,3,0,0,1,1,0,0,1,0,0,0,0,0,0,0,0,0,0,1
29,2,1,0,0,0,0,0,0,0,0,1,22,3,0,0,0,0,0,0,0,0,-1,0,0,0,0,0,0,0,0,1
43,2,1,0,0,0,0,0,0,0,0,1,38,3,0,0,0,0,0,0,0,0,-1,0,0,0,0,0,0,0,0,1
55,2,2,0,0,0,0,0,0,0,0,1,20,3,0,0,0,2,0,0,1,0,-1,0,0,0,0,0,0,1,0,1
52,2,3,4,0,0,0,0,0,0,0,0,18,3,0,0,1,0,0,0,0,0,-1,0,0,0,0,0,0,0,0,1
36,2,2,0,0,0,0,0,0,0,0,0,19,3,0,0,1,0,0,0,0,0,-1,0,0,0,0,0,0,0,0,1
34,2,3,0,0,0,0,0,0,0,0,0,14,3,0,0,1,0,0,0,0,0,-1,0,0,0,0,0,0,0,0,1
50,2,2,2,0,0,0,0,0,0,0,0,10,3,0,0,0,0,0,0,0,0,-1,0,0,0,0,0,0,0,0,1
47,1,4,3,0,0,0,0,0,0,0,0,15,2,0,0,1,0,0,0,0,0,-1,0,0,0,0,0,0,0,0,1
103,4,10,1,0,0,0,0,0,0,0,1,16,2,0,0,1,0,0,0,0,0,0,0,0,0,0,1,0,0,0,1
38,1,4,0,0,0,0,0,0,0,0,0,8,3,0,0,0,0,0,0,0,0,-1,0,0,0,0,0,0,0,0,1
25,1,2,0,0,0,0,0,0,0,0,0,8,3,0,0,0,3,0,0,1,0,-1,0,0,0,0,0,0,0,0,1
62,1,1,1,0,0,0,0,0,0,0,0,18,3,0,0,0,0,0,0,0,0,-1,0,0,0,0,0,0,0,0,1
117,2,5,0,0,0,0,0,0,0,0,0,21,3,0,0,1,3,0,0,1,0,0,0,0,0,0,0,0,0,0,1
28,2,1,0,0,0,0,0,0,0,0,0,16,3,0,0,0,0,0,0,0,0,-1,0,0,0,0,0,0,0,0,1
48,1,2,2,0,0,0,0,0,0,0,0,16,3,0,0,0,0,0,0,0,0,-1,0,0,0,0,0,0,0,0,1
45,1,2,0,0,0,0,0,0,0,0,0,17,3,0,0,0,0,0,0,0,0,-1,0,0,0,0,0,0,0,0,1
17,1,0,0,0,0,0,0,0,0,0,0,17,3,0,0,0,0,0,0,0,0,-1,0,0,0,0,0,0,0,0,1
98,2,3,1,0,0,0,0,0,0,0,0,10,3,0,0,1,3,0,0,1,0,-1,0,0,0,0,0,0,0,0,1
94,2,7,8,0,0,0,0,0,0,0,0,6,2,0,0,0,0,0,0,0,0,0,0,0,0,0,0,0,0,0,1
38,2,0,0,0,0,0,0,0,0,0,1,38,3,0,0,0,0,0,0,0,0,-1,0,0,0,0,0,0,0,0,1
76,3,3,0,0,0,0,0,0,0,0,1,13,2,0,0,0,5,0,0,1,0,0,0,0,0,0,0,0,0,0,1
159,3,4,4,0,0,0,0,0,0,0,1,31,2,0,0,0,5,0,0,1,0,0,0,0,0,0,0,0,0,0,1
40,2,4,0,0,0,0,0,0,0,0,0,13,3,0,0,0,0,0,0,0,0,0,0,0,0,0,0,0,0,0,1
94,3,4,11,0,0,0,0,0,0,0,1,13,2,0,0,1,0,0,0,0,0,0,0,0,0,0,0,0,0,0,1
51,1,2,0,0,0,0,0,0,0,0,0,13,3,0,0,0,0,0,0,0,0,-1,0,0,0,0,0,0,0,0,1
41,1,3,0,0,0,0,0,0,0,0,0,12,3,0,0,0,0,0,0,0,0,-1,0,0,0,0,0,0,0,0,1
46,1,1,0,0,0,0,0,0,0,0,0,12,3,0,0,0,1,0,0,1,0,-1,0,0,0,0,0,0,0,0,1
105,1,7,10,0,0,0,0,0,0,0,0,11,3,0,0,1,1,0,0,1,0,0,1,0,0,0,0,0,0,0,1
67,2,6,0,0,0,0,0,0,0,0,0,13,3,0,0,1,0,0,0,0,0,0,0,0,0,0,0,0,0,0,1
101,1,5,8,0,0,0,0,0,0,0,0,17,3,0,0,1,0,0,0,0,0,0,0,0,0,0,0,0,0,0,1
60,3,3,3,0,0,0,0,0,0,0,1,12,3,0,0,0,1,0,0,1,0,-1,0,0,0,0,0,0,0,0,1
17,1,0,0,0,0,0,0,0,0,0,0,17,3,0,0,0,0,0,0,0,0,-1,0,0,0,0,0,0,0,0,1
70,1,2,7,0,0,0,0,0,0,0,0,13,3,0,0,1,0,0,0,0,0,-1,0,0,0,0,0,0,0,0,1
34,2,1,3,0,0,0,0,0,0,0,0,10,3,0,0,0,0,0,0,0,0,-1,0,0,0,0,0,0,0,0,1
20,1,0,1,0,0,0,0,0,0,0,0,20,6,0,0,0,0,0,0,0,0,-1,0,0,0,0,0,0,0,0,1
20,1,0,0,0,0,0,0,0,0,0,0,20,3,0,0,0,0,0,0,0,0,-1,0,0,0,0,0,0,0,0,1
29,2,3,0,0,0,0,0,0,0,0,1,11,2,0,0,1,0,0,0,0,0,-1,0,0,0,0,0,0,0,0,1
31,1,3,0,0,0,0,0,0,0,0,0,17,3,0,0,0,0,0,0,0,0,0,0,0,0,0,0,0,0,0,1
86,1,5,6,0,0,0,0,0,0,0,0,17,3,0,0,1,0,0,0,0,0,0,0,0,0,0,0,0,0,0,1
39,3,1,0,0,0,0,0,0,0,0,1,19,3,0,0,0,1,0,0,0,0,-1,0,0,0,0,0,0,1,0,1
48,3,3,0,0,0,0,0,0,0,0,1,19,3,0,0,0,0,0,0,0,0,-1,0,0,0,0,0,0,0,0,1
63,4,4,0,0,0,0,0,0,0,0,2,24,2,0,0,0,0,0,0,0,0,0,0,0,0,0,0,0,0,0,1
76,3,2,0,0,0,0,0,0,0,0,1,17,3,0,0,0,1,0,0,0,0,-1,0,0,0,0,0,0,1,0,1
93,1,4,7,0,0,0,0,0,0,0,0,12,3,0,0,1,0,0,0,0,0,-1,0,0,0,0,0,0,0,0,1
24,2,2,0,0,0,0,0,0,0,0,1,10,3,0,0,0,0,0,0,0,0,-1,0,0,0,0,0,0,0,0,1
41,1,4,0,0,0,0,0,0,0,0,0,7,3,0,0,0,0,0,0,0,0,-1,0,0,0,0,0,0,0,0,1
39,2,4,0,0,0,0,0,0,0,0,0,13,3,0,0,0,0,0,0,0,0,-1,0,0,0,0,0,0,0,0,1
38,2,2,0,0,0,0,0,0,0,0,1,16,3,0,0,0,0,0,0,0,0,-1,0,0,0,0,0,0,0,0,1
56,3,3,2,0,0,0,0,0,0,0,1,39,2,0,0,0,0,0,0,0,0,0,0,0,0,0,0,0,0,0,1
35,2,2,0,0,0,0,0,0,0,0,1,16,3,0,0,0,0,0,0,0,0,-1,0,0,0,0,0,0,0,0,1
68,2,1,8,0,0,0,0,0,0,0,0,15,3,0,0,0,0,0,0,0,0,-1,0,0,0,0,0,0,0,0,1
185,4,3,12,0,0,0,0,0,0,0,2,20,2,0,0,1,5,0,0,1,0,0,0,0,0,0,0,0,0,0,1
124,1,5,7,0,0,0,0,0,0,0,0,15,3,0,0,1,3,0,0,1,0,0,0,0,0,0,0,0,0,0,1
19,1,0,0,0,0,0,0,0,0,0,0,19,3,0,0,0,0,0,0,0,0,-1,0,0,0,0,0,0,0,0,1
57,2,3,1,0,0,0,0,0,0,0,0,18,3,0,0,1,0,0,0,0,0,-1,0,0,0,0,0,0,0,0,1
78,2,4,6,0,0,0,0,0,0,0,1,18,3,0,0,1,0,0,0,0,0,-1,0,0,0,0,0,0,0,0,1
53,2,2,0,0,0,0,0,0,0,0,0,15,3,0,0,0,0,0,0,0,0,-1,0,0,0,0,0,0,0,0,1
90,4,3,0,0,0,0,0,0,0,0,2,24,2,0,0,0,5,0,0,1,0,0,0,0,0,0,0,0,0,0,1
37,2,2,0,0,0,0,0,0,0,0,1,30,3,0,0,1,0,0,0,0,0,0,0,0,0,0,0,0,0,0,1
42,3,2,0,0,0,0,0,0,0,0,1,22,3,0,0,0,0,0,0,0,0,-1,0,0,0,0,0,0,0,0,1
80,3,3,5,0,0,0,0,0,0,0,1,31,3,0,0,1,0,0,0,0,0,-1,0,0,0,0,0,0,0,0,1
18,1,0,0,0,0,0,0,0,0,0,0,18,3,0,0,0,0,0,0,0,0,-1,0,0,0,0,0,0,0,0,1
58,2,4,1,0,0,0,0,0,0,0,1,18,3,0,0,1,0,0,0,0,0,-1,0,0,0,0,0,0,0,0,1
51,2,2,0,0,0,0,0,0,0,0,1,20,3,0,0,0,1,0,0,1,0,-1,0,0,0,0,0,0,0,0,1
40,3,3,1,0,0,0,0,0,0,0,1,23,3,0,0,0,0,0,0,0,0,0,0,0,0,0,0,0,0,0,1
87,2,4,0,0,0,0,0,0,0,0,0,19,3,0,0,1,0,0,0,0,0,-1,0,0,0,0,0,0,0,0,1
18,1,1,0,0,0,0,0,0,0,0,0,9,3,0,0,1,0,0,0,0,0,-1,0,0,0,0,0,0,0,0,1
56,2,2,0,0,0,0,0,0,0,0,1,20,3,0,0,0,0,0,0,0,0,-1,0,0,0,0,0,0,0,0,1
40,2,3,0,0,0,0,0,0,0,0,0,13,3,0,0,0,0,0,0,0,0,-1,0,0,0,0,0,0,0,0,1
104,2,5,0,0,0,0,0,0,0,0,0,12,3,0,0,1,1,0,0,1,0,0,0,0,0,0,0,0,0,0,1
119,5,6,10,0,0,0,0,0,0,0,2,19,2,0,0,1,0,0,0,0,0,0,0,0,0,0,0,0,0,0,1
21,1,1,0,0,0,0,0,0,0,0,0,15,3,0,0,0,0,0,0,0,0,-1,0,0,0,0,0,0,0,0,1
52,2,2,3,0,0,0,0,0,0,0,0,15,3,0,0,0,0,0,0,0,0,-1,0,0,0,0,0,0,0,0,1
32,1,2,0,0,0,0,0,0,0,0,0,13,3,0,0,0,0,0,0,0,0,-1,0,0,0,0,0,0,0,0,1
29,2,1,1,0,0,0,0,0,0,0,0,10,3,0,0,0,0,0,0,0,0,-1,0,0,0,0,0,0,0,0,1
78,2,5,3,0,0,0,0,0,0,0,1,24,3,0,0,0,0,0,0,0,0,0,0,0,0,0,0,0,0,0,1
64,3,3,0,0,0,0,0,0,0,0,1,29,2,0,0,0,1,0,0,1,0,0,0,0,0,0,0,0,0,0,1
28,2,1,0,0,0,0,0,0,0,0,1,17,2,0,0,0,0,0,0,0,0,-1,0,0,0,0,0,0,0,0,1
27,2,1,0,0,0,0,0,0,0,0,0,14,3,0,0,0,0,0,0,0,0,-1,0,0,0,0,0,0,0,0,1
18,1,0,0,0,0,0,0,0,0,0,0,18,3,0,0,0,0,0,0,0,0,-1,0,0,0,0,0,0,0,0,1
35,2,3,0,0,0,0,0,0,0,0,0,14,3,0,0,0,0,0,0,0,0,-1,0,0,0,0,0,0,0,0,1
95,1,1,0,0,0,0,0,0,0,0,0,10,3,0,0,1,5,0,0,1,0,-1,0,0,0,0,0,0,1,0,1
128,1,2,18,0,0,0,0,0,0,0,0,12,3,0,0,0,0,0,0,0,0,-1,0,0,0,0,0,0,0,0,1
43,1,2,0,0,0,0,0,0,0,0,0,17,3,0,0,0,0,0,0,0,0,-1,0,0,0,0,0,0,0,0,1
80,1,3,0,0,0,0,0,0,0,0,0,9,4,0,0,1,5,0,0,0,0,0,0,0,0,0,0,0,1,0,1
19,1,1,0,0,0,0,0,0,0,0,0,6,3,0,0,0,0,0,0,0,0,-1,0,0,0,0,0,0,0,0,1
31,1,1,0,0,0,0,0,0,0,0,0,11,3,0,0,0,1,0,0,1,0,-1,0,0,0,0,0,0,0,0,1
45,1,2,3,0,0,0,0,0,0,0,0,13,3,0,0,0,0,0,0,0,0,-1,0,0,0,0,0,0,0,0,1
89,1,3,0,0,0,0,0,0,0,0,0,9,4,0,0,1,5,0,0,0,0,0,0,0,0,0,0,0,1,0,1
51,2,2,3,0,0,0,0,0,0,0,0,14,3,0,0,0,0,0,0,0,0,-1,0,0,0,0,0,0,0,0,1
109,2,4,7,0,0,0,0,0,0,0,0,10,2,0,0,1,5,0,0,1,0,0,0,0,0,0,0,0,1,0,1
25,2,2,0,0,0,0,0,0,0,0,0,8,3,0,0,0,0,0,0,0,0,-1,0,0,0,0,0,0,0,0,1
63,2,2,2,0,0,0,0,0,0,0,1,22,3,0,0,0,0,0,0,0,0,-1,0,0,0,0,0,0,0,0,1
17,1,0,0,0,0,0,0,0,0,0,0,17,3,0,0,0,0,0,0,0,0,-1,0,0,0,0,0,0,0,0,1
21,1,0,1,0,0,0,0,0,0,0,0,21,3,0,0,0,0,0,0,0,0,-1,0,0,0,0,0,0,0,0,1
47,1,4,0,0,0,0,0,0,0,0,0,7,3,0,0,0,0,0,0,0,0,-1,0,0,0,0,0,0,0,0,1
38,2,1,0,0,0,0,0,0,0,0,1,20,3,0,0,0,0,0,0,0,0,-1,0,0,0,0,0,0,0,0,1
57,3,3,1,0,0,0,0,0,0,0,1,24,3,0,0,0,0,0,0,0,0,-1,0,0,0,0,0,0,0,0,1
75,2,3,0,0,0,0,0,0,0,0,0,12,3,0,0,0,5,0,0,1,0,0,0,0,0,0,0,0,0,0,1
53,2,1,0,0,0,0,0,0,0,0,1,27,3,0,0,0,0,0,0,0,0,-1,0,0,0,0,0,0,0,0,1
56,2,4,0,0,0,0,0,0,0,0,0,15,3,0,0,0,0,0,0,0,0,-1,0,0,0,0,0,0,0,0,1
